{
  "pass": false,
  "version": "1.0.0",
  "cycle": 4,
  "counts": {
    "pass": 5,
    "requires_ai": 4,
    "waiting": 4
  },
  "gatesPass": false,
  "mergeSafe": false,
  "nextRunAt": "2026-08-25T02:06:07.491Z",
  "aiAction": "state\\blocker-repair\\DESKTOP_AI_NEXT_ACTION.md",
  "blockers": {
    "durable-scheduler": {
      "id": "durable-scheduler",
      "status": "pass",
      "updatedAt": "2026-08-25T01:36:13.140Z",
      "firstSeenAt": "2026-08-25T01:36:13.140Z",
      "attempts": 0,
      "reason": "Task Scheduler every 15 minutes"
    },
    "toolchain-bootstrap": {
      "id": "toolchain-bootstrap",
      "status": "pass",
      "updatedAt": "2026-08-25T01:51:01.606Z",
      "firstSeenAt": "2026-08-25T01:38:31.809Z",
      "attempts": 0,
      "reason": "Existing bootstrap PASS"
    },
    "wasmtime": {
      "id": "wasmtime",
      "status": "requires_ai",
      "updatedAt": "2026-08-25T01:51:01.611Z",
      "firstSeenAt": "2026-08-25T01:38:31.814Z",
      "attempts": 0,
      "reason": "wasmtime unavailable after existing bootstrap: spawnSync wasmtime ENOENT"
    },
    "tlc": {
      "id": "tlc",
      "status": "requires_ai",
      "updatedAt": "2026-08-25T01:51:01.611Z",
      "firstSeenAt": "2026-08-25T01:38:31.814Z",
      "attempts": 0,
      "reason": "vendor/tla2tools.jar missing after existing bootstrap"
    },
    "native-cosign": {
      "id": "native-cosign",
      "status": "pass",
      "updatedAt": "2026-08-25T01:51:01.699Z",
      "firstSeenAt": "2026-08-25T01:40:32.228Z",
      "attempts": 1,
      "attempted": true,
      "reason": "Compiler:      gc\nPlatform:      windows/amd64"
    },
    "etw-ebpf-perf": {
      "id": "etw-ebpf-perf",
      "status": "pass",
      "updatedAt": "2026-08-25T01:51:07.347Z",
      "firstSeenAt": "2026-08-25T01:40:43.724Z",
      "attempts": 0,
      "reason": "Real Windows ETW/WPR capability evidence collected; eBPF/perf not falsely required on Windows"
    },
    "fresh-android-device": {
      "id": "fresh-android-device",
      "status": "waiting",
      "updatedAt": "2026-08-25T01:51:07.491Z",
      "firstSeenAt": "2026-08-25T01:40:43.875Z",
      "attempts": 0,
      "reason": "adb is not available or no physical Android evidence can be collected",
      "nextRunAt": "2026-08-25T02:06:07.491Z"
    },
    "fresh-ios-device": {
      "id": "fresh-ios-device",
      "status": "waiting",
      "updatedAt": "2026-08-25T01:51:07.638Z",
      "firstSeenAt": "2026-08-25T01:40:44.022Z",
      "attempts": 0,
      "reason": "No physical iOS probe available on win32; simulator/fake evidence is forbidden",
      "nextRunAt": "2026-08-25T02:06:07.638Z"
    },
    "remote-cas-peer": {
      "id": "remote-cas-peer",
      "status": "waiting",
      "updatedAt": "2026-08-25T01:51:07.639Z",
      "firstSeenAt": "2026-08-25T01:40:44.023Z",
      "attempts": 0,
      "reason": "WORLD_SERVER_REMOTE_CAS_URL/REMOTE_CAS_URL not configured; localhost is not accepted as remote evidence",
      "nextRunAt": "2026-08-25T02:06:07.639Z"
    },
    "fenced-migration": {
      "id": "fenced-migration",
      "status": "pass",
      "updatedAt": "2026-08-25T01:51:07.744Z",
      "firstSeenAt": "2026-08-25T01:40:44.144Z",
      "attempts": 0,
      "reason": "C:\\Program Files\\nodejs\\node.exe C:\\Users\\user\\Desktop\\World_server\\scripts\\migration-fencing-verifier.cjs PASS"
    },
    "local-gates": {
      "id": "local-gates",
      "status": "requires_ai",
      "updatedAt": "2026-08-25T01:51:54.689Z",
      "firstSeenAt": "2026-08-25T01:41:31.266Z",
      "attempts": 0,
      "reason": "0/6 gates PASS"
    },
    "vercel-deployment": {
      "id": "vercel-deployment",
      "status": "requires_ai",
      "updatedAt": "2026-08-25T01:51:55.335Z",
      "firstSeenAt": "2026-08-25T01:41:32.802Z",
      "attempts": 4,
      "attempted": true,
      "reason": "Vercel state=failure: Deployment has failed тАФ run this Vercel CLI command: npx vercel inspect dpl_8wpx3qKRsFqMPoAXzibk3SFKeXwF --logs",
      "deploymentId": "dpl_8wpx3qKRsFqMPoAXzibk3SFKeXwF",
      "targetUrl": "https://vercel.com/improve-world/world-server/8wpx3qKRsFqMPoAXzibk3SFKeXwF",
      "outputTail": "",
      "nextRunAt": null
    },
    "8h-long-soak": {
      "id": "8h-long-soak",
      "status": "waiting",
      "updatedAt": "2026-08-25T01:51:55.340Z",
      "firstSeenAt": "2026-08-25T01:41:32.806Z",
      "attempts": 0,
      "reason": "Long-soak will start only after deterministic local prerequisites are green",
      "nextRunAt": "2026-08-25T02:06:55.340Z"
    }
  }
}
[2026-08-25 04:53:41][UNIFIED] LOCK acquired C:\Users\user\Desktop\World_server\state\blocker-repair\unified.lock
[2026-08-25 04:53:41][UNIFIED] === UNIFIED TICK START quality_autoloop -> blocker-repair -> verification ===
[2026-08-25 04:53:41][UNIFIED] Step 1: quality_autoloop
[2026-08-25 04:53:41][UNIFIED]   autoloop: [2026-08-25 04:53:41] === AUTOLOOP TICK START ===
[2026-08-25 04:53:41][UNIFIED]   autoloop: [2026-08-25 04:53:41] localCount=108 localDigest=6775a559063525b6dfb9ef61181c7eb83c1a05fe5eea6e2180c83ea6185a5363 expected=6775a559063525b6dfb9ef61181c7eb83c1a05fe5eea6e2180c83ea6185a5363
[2026-08-25 04:53:41][UNIFIED]   autoloop: [2026-08-25 04:53:41] LOCAL 100% OK (108/108)
[2026-08-25 04:53:41][UNIFIED]   autoloop: [2026-08-25 04:53:41] commits ahead of master: 14 (need PR if >0)
[2026-08-25 04:53:42][UNIFIED]   autoloop: [2026-08-25 04:53:42] PLUGIN DISCOVER: node : node:fs:441
[2026-08-25 04:53:42][UNIFIED]   autoloop: C:\Users\user\AppData\Local\Temp\opencode\quality_autoloop.ps1:31 чэръ:10
[2026-08-25 04:53:42][UNIFIED]   autoloop: +   $plug= node "C:\Users\user\Desktop\World_server\scripts\discover-qu ...
[2026-08-25 04:53:42][UNIFIED]   autoloop: +          ~~~~~~~~~~~~~~~~~~~~~~~~~~~~~~~~~~~~~~~~~~~~~~~~~~~~~~~~~~~~
[2026-08-25 04:53:42][UNIFIED]   autoloop:     + CategoryInfo          : NotSpecified: (node:fs:441:String) [], RemoteException
[2026-08-25 04:53:42][UNIFIED]   autoloop:     + FullyQualifiedErrorId : NativeCommandError
[2026-08-25 04:53:42][UNIFIED]   autoloop:  
[2026-08-25 04:53:42][UNIFIED]   autoloop:     return binding.readFileUtf8(path, stringToFlags(options.flag));
[2026-08-25 04:53:42][UNIFIED]   autoloop:                    ^
[2026-08-25 04:53:42][UNIFIED]   autoloop: 
[2026-08-25 04:53:42][UNIFIED]   autoloop: Error: ENOENT: no such file or directory, open 'C:\Users\user\Documents\data\plugin-discovery-policy.json'
[2026-08-25 04:53:42][UNIFIED]   autoloop:     at Object.readFileSync (node:fs:441:20)
[2026-08-25 04:53:42][UNIFIED]   autoloop:     at Object.<anonymous> (C:\Users\user\Desktop\World_server\scripts\discover-quality-plugins.js:5:28)
[2026-08-25 04:53:42][UNIFIED]   autoloop:     at Module._compile (node:internal/modules/cjs/loader:1830:14)
[2026-08-25 04:53:42][UNIFIED]   autoloop:     at Object..js (node:internal/modules/cjs/loader:1961:10)
[2026-08-25 04:53:42][UNIFIED]   autoloop:     at Module.load (node:internal/modules/cjs/loader:1553:32)
[2026-08-25 04:53:42][UNIFIED]   autoloop:     at Module._load (node:internal/modules/cjs/loader:1355:12)
[2026-08-25 04:53:42][UNIFIED]   autoloop:     at wrapModuleLoad (node:internal/modules/cjs/loader:255:19)
[2026-08-25 04:53:42][UNIFIED]   autoloop:     at Module.executeUserEntryPoint [as runMain] (node:internal/modules/run_main:154:5)
[2026-08-25 04:53:42][UNIFIED]   autoloop:     at node:internal/main/run_main_module:33:47 {
[2026-08-25 04:53:42][UNIFIED]   autoloop:   errno: -4058,
[2026-08-25 04:53:42][UNIFIED]   autoloop:   code: 'ENOENT',
[2026-08-25 04:53:42][UNIFIED]   autoloop:   syscall: 'open',
[2026-08-25 04:53:42][UNIFIED]   autoloop:   path: 'C:\\Users\\user\\Documents\\data\\plugin-discovery-policy.json'
[2026-08-25 04:53:42][UNIFIED]   autoloop: }
[2026-08-25 04:53:42][UNIFIED]   autoloop: 
[2026-08-25 04:53:42][UNIFIED]   autoloop: Node.js v24.15.0
[2026-08-25 04:53:42][UNIFIED]   autoloop: 
[2026-08-25 04:53:42][UNIFIED]   autoloop: [2026-08-25 04:53:42] PLUGIN AUTO-WIRE tick done
[2026-08-25 04:53:42][UNIFIED]   autoloop: [2026-08-25 04:53:42] LOCAL honest 100% reached. Cloud checks need time - waiting.
[2026-08-25 04:53:43][UNIFIED] SKIP parallel run - lock busy C:\Users\user\Desktop\World_server\state\blocker-repair\unified.lock : ╚ёъы■ўхэшх яЁш т√чютх "Open" ё "4" рЁуєьхэЄрьш: "╧ЁюЎхёё эх ьюцхЄ яюыєўшЄ№ фюёЄєя ъ Їрщыє "C:\Users\user\Desktop\World_server\state\blocker-repair\unified.lock", Єръ ъръ ¤ЄюЄ Їрщы шёяюы№чєхЄё  фЁєушь яЁюЎхёёюь."
[2026-08-25 04:53:43][UNIFIED]   autoloop: [2026-08-25 04:53:43] No autoloop task found
[2026-08-25 04:53:43][UNIFIED]   autoloop: [2026-08-25 04:53:43] === AUTOLOOP TICK END - next tick in 15 min (keep running until honest 100%) ===
[2026-08-25 04:53:43][UNIFIED] Step 2: blocker-repair tick
[2026-08-25 04:54:34][UNIFIED]   blocker: {
[2026-08-25 04:54:34][UNIFIED]   blocker:   "pass": false,
[2026-08-25 04:54:34][UNIFIED]   blocker:   "version": "1.0.0",
[2026-08-25 04:54:34][UNIFIED]   blocker:   "cycle": 5,
[2026-08-25 04:54:34][UNIFIED]   blocker:   "counts": {
[2026-08-25 04:54:34][UNIFIED]   blocker:     "pass": 5,
[2026-08-25 04:54:34][UNIFIED]   blocker:     "requires_ai": 4,
[2026-08-25 04:54:34][UNIFIED]   blocker:     "waiting": 4
[2026-08-25 04:54:34][UNIFIED]   blocker:   },
[2026-08-25 04:54:34][UNIFIED]   blocker:   "gatesPass": false,
[2026-08-25 04:54:34][UNIFIED]   blocker:   "mergeSafe": false,
[2026-08-25 04:54:34][UNIFIED]   blocker:   "nextRunAt": "2026-08-25T02:08:49.478Z",
[2026-08-25 04:54:34][UNIFIED]   blocker:   "aiAction": "state\\blocker-repair\\DESKTOP_AI_NEXT_ACTION.md",
[2026-08-25 04:54:34][UNIFIED]   blocker:   "blockers": {
[2026-08-25 04:54:34][UNIFIED]   blocker:     "durable-scheduler": {
[2026-08-25 04:54:34][UNIFIED]   blocker:       "id": "durable-scheduler",
[2026-08-25 04:54:34][UNIFIED]   blocker:       "status": "pass",
[2026-08-25 04:54:34][UNIFIED]   blocker:       "updatedAt": "2026-08-25T01:36:13.140Z",
[2026-08-25 04:54:34][UNIFIED]   blocker:       "firstSeenAt": "2026-08-25T01:36:13.140Z",
[2026-08-25 04:54:34][UNIFIED]   blocker:       "attempts": 0,
[2026-08-25 04:54:34][UNIFIED]   blocker:       "reason": "Task Scheduler every 15 minutes"
[2026-08-25 04:54:34][UNIFIED]   blocker:     },
[2026-08-25 04:54:34][UNIFIED]   blocker:     "toolchain-bootstrap": {
[2026-08-25 04:54:34][UNIFIED]   blocker:       "id": "toolchain-bootstrap",
[2026-08-25 04:54:34][UNIFIED]   blocker:       "status": "pass",
[2026-08-25 04:54:34][UNIFIED]   blocker:       "updatedAt": "2026-08-25T01:53:43.581Z",
[2026-08-25 04:54:34][UNIFIED]   blocker:       "firstSeenAt": "2026-08-25T01:38:31.809Z",
[2026-08-25 04:54:34][UNIFIED]   blocker:       "attempts": 0,
[2026-08-25 04:54:34][UNIFIED]   blocker:       "reason": "Existing bootstrap PASS"
[2026-08-25 04:54:34][UNIFIED]   blocker:     },
[2026-08-25 04:54:34][UNIFIED]   blocker:     "wasmtime": {
[2026-08-25 04:54:34][UNIFIED]   blocker:       "id": "wasmtime",
[2026-08-25 04:54:34][UNIFIED]   blocker:       "status": "requires_ai",
[2026-08-25 04:54:34][UNIFIED]   blocker:       "updatedAt": "2026-08-25T01:53:43.586Z",
[2026-08-25 04:54:34][UNIFIED]   blocker:       "firstSeenAt": "2026-08-25T01:38:31.814Z",
[2026-08-25 04:54:34][UNIFIED]   blocker:       "attempts": 0,
[2026-08-25 04:54:34][UNIFIED]   blocker:       "reason": "wasmtime unavailable after existing bootstrap: spawnSync wasmtime ENOENT"
[2026-08-25 04:54:34][UNIFIED]   blocker:     },
[2026-08-25 04:54:34][UNIFIED]   blocker:     "tlc": {
[2026-08-25 04:54:34][UNIFIED]   blocker:       "id": "tlc",
[2026-08-25 04:54:34][UNIFIED]   blocker:       "status": "requires_ai",
[2026-08-25 04:54:34][UNIFIED]   blocker:       "updatedAt": "2026-08-25T01:53:43.586Z",
[2026-08-25 04:54:34][UNIFIED]   blocker:       "firstSeenAt": "2026-08-25T01:38:31.814Z",
[2026-08-25 04:54:34][UNIFIED]   blocker:       "attempts": 0,
[2026-08-25 04:54:34][UNIFIED]   blocker:       "reason": "vendor/tla2tools.jar missing after existing bootstrap"
[2026-08-25 04:54:34][UNIFIED]   blocker:     },
[2026-08-25 04:54:34][UNIFIED]   blocker:     "native-cosign": {
[2026-08-25 04:54:34][UNIFIED]   blocker:       "id": "native-cosign",
[2026-08-25 04:54:34][UNIFIED]   blocker:       "status": "pass",
[2026-08-25 04:54:34][UNIFIED]   blocker:       "updatedAt": "2026-08-25T01:53:43.685Z",
[2026-08-25 04:54:34][UNIFIED]   blocker:       "firstSeenAt": "2026-08-25T01:40:32.228Z",
[2026-08-25 04:54:34][UNIFIED]   blocker:       "attempts": 1,
[2026-08-25 04:54:34][UNIFIED]   blocker:       "attempted": true,
[2026-08-25 04:54:34][UNIFIED]   blocker:       "reason": "Compiler:      gc\nPlatform:      windows/amd64"
[2026-08-25 04:54:34][UNIFIED]   blocker:     },
[2026-08-25 04:54:34][UNIFIED]   blocker:     "etw-ebpf-perf": {
[2026-08-25 04:54:34][UNIFIED]   blocker:       "id": "etw-ebpf-perf",
[2026-08-25 04:54:34][UNIFIED]   blocker:       "status": "pass",
[2026-08-25 04:54:34][UNIFIED]   blocker:       "updatedAt": "2026-08-25T01:53:49.324Z",
[2026-08-25 04:54:34][UNIFIED]   blocker:       "firstSeenAt": "2026-08-25T01:40:43.724Z",
[2026-08-25 04:54:34][UNIFIED]   blocker:       "attempts": 0,
[2026-08-25 04:54:34][UNIFIED]   blocker:       "reason": "Real Windows ETW/WPR capability evidence collected; eBPF/perf not falsely required on Windows"
[2026-08-25 04:54:34][UNIFIED]   blocker:     },
[2026-08-25 04:54:34][UNIFIED]   blocker:     "fresh-android-device": {
[2026-08-25 04:54:34][UNIFIED]   blocker:       "id": "fresh-android-device",
[2026-08-25 04:54:34][UNIFIED]   blocker:       "status": "waiting",
[2026-08-25 04:54:34][UNIFIED]   blocker:       "updatedAt": "2026-08-25T01:53:49.478Z",
[2026-08-25 04:54:34][UNIFIED]   blocker:       "firstSeenAt": "2026-08-25T01:40:43.875Z",
[2026-08-25 04:54:34][UNIFIED]   blocker:       "attempts": 0,
[2026-08-25 04:54:34][UNIFIED]   blocker:       "reason": "adb is not available or no physical Android evidence can be collected",
[2026-08-25 04:54:34][UNIFIED]   blocker:       "nextRunAt": "2026-08-25T02:08:49.478Z"
[2026-08-25 04:54:34][UNIFIED]   blocker:     },
[2026-08-25 04:54:34][UNIFIED]   blocker:     "fresh-ios-device": {
[2026-08-25 04:54:34][UNIFIED]   blocker:       "id": "fresh-ios-device",
[2026-08-25 04:54:34][UNIFIED]   blocker:       "status": "waiting",
[2026-08-25 04:54:34][UNIFIED]   blocker:       "updatedAt": "2026-08-25T01:53:49.642Z",
[2026-08-25 04:54:34][UNIFIED]   blocker:       "firstSeenAt": "2026-08-25T01:40:44.022Z",
[2026-08-25 04:54:34][UNIFIED]   blocker:       "attempts": 0,
[2026-08-25 04:54:34][UNIFIED]   blocker:       "reason": "No physical iOS probe available on win32; simulator/fake evidence is forbidden",
[2026-08-25 04:54:34][UNIFIED]   blocker:       "nextRunAt": "2026-08-25T02:08:49.642Z"
[2026-08-25 04:54:34][UNIFIED]   blocker:     },
[2026-08-25 04:54:34][UNIFIED]   blocker:     "remote-cas-peer": {
[2026-08-25 04:54:34][UNIFIED]   blocker:       "id": "remote-cas-peer",
[2026-08-25 04:54:34][UNIFIED]   blocker:       "status": "waiting",
[2026-08-25 04:54:34][UNIFIED]   blocker:       "updatedAt": "2026-08-25T01:53:49.643Z",
[2026-08-25 04:54:34][UNIFIED]   blocker:       "firstSeenAt": "2026-08-25T01:40:44.023Z",
[2026-08-25 04:54:34][UNIFIED]   blocker:       "attempts": 0,
[2026-08-25 04:54:34][UNIFIED]   blocker:       "reason": "WORLD_SERVER_REMOTE_CAS_URL/REMOTE_CAS_URL not configured; localhost is not accepted as remote evidence",
[2026-08-25 04:54:34][UNIFIED]   blocker:       "nextRunAt": "2026-08-25T02:08:49.643Z"
[2026-08-25 04:54:34][UNIFIED]   blocker:     },
[2026-08-25 04:54:34][UNIFIED]   blocker:     "fenced-migration": {
[2026-08-25 04:54:34][UNIFIED]   blocker:       "id": "fenced-migration",
[2026-08-25 04:54:34][UNIFIED]   blocker:       "status": "pass",
[2026-08-25 04:54:34][UNIFIED]   blocker:       "updatedAt": "2026-08-25T01:53:49.748Z",
[2026-08-25 04:54:34][UNIFIED]   blocker:       "firstSeenAt": "2026-08-25T01:40:44.144Z",
[2026-08-25 04:54:34][UNIFIED]   blocker:       "attempts": 0,
[2026-08-25 04:54:34][UNIFIED]   blocker:       "reason": "C:\\Program Files\\nodejs\\node.exe C:\\Users\\user\\Desktop\\World_server\\scripts\\migration-fencing-verifier.cjs PASS"
[2026-08-25 04:54:34][UNIFIED]   blocker:     },
[2026-08-25 04:54:35][UNIFIED]   blocker:     "local-gates": {
[2026-08-25 04:54:35][UNIFIED]   blocker:       "id": "local-gates",
[2026-08-25 04:54:35][UNIFIED]   blocker:       "status": "requires_ai",
[2026-08-25 04:54:35][UNIFIED]   blocker:       "updatedAt": "2026-08-25T01:54:34.197Z",
[2026-08-25 04:54:35][UNIFIED]   blocker:       "firstSeenAt": "2026-08-25T01:41:31.266Z",
[2026-08-25 04:54:35][UNIFIED]   blocker:       "attempts": 0,
[2026-08-25 04:54:35][UNIFIED]   blocker:       "reason": "0/6 gates PASS"
[2026-08-25 04:54:35][UNIFIED]   blocker:     },
[2026-08-25 04:54:35][UNIFIED]   blocker:     "vercel-deployment": {
[2026-08-25 04:54:35][UNIFIED]   blocker:       "id": "vercel-deployment",
[2026-08-25 04:54:35][UNIFIED]   blocker:       "status": "requires_ai",
[2026-08-25 04:54:35][UNIFIED]   blocker:       "updatedAt": "2026-08-25T01:54:34.785Z",
[2026-08-25 04:54:35][UNIFIED]   blocker:       "firstSeenAt": "2026-08-25T01:41:32.802Z",
[2026-08-25 04:54:35][UNIFIED]   blocker:       "attempts": 5,
[2026-08-25 04:54:35][UNIFIED]   blocker:       "attempted": true,
[2026-08-25 04:54:35][UNIFIED]   blocker:       "reason": "Vercel state=failure: Deployment has failed Є└╘ run this Vercel CLI command: npx vercel inspect dpl_8wpx3qKRsFqMPoAXzibk3SFKeXwF --logs",
[2026-08-25 04:54:35][UNIFIED]   blocker:       "deploymentId": "dpl_8wpx3qKRsFqMPoAXzibk3SFKeXwF",
[2026-08-25 04:54:35][UNIFIED]   blocker:       "targetUrl": "https://vercel.com/improve-world/world-server/8wpx3qKRsFqMPoAXzibk3SFKeXwF",
[2026-08-25 04:54:35][UNIFIED]   blocker:       "outputTail": "",
[2026-08-25 04:54:35][UNIFIED]   blocker:       "nextRunAt": null
[2026-08-25 04:54:35][UNIFIED]   blocker:     },
[2026-08-25 04:54:35][UNIFIED]   blocker:     "8h-long-soak": {
[2026-08-25 04:54:35][UNIFIED]   blocker:       "id": "8h-long-soak",
[2026-08-25 04:54:35][UNIFIED]   blocker:       "status": "waiting",
[2026-08-25 04:54:35][UNIFIED]   blocker:       "updatedAt": "2026-08-25T01:54:34.790Z",
[2026-08-25 04:54:35][UNIFIED]   blocker:       "firstSeenAt": "2026-08-25T01:41:32.806Z",
[2026-08-25 04:54:35][UNIFIED]   blocker:       "attempts": 0,
[2026-08-25 04:54:35][UNIFIED]   blocker:       "reason": "Long-soak will start only after deterministic local prerequisites are green",
[2026-08-25 04:54:35][UNIFIED]   blocker:       "nextRunAt": "2026-08-25T02:09:34.789Z"
[2026-08-25 04:54:35][UNIFIED]   blocker:     }
[2026-08-25 04:54:35][UNIFIED]   blocker:   }
[2026-08-25 04:54:35][UNIFIED]   blocker: }
[2026-08-25 04:54:35][UNIFIED] Step 3: verification
[2026-08-25 04:54:35][UNIFIED]   verify: [CONTROL_PLANE] PASS toolchain-security
[2026-08-25 04:54:35][UNIFIED]   verify: [CONTROL_PLANE] PASS toolchain-health
[2026-08-25 04:54:35][UNIFIED]   verify: [CONTROL_PLANE] PASS telemetry
[2026-08-25 04:54:40][UNIFIED]   verify: [CONTROL_PLANE] FAIL snapshot:     at Module._load (node:internal/modules/cjs/loader:1355:12)
[2026-08-25 04:54:40][UNIFIED]   verify: [CONTROL_PLANE] PASS native-ast-dataflow
[2026-08-25 04:54:42][UNIFIED]   verify: [CONTROL_PLANE] PASS semantic-graph
[2026-08-25 04:54:42][UNIFIED]   verify: [CONTROL_PLANE] PASS change-impact
[2026-08-25 04:54:44][UNIFIED]   verify: [CONTROL_PLANE] PASS assets
[2026-08-25 04:54:44][UNIFIED]   verify: [CONTROL_PLANE] PASS project-directives
[2026-08-25 04:54:44][UNIFIED]   verify: [CONTROL_PLANE] PASS asset-ingestion-plan
[2026-08-25 04:54:44][UNIFIED]   verify: [CONTROL_PLANE] PASS technology-lock
[2026-08-25 04:54:45][UNIFIED]   verify: [CONTROL_PLANE] FAIL graphics-ratchet: [GRAPHICS_GUARD] FAIL protectedChanges=20 failed=20
[2026-08-25 04:54:46][UNIFIED]   verify: [CONTROL_PLANE] PASS audio-variation
[2026-08-25 04:54:46][UNIFIED]   verify: [CONTROL_PLANE] PASS gameplay-spatial-contract
[2026-08-25 04:54:46][UNIFIED]   verify: [CONTROL_PLANE] PASS desktop-ai-report-contract
[2026-08-25 04:54:46][UNIFIED]   verify: [CONTROL_PLANE] PASS queue
[2026-08-25 04:54:46][UNIFIED]   verify: [CONTROL_PLANE] PASS config-contract
[2026-08-25 04:54:46][UNIFIED]   verify: [CONTROL_PLANE] PASS feature-flags
[2026-08-25 04:54:46][UNIFIED]   verify: [CONTROL_PLANE] PASS wit-component-contract
[2026-08-25 04:54:47][UNIFIED]   verify: [CONTROL_PLANE] PASS adapter-sandbox
[2026-08-25 04:54:47][UNIFIED]   verify: [CONTROL_PLANE] PASS secure-update
[2026-08-25 04:54:51][UNIFIED]   verify: [CONTROL_PLANE] FAIL reproducible-build: Node.js v24.15.0
[2026-08-25 04:54:51][UNIFIED]   verify: [CONTROL_PLANE] PASS model-check
[2026-08-25 04:54:52][UNIFIED]   verify: [CONTROL_PLANE] PASS cas-peer-discovery
[2026-08-25 04:54:52][UNIFIED]   verify: [CONTROL_PLANE] PASS distributed-cas
[2026-08-25 04:54:52][UNIFIED]   verify: [CONTROL_PLANE] PASS device-lab
[2026-08-25 04:54:53][UNIFIED]   verify: [CONTROL_PLANE] PASS device-executor
[2026-08-25 04:54:53][UNIFIED]   verify: [CONTROL_PLANE] PASS wit-bindings
[2026-08-25 04:54:53][UNIFIED]   verify: [CONTROL_PLANE] PASS rekor-monitor
[2026-08-25 04:54:54][UNIFIED]   verify: [CONTROL_PLANE] PASS technology-consensus
[2026-08-25 04:54:54][UNIFIED]   verify: [CONTROL_PLANE] PASS sbom
[2026-08-25 04:55:00][UNIFIED]   verify: [CONTROL_PLANE] PASS legacy-evidence-factory
[2026-08-25 04:55:00][UNIFIED]   verify: [CONTROL_PLANE] PASS slo-error-budget
[2026-08-25 04:55:00][UNIFIED]   verify: [CONTROL_PLANE] PASS db-migration-coordinator
[2026-08-25 04:55:00][UNIFIED]   verify: [CONTROL_PLANE] PASS asset-delta
[2026-08-25 04:55:00][UNIFIED]   verify: [CONTROL_PLANE] FAIL integration-gate: [SYSTEM_INTEGRATION_V7] 99% FAIL 126/127 leader-lease-migration
[2026-08-25 04:55:04][UNIFIED]   verify: [CONTROL_PLANE] PASS disaster-recovery-verify
[2026-08-25 04:55:04][UNIFIED]   verify: [CONTROL_PLANE] PASS provenance
[2026-08-25 04:55:04][UNIFIED]   verify: [CONTROL_PLANE] PASS supply-chain-signing
[2026-08-25 04:55:05][UNIFIED]   verify: [CONTROL_PLANE] FAIL policy: warning: in the working copy of 'package.json', LF will be replaced by CRLF the next time Git touches it
[2026-08-25 04:55:06][UNIFIED]   verify: [CONTROL_PLANE] PASS chaos-safety
[2026-08-25 04:55:06][UNIFIED]   verify: [CONTROL_PLANE] PASS orchestrator-monitor-lifecycle
[2026-08-25 04:55:06][UNIFIED]   verify: [CONTROL_PLANE] PASS orchestrator-patch-safety
[2026-08-25 04:55:06][UNIFIED]   verify: [CONTROL_PLANE] PASS orchestrator-minimal-repro
[2026-08-25 04:55:06][UNIFIED]   verify: [CONTROL_PLANE] PASS orchestrator-invariant-model
[2026-08-25 04:55:07][UNIFIED]   verify: [CONTROL_PLANE] PASS orchestrator-supervisor-negative
[2026-08-25 04:55:07][UNIFIED]   verify: [CONTROL_PLANE] PASS orchestrator-supervisor
[2026-08-25 04:55:07][UNIFIED]   verify: [CONTROL_PLANE] PASS capability-scheduler
[2026-08-25 04:55:07][UNIFIED]   verify: [CONTROL_PLANE] PASS cas-redundancy
[2026-08-25 04:55:07][UNIFIED]   verify: [CONTROL_PLANE] PASS device-worker
[2026-08-25 04:55:07][UNIFIED]   verify: [CONTROL_PLANE] PASS record-replay
[2026-08-25 04:55:07][UNIFIED]   verify: [CONTROL_PLANE] PASS dependency-security
[2026-08-25 04:55:08][UNIFIED]   verify: [CONTROL_PLANE] PASS transactional-deploy
[2026-08-25 04:55:08][UNIFIED]   verify: [CONTROL_PLANE] PASS enhancement-orchestrator
[2026-08-25 04:55:08][UNIFIED]   verify: [CONTROL_PLANE] PASS leader-lease-health
[2026-08-25 04:55:08][UNIFIED]   verify: [CONTROL_PLANE] PASS leader-lease-selftest
[2026-08-25 04:55:08][UNIFIED]   verify: [CONTROL_PLANE] PASS production-safety-health
[2026-08-25 04:55:08][UNIFIED]   verify: [CONTROL_PLANE] PASS production-safety-selftest
[2026-08-25 04:55:08][UNIFIED]   verify: [CONTROL_PLANE] PASS soak-chaos
[2026-08-25 04:55:08][UNIFIED]   verify: [CONTROL_PLANE] PASS crash-diagnostics
[2026-08-25 04:55:09][UNIFIED]   verify: [CONTROL_PLANE] PASS crash-diagnostics-selftest
[2026-08-25 04:55:09][UNIFIED]   verify: [CONTROL_PLANE] PASS causal-debugger
[2026-08-25 04:55:09][UNIFIED]   verify: [CONTROL_PLANE] PASS cas-replication-controller
[2026-08-25 04:55:09][UNIFIED]   verify: [CONTROL_PLANE] PASS physical-device-fleet
[2026-08-25 04:55:10][UNIFIED]   verify: [CONTROL_PLANE] PASS production-slo-autopilot
[2026-08-25 04:55:10][UNIFIED]   verify: [CONTROL_PLANE] PASS migration-fencing-runtime
[2026-08-25 04:55:10][UNIFIED]   verify: [CONTROL_PLANE] PASS long-soak-smoke
[2026-08-25 04:55:11][UNIFIED]   verify: [CONTROL_PLANE] PASS native-causal-collector
[2026-08-25 04:55:14][UNIFIED]   verify: [CONTROL_PLANE] FAIL selftest: Node.js v24.15.0
[2026-08-25 04:55:16][UNIFIED]   verify: [CONTROL_PLANE] FAIL honest-100-functions: [HONEST_100] FAIL certified=70/76 discovered=146
[2026-08-25 04:55:16][UNIFIED]   verify: [CONTROL_PLANE] PASS function-contract-coverage
[2026-08-25 04:55:17][UNIFIED]   verify: [CONTROL_PLANE] FAIL monotonic-100-guard:     at node:internal/main/run_main_module:33:47
[2026-08-25 04:55:17][UNIFIED]   verify: [CONTROL_PLANE] FAIL orchestrator-continuity: [ORCHESTRATOR_CONTINUITY] FAIL 5/8
[2026-08-25 04:55:18][UNIFIED]   verify: [CONTROL_PLANE] FAIL release-promotion: [RELEASE_PROMOTION] BLOCK decision=BLOCK
[2026-08-25 04:55:19][UNIFIED]   verify: [CONTROL_PLANE] FAIL readiness: [READINESS_V75] structural=84% operational=77% evidence=87% native=8%
[2026-08-25 04:55:19][UNIFIED]   verify: [CONTROL_PLANE] FAIL 64/75 trace=e6c88c4f3ee94b22178c4dce026c5994
[2026-08-25 04:55:19][UNIFIED] === UNIFIED TICK END ===
[2026-08-25 04:55:19][UNIFIED] state nextRunAt=2026-08-25T02:08:49.478Z blockers pass= requires_ai= waiting= mergeSafe=False
[2026-08-25 04:55:19][UNIFIED] LOCK released
[2026-08-25 04:56:16][UNIFIED] LOCK acquired C:\Users\user\Desktop\World_server\state\blocker-repair\unified.lock
[2026-08-25 04:56:16][UNIFIED] === UNIFIED TICK START quality_autoloop -> blocker-repair -> verification ===
[2026-08-25 04:56:16][UNIFIED] Step 1: quality_autoloop
[2026-08-25 04:56:16][UNIFIED]   autoloop: [2026-08-25 04:56:16] === AUTOLOOP TICK START ===
[2026-08-25 04:56:16][UNIFIED]   autoloop: [2026-08-25 04:56:16] localCount=108 localDigest=6775a559063525b6dfb9ef61181c7eb83c1a05fe5eea6e2180c83ea6185a5363 expected=6775a559063525b6dfb9ef61181c7eb83c1a05fe5eea6e2180c83ea6185a5363
[2026-08-25 04:56:16][UNIFIED]   autoloop: [2026-08-25 04:56:16] LOCAL 100% OK (108/108)
[2026-08-25 04:56:16][UNIFIED]   autoloop: [2026-08-25 04:56:16] commits ahead of master: 14 (need PR if >0)
[2026-08-25 04:56:16][UNIFIED]   autoloop: [2026-08-25 04:56:16] PLUGIN DISCOVER: node : node:fs:441
[2026-08-25 04:56:16][UNIFIED]   autoloop: C:\Users\user\AppData\Local\Temp\opencode\quality_autoloop.ps1:31 чэръ:10
[2026-08-25 04:56:16][UNIFIED]   autoloop: +   $plug= node "C:\Users\user\Desktop\World_server\scripts\discover-qu ...
[2026-08-25 04:56:16][UNIFIED]   autoloop: +          ~~~~~~~~~~~~~~~~~~~~~~~~~~~~~~~~~~~~~~~~~~~~~~~~~~~~~~~~~~~~
[2026-08-25 04:56:16][UNIFIED]   autoloop:     + CategoryInfo          : NotSpecified: (node:fs:441:String) [], RemoteException
[2026-08-25 04:56:17][UNIFIED]   autoloop:     + FullyQualifiedErrorId : NativeCommandError
[2026-08-25 04:56:17][UNIFIED]   autoloop:  
[2026-08-25 04:56:17][UNIFIED]   autoloop:     return binding.readFileUtf8(path, stringToFlags(options.flag));
[2026-08-25 04:56:17][UNIFIED]   autoloop:                    ^
[2026-08-25 04:56:17][UNIFIED]   autoloop: 
[2026-08-25 04:56:17][UNIFIED]   autoloop: Error: ENOENT: no such file or directory, open 'C:\Users\user\Desktop\ж-жмж-ж-T╦\data\plugin-discovery-policy.json'
[2026-08-25 04:56:17][UNIFIED]   autoloop:     at Object.readFileSync (node:fs:441:20)
[2026-08-25 04:56:17][UNIFIED]   autoloop:     at Object.<anonymous> (C:\Users\user\Desktop\World_server\scripts\discover-quality-plugins.js:5:28)
[2026-08-25 04:56:17][UNIFIED]   autoloop:     at Module._compile (node:internal/modules/cjs/loader:1830:14)
[2026-08-25 04:56:17][UNIFIED]   autoloop:     at Object..js (node:internal/modules/cjs/loader:1961:10)
[2026-08-25 04:56:17][UNIFIED]   autoloop:     at Module.load (node:internal/modules/cjs/loader:1553:32)
[2026-08-25 04:56:17][UNIFIED]   autoloop:     at Module._load (node:internal/modules/cjs/loader:1355:12)
[2026-08-25 04:56:17][UNIFIED]   autoloop:     at wrapModuleLoad (node:internal/modules/cjs/loader:255:19)
[2026-08-25 04:56:17][UNIFIED]   autoloop:     at Module.executeUserEntryPoint [as runMain] (node:internal/modules/run_main:154:5)
[2026-08-25 04:56:17][UNIFIED]   autoloop:     at node:internal/main/run_main_module:33:47 {
[2026-08-25 04:56:17][UNIFIED]   autoloop:   errno: -4058,
[2026-08-25 04:56:17][UNIFIED]   autoloop:   code: 'ENOENT',
[2026-08-25 04:56:17][UNIFIED]   autoloop:   syscall: 'open',
[2026-08-25 04:56:17][UNIFIED]   autoloop:   path: 'C:\\Users\\user\\Desktop\\ж-жмж-ж-T╦\\data\\plugin-discovery-policy.json'
[2026-08-25 04:56:17][UNIFIED]   autoloop: }
[2026-08-25 04:56:17][UNIFIED]   autoloop: 
[2026-08-25 04:56:17][UNIFIED]   autoloop: Node.js v24.15.0
[2026-08-25 04:56:17][UNIFIED]   autoloop: 
[2026-08-25 04:56:17][UNIFIED]   autoloop: [2026-08-25 04:56:17] PLUGIN AUTO-WIRE tick done
[2026-08-25 04:56:17][UNIFIED]   autoloop: [2026-08-25 04:56:17] LOCAL honest 100% reached. Cloud checks need time - waiting.
[2026-08-25 04:56:18][UNIFIED]   autoloop: [2026-08-25 04:56:18] No autoloop task found
[2026-08-25 04:56:18][UNIFIED]   autoloop: [2026-08-25 04:56:18] === AUTOLOOP TICK END - next tick in 15 min (keep running until honest 100%) ===
[2026-08-25 04:56:18][UNIFIED] Step 2: blocker-repair tick
[2026-08-25 04:57:10][UNIFIED]   blocker: {
[2026-08-25 04:57:10][UNIFIED]   blocker:   "pass": false,
[2026-08-25 04:57:10][UNIFIED]   blocker:   "version": "1.0.0",
[2026-08-25 04:57:10][UNIFIED]   blocker:   "cycle": 6,
[2026-08-25 04:57:10][UNIFIED]   blocker:   "counts": {
[2026-08-25 04:57:10][UNIFIED]   blocker:     "pass": 5,
[2026-08-25 04:57:10][UNIFIED]   blocker:     "requires_ai": 4,
[2026-08-25 04:57:10][UNIFIED]   blocker:     "waiting": 4
[2026-08-25 04:57:10][UNIFIED]   blocker:   },
[2026-08-25 04:57:10][UNIFIED]   blocker:   "gatesPass": false,
[2026-08-25 04:57:10][UNIFIED]   blocker:   "mergeSafe": false,
[2026-08-25 04:57:10][UNIFIED]   blocker:   "nextRunAt": "2026-08-25T02:11:24.578Z",
[2026-08-25 04:57:10][UNIFIED]   blocker:   "aiAction": "state\\blocker-repair\\DESKTOP_AI_NEXT_ACTION.md",
[2026-08-25 04:57:10][UNIFIED]   blocker:   "blockers": {
[2026-08-25 04:57:10][UNIFIED]   blocker:     "durable-scheduler": {
[2026-08-25 04:57:10][UNIFIED]   blocker:       "id": "durable-scheduler",
[2026-08-25 04:57:10][UNIFIED]   blocker:       "status": "pass",
[2026-08-25 04:57:10][UNIFIED]   blocker:       "updatedAt": "2026-08-25T01:36:13.140Z",
[2026-08-25 04:57:10][UNIFIED]   blocker:       "firstSeenAt": "2026-08-25T01:36:13.140Z",
[2026-08-25 04:57:10][UNIFIED]   blocker:       "attempts": 0,
[2026-08-25 04:57:10][UNIFIED]   blocker:       "reason": "Task Scheduler every 15 minutes"
[2026-08-25 04:57:10][UNIFIED]   blocker:     },
[2026-08-25 04:57:10][UNIFIED]   blocker:     "toolchain-bootstrap": {
[2026-08-25 04:57:10][UNIFIED]   blocker:       "id": "toolchain-bootstrap",
[2026-08-25 04:57:10][UNIFIED]   blocker:       "status": "pass",
[2026-08-25 04:57:10][UNIFIED]   blocker:       "updatedAt": "2026-08-25T01:56:18.508Z",
[2026-08-25 04:57:10][UNIFIED]   blocker:       "firstSeenAt": "2026-08-25T01:38:31.809Z",
[2026-08-25 04:57:10][UNIFIED]   blocker:       "attempts": 0,
[2026-08-25 04:57:10][UNIFIED]   blocker:       "reason": "Existing bootstrap PASS"
[2026-08-25 04:57:10][UNIFIED]   blocker:     },
[2026-08-25 04:57:10][UNIFIED]   blocker:     "wasmtime": {
[2026-08-25 04:57:10][UNIFIED]   blocker:       "id": "wasmtime",
[2026-08-25 04:57:10][UNIFIED]   blocker:       "status": "requires_ai",
[2026-08-25 04:57:10][UNIFIED]   blocker:       "updatedAt": "2026-08-25T01:56:18.513Z",
[2026-08-25 04:57:10][UNIFIED]   blocker:       "firstSeenAt": "2026-08-25T01:38:31.814Z",
[2026-08-25 04:57:10][UNIFIED]   blocker:       "attempts": 0,
[2026-08-25 04:57:10][UNIFIED]   blocker:       "reason": "wasmtime unavailable after existing bootstrap: spawnSync wasmtime ENOENT"
[2026-08-25 04:57:10][UNIFIED]   blocker:     },
[2026-08-25 04:57:10][UNIFIED]   blocker:     "tlc": {
[2026-08-25 04:57:10][UNIFIED]   blocker:       "id": "tlc",
[2026-08-25 04:57:10][UNIFIED]   blocker:       "status": "requires_ai",
[2026-08-25 04:57:10][UNIFIED]   blocker:       "updatedAt": "2026-08-25T01:56:18.513Z",
[2026-08-25 04:57:10][UNIFIED]   blocker:       "firstSeenAt": "2026-08-25T01:38:31.814Z",
[2026-08-25 04:57:10][UNIFIED]   blocker:       "attempts": 0,
[2026-08-25 04:57:10][UNIFIED]   blocker:       "reason": "vendor/tla2tools.jar missing after existing bootstrap"
[2026-08-25 04:57:10][UNIFIED]   blocker:     },
[2026-08-25 04:57:10][UNIFIED]   blocker:     "native-cosign": {
[2026-08-25 04:57:10][UNIFIED]   blocker:       "id": "native-cosign",
[2026-08-25 04:57:10][UNIFIED]   blocker:       "status": "pass",
[2026-08-25 04:57:10][UNIFIED]   blocker:       "updatedAt": "2026-08-25T01:56:18.609Z",
[2026-08-25 04:57:10][UNIFIED]   blocker:       "firstSeenAt": "2026-08-25T01:40:32.228Z",
[2026-08-25 04:57:10][UNIFIED]   blocker:       "attempts": 1,
[2026-08-25 04:57:10][UNIFIED]   blocker:       "attempted": true,
[2026-08-25 04:57:10][UNIFIED]   blocker:       "reason": "Compiler:      gc\nPlatform:      windows/amd64"
[2026-08-25 04:57:10][UNIFIED]   blocker:     },
[2026-08-25 04:57:10][UNIFIED]   blocker:     "etw-ebpf-perf": {
[2026-08-25 04:57:10][UNIFIED]   blocker:       "id": "etw-ebpf-perf",
[2026-08-25 04:57:10][UNIFIED]   blocker:       "status": "pass",
[2026-08-25 04:57:10][UNIFIED]   blocker:       "updatedAt": "2026-08-25T01:56:24.401Z",
[2026-08-25 04:57:10][UNIFIED]   blocker:       "firstSeenAt": "2026-08-25T01:40:43.724Z",
[2026-08-25 04:57:10][UNIFIED]   blocker:       "attempts": 0,
[2026-08-25 04:57:10][UNIFIED]   blocker:       "reason": "Real Windows ETW/WPR capability evidence collected; eBPF/perf not falsely required on Windows"
[2026-08-25 04:57:10][UNIFIED]   blocker:     },
[2026-08-25 04:57:10][UNIFIED]   blocker:     "fresh-android-device": {
[2026-08-25 04:57:10][UNIFIED]   blocker:       "id": "fresh-android-device",
[2026-08-25 04:57:10][UNIFIED]   blocker:       "status": "waiting",
[2026-08-25 04:57:10][UNIFIED]   blocker:       "updatedAt": "2026-08-25T01:56:24.578Z",
[2026-08-25 04:57:10][UNIFIED]   blocker:       "firstSeenAt": "2026-08-25T01:40:43.875Z",
[2026-08-25 04:57:10][UNIFIED]   blocker:       "attempts": 0,
[2026-08-25 04:57:10][UNIFIED]   blocker:       "reason": "adb is not available or no physical Android evidence can be collected",
[2026-08-25 04:57:10][UNIFIED]   blocker:       "nextRunAt": "2026-08-25T02:11:24.578Z"
[2026-08-25 04:57:10][UNIFIED]   blocker:     },
[2026-08-25 04:57:10][UNIFIED]   blocker:     "fresh-ios-device": {
[2026-08-25 04:57:10][UNIFIED]   blocker:       "id": "fresh-ios-device",
[2026-08-25 04:57:10][UNIFIED]   blocker:       "status": "waiting",
[2026-08-25 04:57:10][UNIFIED]   blocker:       "updatedAt": "2026-08-25T01:56:24.737Z",
[2026-08-25 04:57:10][UNIFIED]   blocker:       "firstSeenAt": "2026-08-25T01:40:44.022Z",
[2026-08-25 04:57:10][UNIFIED]   blocker:       "attempts": 0,
[2026-08-25 04:57:10][UNIFIED]   blocker:       "reason": "No physical iOS probe available on win32; simulator/fake evidence is forbidden",
[2026-08-25 04:57:10][UNIFIED]   blocker:       "nextRunAt": "2026-08-25T02:11:24.737Z"
[2026-08-25 04:57:10][UNIFIED]   blocker:     },
[2026-08-25 04:57:10][UNIFIED]   blocker:     "remote-cas-peer": {
[2026-08-25 04:57:10][UNIFIED]   blocker:       "id": "remote-cas-peer",
[2026-08-25 04:57:10][UNIFIED]   blocker:       "status": "waiting",
[2026-08-25 04:57:10][UNIFIED]   blocker:       "updatedAt": "2026-08-25T01:56:24.739Z",
[2026-08-25 04:57:10][UNIFIED]   blocker:       "firstSeenAt": "2026-08-25T01:40:44.023Z",
[2026-08-25 04:57:10][UNIFIED]   blocker:       "attempts": 0,
[2026-08-25 04:57:10][UNIFIED]   blocker:       "reason": "WORLD_SERVER_REMOTE_CAS_URL/REMOTE_CAS_URL not configured; localhost is not accepted as remote evidence",
[2026-08-25 04:57:10][UNIFIED]   blocker:       "nextRunAt": "2026-08-25T02:11:24.739Z"
[2026-08-25 04:57:10][UNIFIED]   blocker:     },
[2026-08-25 04:57:10][UNIFIED]   blocker:     "fenced-migration": {
[2026-08-25 04:57:10][UNIFIED]   blocker:       "id": "fenced-migration",
[2026-08-25 04:57:10][UNIFIED]   blocker:       "status": "pass",
[2026-08-25 04:57:10][UNIFIED]   blocker:       "updatedAt": "2026-08-25T01:56:24.851Z",
[2026-08-25 04:57:10][UNIFIED]   blocker:       "firstSeenAt": "2026-08-25T01:40:44.144Z",
[2026-08-25 04:57:10][UNIFIED]   blocker:       "attempts": 0,
[2026-08-25 04:57:10][UNIFIED]   blocker:       "reason": "C:\\Program Files\\nodejs\\node.exe C:\\Users\\user\\Desktop\\World_server\\scripts\\migration-fencing-verifier.cjs PASS"
[2026-08-25 04:57:10][UNIFIED]   blocker:     },
[2026-08-25 04:57:10][UNIFIED]   blocker:     "local-gates": {
[2026-08-25 04:57:10][UNIFIED]   blocker:       "id": "local-gates",
[2026-08-25 04:57:10][UNIFIED]   blocker:       "status": "requires_ai",
[2026-08-25 04:57:10][UNIFIED]   blocker:       "updatedAt": "2026-08-25T01:57:09.579Z",
[2026-08-25 04:57:10][UNIFIED]   blocker:       "firstSeenAt": "2026-08-25T01:41:31.266Z",
[2026-08-25 04:57:10][UNIFIED]   blocker:       "attempts": 0,
[2026-08-25 04:57:10][UNIFIED]   blocker:       "reason": "0/6 gates PASS"
[2026-08-25 04:57:10][UNIFIED]   blocker:     },
[2026-08-25 04:57:10][UNIFIED]   blocker:     "vercel-deployment": {
[2026-08-25 04:57:10][UNIFIED]   blocker:       "id": "vercel-deployment",
[2026-08-25 04:57:10][UNIFIED]   blocker:       "status": "requires_ai",
[2026-08-25 04:57:10][UNIFIED]   blocker:       "updatedAt": "2026-08-25T01:57:10.167Z",
[2026-08-25 04:57:10][UNIFIED]   blocker:       "firstSeenAt": "2026-08-25T01:41:32.802Z",
[2026-08-25 04:57:10][UNIFIED]   blocker:       "attempts": 6,
[2026-08-25 04:57:10][UNIFIED]   blocker:       "attempted": true,
[2026-08-25 04:57:10][UNIFIED]   blocker:       "reason": "Vercel state=failure: Deployment has failed Є└╘ run this Vercel CLI command: npx vercel inspect dpl_8wpx3qKRsFqMPoAXzibk3SFKeXwF --logs",
[2026-08-25 04:57:10][UNIFIED]   blocker:       "deploymentId": "dpl_8wpx3qKRsFqMPoAXzibk3SFKeXwF",
[2026-08-25 04:57:10][UNIFIED]   blocker:       "targetUrl": "https://vercel.com/improve-world/world-server/8wpx3qKRsFqMPoAXzibk3SFKeXwF",
[2026-08-25 04:57:10][UNIFIED]   blocker:       "outputTail": "",
[2026-08-25 04:57:10][UNIFIED]   blocker:       "nextRunAt": null
[2026-08-25 04:57:10][UNIFIED]   blocker:     },
[2026-08-25 04:57:10][UNIFIED]   blocker:     "8h-long-soak": {
[2026-08-25 04:57:10][UNIFIED]   blocker:       "id": "8h-long-soak",
[2026-08-25 04:57:10][UNIFIED]   blocker:       "status": "waiting",
[2026-08-25 04:57:10][UNIFIED]   blocker:       "updatedAt": "2026-08-25T01:57:10.172Z",
[2026-08-25 04:57:10][UNIFIED]   blocker:       "firstSeenAt": "2026-08-25T01:41:32.806Z",
[2026-08-25 04:57:10][UNIFIED]   blocker:       "attempts": 0,
[2026-08-25 04:57:10][UNIFIED]   blocker:       "reason": "Long-soak will start only after deterministic local prerequisites are green",
[2026-08-25 04:57:10][UNIFIED]   blocker:       "nextRunAt": "2026-08-25T02:12:10.172Z"
[2026-08-25 04:57:10][UNIFIED]   blocker:     }
[2026-08-25 04:57:10][UNIFIED]   blocker:   }
[2026-08-25 04:57:10][UNIFIED]   blocker: }
[2026-08-25 04:57:10][UNIFIED] Step 3: verification
[2026-08-25 04:57:10][UNIFIED]   verify: [CONTROL_PLANE] PASS toolchain-security
[2026-08-25 04:57:10][UNIFIED]   verify: [CONTROL_PLANE] PASS toolchain-health
[2026-08-25 04:57:10][UNIFIED]   verify: [CONTROL_PLANE] PASS telemetry
[2026-08-25 04:57:15][UNIFIED]   verify: [CONTROL_PLANE] FAIL snapshot:     at Module._load (node:internal/modules/cjs/loader:1355:12)
[2026-08-25 04:57:15][UNIFIED]   verify: [CONTROL_PLANE] PASS native-ast-dataflow
[2026-08-25 04:57:17][UNIFIED]   verify: [CONTROL_PLANE] PASS semantic-graph
[2026-08-25 04:57:18][UNIFIED]   verify: [CONTROL_PLANE] PASS change-impact
[2026-08-25 04:57:19][UNIFIED]   verify: [CONTROL_PLANE] PASS assets
[2026-08-25 04:57:19][UNIFIED]   verify: [CONTROL_PLANE] PASS project-directives
[2026-08-25 04:57:19][UNIFIED]   verify: [CONTROL_PLANE] PASS asset-ingestion-plan
[2026-08-25 04:57:19][UNIFIED]   verify: [CONTROL_PLANE] PASS technology-lock
[2026-08-25 04:57:21][UNIFIED]   verify: [CONTROL_PLANE] FAIL graphics-ratchet: [GRAPHICS_GUARD] FAIL protectedChanges=20 failed=20
[2026-08-25 04:57:21][UNIFIED]   verify: [CONTROL_PLANE] PASS audio-variation
[2026-08-25 04:57:21][UNIFIED]   verify: [CONTROL_PLANE] PASS gameplay-spatial-contract
[2026-08-25 04:57:21][UNIFIED]   verify: [CONTROL_PLANE] PASS desktop-ai-report-contract
[2026-08-25 04:57:21][UNIFIED]   verify: [CONTROL_PLANE] PASS queue
[2026-08-25 04:57:22][UNIFIED]   verify: [CONTROL_PLANE] PASS config-contract
[2026-08-25 04:57:22][UNIFIED]   verify: [CONTROL_PLANE] PASS feature-flags
[2026-08-25 04:57:22][UNIFIED]   verify: [CONTROL_PLANE] PASS wit-component-contract
[2026-08-25 04:57:22][UNIFIED]   verify: [CONTROL_PLANE] PASS adapter-sandbox
[2026-08-25 04:57:22][UNIFIED]   verify: [CONTROL_PLANE] PASS secure-update
[2026-08-25 04:57:26][UNIFIED]   verify: [CONTROL_PLANE] FAIL reproducible-build: Node.js v24.15.0
[2026-08-25 04:57:26][UNIFIED]   verify: [CONTROL_PLANE] PASS model-check
[2026-08-25 04:57:27][UNIFIED]   verify: [CONTROL_PLANE] PASS cas-peer-discovery
[2026-08-25 04:57:28][UNIFIED]   verify: [CONTROL_PLANE] PASS distributed-cas
[2026-08-25 04:57:28][UNIFIED]   verify: [CONTROL_PLANE] PASS device-lab
[2026-08-25 04:57:28][UNIFIED]   verify: [CONTROL_PLANE] PASS device-executor
[2026-08-25 04:57:28][UNIFIED]   verify: [CONTROL_PLANE] PASS wit-bindings
[2026-08-25 04:57:28][UNIFIED]   verify: [CONTROL_PLANE] PASS rekor-monitor
[2026-08-25 04:57:29][UNIFIED]   verify: [CONTROL_PLANE] PASS technology-consensus
[2026-08-25 04:57:29][UNIFIED]   verify: [CONTROL_PLANE] PASS sbom
[2026-08-25 04:57:36][UNIFIED]   verify: [CONTROL_PLANE] PASS legacy-evidence-factory
[2026-08-25 04:57:36][UNIFIED]   verify: [CONTROL_PLANE] PASS slo-error-budget
[2026-08-25 04:57:36][UNIFIED]   verify: [CONTROL_PLANE] PASS db-migration-coordinator
[2026-08-25 04:57:36][UNIFIED]   verify: [CONTROL_PLANE] PASS asset-delta
[2026-08-25 04:57:36][UNIFIED]   verify: [CONTROL_PLANE] FAIL integration-gate: [SYSTEM_INTEGRATION_V7] 99% FAIL 126/127 leader-lease-migration
[2026-08-25 04:57:40][UNIFIED]   verify: [CONTROL_PLANE] PASS disaster-recovery-verify
[2026-08-25 04:57:40][UNIFIED]   verify: [CONTROL_PLANE] PASS provenance
[2026-08-25 04:57:40][UNIFIED]   verify: [CONTROL_PLANE] PASS supply-chain-signing
[2026-08-25 04:57:41][UNIFIED]   verify: [CONTROL_PLANE] FAIL policy: warning: in the working copy of 'package.json', LF will be replaced by CRLF the next time Git touches it
[2026-08-25 04:57:42][UNIFIED]   verify: [CONTROL_PLANE] PASS chaos-safety
[2026-08-25 04:57:42][UNIFIED]   verify: [CONTROL_PLANE] PASS orchestrator-monitor-lifecycle
[2026-08-25 04:57:42][UNIFIED]   verify: [CONTROL_PLANE] PASS orchestrator-patch-safety
[2026-08-25 04:57:42][UNIFIED]   verify: [CONTROL_PLANE] PASS orchestrator-minimal-repro
[2026-08-25 04:57:42][UNIFIED]   verify: [CONTROL_PLANE] PASS orchestrator-invariant-model
[2026-08-25 04:57:43][UNIFIED]   verify: [CONTROL_PLANE] PASS orchestrator-supervisor-negative
[2026-08-25 04:57:43][UNIFIED]   verify: [CONTROL_PLANE] PASS orchestrator-supervisor
[2026-08-25 04:57:43][UNIFIED]   verify: [CONTROL_PLANE] PASS capability-scheduler
[2026-08-25 04:57:43][UNIFIED]   verify: [CONTROL_PLANE] PASS cas-redundancy
[2026-08-25 04:57:43][UNIFIED]   verify: [CONTROL_PLANE] PASS device-worker
[2026-08-25 04:57:43][UNIFIED]   verify: [CONTROL_PLANE] PASS record-replay
[2026-08-25 04:57:43][UNIFIED]   verify: [CONTROL_PLANE] PASS dependency-security
[2026-08-25 04:57:44][UNIFIED]   verify: [CONTROL_PLANE] PASS transactional-deploy
[2026-08-25 04:57:44][UNIFIED]   verify: [CONTROL_PLANE] PASS enhancement-orchestrator
[2026-08-25 04:57:44][UNIFIED]   verify: [CONTROL_PLANE] PASS leader-lease-health
[2026-08-25 04:57:44][UNIFIED]   verify: [CONTROL_PLANE] PASS leader-lease-selftest
[2026-08-25 04:57:44][UNIFIED]   verify: [CONTROL_PLANE] PASS production-safety-health
[2026-08-25 04:57:44][UNIFIED]   verify: [CONTROL_PLANE] PASS production-safety-selftest
[2026-08-25 04:57:44][UNIFIED]   verify: [CONTROL_PLANE] PASS soak-chaos
[2026-08-25 04:57:44][UNIFIED]   verify: [CONTROL_PLANE] PASS crash-diagnostics
[2026-08-25 04:57:44][UNIFIED]   verify: [CONTROL_PLANE] PASS crash-diagnostics-selftest
[2026-08-25 04:57:45][UNIFIED]   verify: [CONTROL_PLANE] PASS causal-debugger
[2026-08-25 04:57:45][UNIFIED]   verify: [CONTROL_PLANE] PASS cas-replication-controller
[2026-08-25 04:57:45][UNIFIED]   verify: [CONTROL_PLANE] PASS physical-device-fleet
[2026-08-25 04:57:46][UNIFIED]   verify: [CONTROL_PLANE] PASS production-slo-autopilot
[2026-08-25 04:57:46][UNIFIED]   verify: [CONTROL_PLANE] PASS migration-fencing-runtime
[2026-08-25 04:57:46][UNIFIED]   verify: [CONTROL_PLANE] PASS long-soak-smoke
[2026-08-25 04:57:47][UNIFIED]   verify: [CONTROL_PLANE] PASS native-causal-collector
[2026-08-25 04:57:50][UNIFIED]   verify: [CONTROL_PLANE] FAIL selftest: Node.js v24.15.0
[2026-08-25 04:57:51][UNIFIED]   verify: [CONTROL_PLANE] FAIL honest-100-functions: [HONEST_100] FAIL certified=70/76 discovered=146
[2026-08-25 04:57:51][UNIFIED]   verify: [CONTROL_PLANE] PASS function-contract-coverage
[2026-08-25 04:57:53][UNIFIED]   verify: [CONTROL_PLANE] FAIL monotonic-100-guard:     at node:internal/main/run_main_module:33:47
[2026-08-25 04:57:53][UNIFIED]   verify: [CONTROL_PLANE] FAIL orchestrator-continuity: [ORCHESTRATOR_CONTINUITY] FAIL 5/8
[2026-08-25 04:57:54][UNIFIED]   verify: [CONTROL_PLANE] FAIL release-promotion: [RELEASE_PROMOTION] BLOCK decision=BLOCK
[2026-08-25 04:57:55][UNIFIED]   verify: [CONTROL_PLANE] FAIL readiness: [READINESS_V75] structural=84% operational=77% evidence=87% native=8%
[2026-08-25 04:57:55][UNIFIED]   verify: [CONTROL_PLANE] FAIL 64/75 trace=d19301a4d49d43ddd901142c0c905bca
[2026-08-25 04:57:55][UNIFIED] === UNIFIED TICK END ===
[2026-08-25 04:57:55][UNIFIED] state nextRunAt=2026-08-25T02:11:24.578Z blockers pass= requires_ai= waiting= mergeSafe=False
[2026-08-25 04:57:55][UNIFIED] LOCK released
[2026-08-25 04:58:59][UNIFIED] LOCK acquired C:\Users\user\Desktop\World_server\state\blocker-repair\unified.lock
[2026-08-25 04:58:59][UNIFIED] === UNIFIED TICK START quality_autoloop -> blocker-repair -> verification ===
[2026-08-25 04:58:59][UNIFIED] Step 1: quality_autoloop
[2026-08-25 04:59:00][UNIFIED]   autoloop: [2026-08-25 04:59:00] === AUTOLOOP TICK START ===
[2026-08-25 04:59:00][UNIFIED]   autoloop: [2026-08-25 04:59:00] localCount=108 localDigest=6775a559063525b6dfb9ef61181c7eb83c1a05fe5eea6e2180c83ea6185a5363 expected=6775a559063525b6dfb9ef61181c7eb83c1a05fe5eea6e2180c83ea6185a5363
[2026-08-25 04:59:00][UNIFIED]   autoloop: [2026-08-25 04:59:00] LOCAL 100% OK (108/108)
[2026-08-25 04:59:00][UNIFIED]   autoloop: [2026-08-25 04:59:00] commits ahead of master: 14 (need PR if >0)
[2026-08-25 04:59:00][UNIFIED]   autoloop: [2026-08-25 04:59:00] PLUGIN DISCOVER: node : node:fs:441
[2026-08-25 04:59:00][UNIFIED]   autoloop: C:\Users\user\AppData\Local\Temp\opencode\quality_autoloop.ps1:31 чэръ:10
[2026-08-25 04:59:00][UNIFIED]   autoloop: +   $plug= node "C:\Users\user\Desktop\World_server\scripts\discover-qu ...
[2026-08-25 04:59:00][UNIFIED]   autoloop: +          ~~~~~~~~~~~~~~~~~~~~~~~~~~~~~~~~~~~~~~~~~~~~~~~~~~~~~~~~~~~~
[2026-08-25 04:59:00][UNIFIED]   autoloop:     + CategoryInfo          : NotSpecified: (node:fs:441:String) [], RemoteException
[2026-08-25 04:59:00][UNIFIED]   autoloop:     + FullyQualifiedErrorId : NativeCommandError
[2026-08-25 04:59:00][UNIFIED]   autoloop:  
[2026-08-25 04:59:00][UNIFIED]   autoloop:     return binding.readFileUtf8(path, stringToFlags(options.flag));
[2026-08-25 04:59:00][UNIFIED]   autoloop:                    ^
[2026-08-25 04:59:00][UNIFIED]   autoloop: 
[2026-08-25 04:59:00][UNIFIED]   autoloop: Error: ENOENT: no such file or directory, open 'C:\Users\user\Desktop\ж-жмж-ж-T╦\data\plugin-discovery-policy.json'
[2026-08-25 04:59:00][UNIFIED]   autoloop:     at Object.readFileSync (node:fs:441:20)
[2026-08-25 04:59:00][UNIFIED]   autoloop:     at Object.<anonymous> (C:\Users\user\Desktop\World_server\scripts\discover-quality-plugins.js:5:28)
[2026-08-25 04:59:00][UNIFIED]   autoloop:     at Module._compile (node:internal/modules/cjs/loader:1830:14)
[2026-08-25 04:59:00][UNIFIED]   autoloop:     at Object..js (node:internal/modules/cjs/loader:1961:10)
[2026-08-25 04:59:00][UNIFIED]   autoloop:     at Module.load (node:internal/modules/cjs/loader:1553:32)
[2026-08-25 04:59:00][UNIFIED]   autoloop:     at Module._load (node:internal/modules/cjs/loader:1355:12)
[2026-08-25 04:59:00][UNIFIED]   autoloop:     at wrapModuleLoad (node:internal/modules/cjs/loader:255:19)
[2026-08-25 04:59:00][UNIFIED]   autoloop:     at Module.executeUserEntryPoint [as runMain] (node:internal/modules/run_main:154:5)
[2026-08-25 04:59:00][UNIFIED]   autoloop:     at node:internal/main/run_main_module:33:47 {
[2026-08-25 04:59:00][UNIFIED]   autoloop:   errno: -4058,
[2026-08-25 04:59:00][UNIFIED]   autoloop:   code: 'ENOENT',
[2026-08-25 04:59:00][UNIFIED]   autoloop:   syscall: 'open',
[2026-08-25 04:59:00][UNIFIED]   autoloop:   path: 'C:\\Users\\user\\Desktop\\ж-жмж-ж-T╦\\data\\plugin-discovery-policy.json'
[2026-08-25 04:59:00][UNIFIED]   autoloop: }
[2026-08-25 04:59:00][UNIFIED]   autoloop: 
[2026-08-25 04:59:00][UNIFIED]   autoloop: Node.js v24.15.0
[2026-08-25 04:59:00][UNIFIED]   autoloop: 
[2026-08-25 04:59:00][UNIFIED]   autoloop: [2026-08-25 04:59:00] PLUGIN AUTO-WIRE tick done
[2026-08-25 04:59:00][UNIFIED]   autoloop: [2026-08-25 04:59:00] LOCAL honest 100% reached. Cloud checks need time - waiting.
[2026-08-25 04:59:01][UNIFIED]   autoloop: [2026-08-25 04:59:01] No autoloop task found
[2026-08-25 04:59:01][UNIFIED]   autoloop: [2026-08-25 04:59:01] === AUTOLOOP TICK END - next tick in 15 min (keep running until honest 100%) ===
[2026-08-25 04:59:01][UNIFIED] Step 2: blocker-repair tick
[2026-08-25 04:59:54][UNIFIED]   blocker: {
[2026-08-25 04:59:54][UNIFIED]   blocker:   "pass": false,
[2026-08-25 04:59:54][UNIFIED]   blocker:   "version": "1.0.0",
[2026-08-25 04:59:54][UNIFIED]   blocker:   "cycle": 7,
[2026-08-25 04:59:54][UNIFIED]   blocker:   "counts": {
[2026-08-25 04:59:54][UNIFIED]   blocker:     "pass": 7,
[2026-08-25 04:59:54][UNIFIED]   blocker:     "waiting": 4,
[2026-08-25 04:59:54][UNIFIED]   blocker:     "requires_ai": 2
[2026-08-25 04:59:54][UNIFIED]   blocker:   },
[2026-08-25 04:59:54][UNIFIED]   blocker:   "gatesPass": false,
[2026-08-25 04:59:54][UNIFIED]   blocker:   "mergeSafe": false,
[2026-08-25 04:59:54][UNIFIED]   blocker:   "nextRunAt": "2026-08-25T02:14:08.659Z",
[2026-08-25 04:59:54][UNIFIED]   blocker:   "aiAction": "state\\blocker-repair\\DESKTOP_AI_NEXT_ACTION.md",
[2026-08-25 04:59:54][UNIFIED]   blocker:   "blockers": {
[2026-08-25 04:59:54][UNIFIED]   blocker:     "durable-scheduler": {
[2026-08-25 04:59:54][UNIFIED]   blocker:       "id": "durable-scheduler",
[2026-08-25 04:59:54][UNIFIED]   blocker:       "status": "pass",
[2026-08-25 04:59:54][UNIFIED]   blocker:       "updatedAt": "2026-08-25T01:36:13.140Z",
[2026-08-25 04:59:54][UNIFIED]   blocker:       "firstSeenAt": "2026-08-25T01:36:13.140Z",
[2026-08-25 04:59:54][UNIFIED]   blocker:       "attempts": 0,
[2026-08-25 04:59:54][UNIFIED]   blocker:       "reason": "Task Scheduler every 15 minutes"
[2026-08-25 04:59:54][UNIFIED]   blocker:     },
[2026-08-25 04:59:54][UNIFIED]   blocker:     "toolchain-bootstrap": {
[2026-08-25 04:59:54][UNIFIED]   blocker:       "id": "toolchain-bootstrap",
[2026-08-25 04:59:54][UNIFIED]   blocker:       "status": "pass",
[2026-08-25 04:59:54][UNIFIED]   blocker:       "updatedAt": "2026-08-25T01:59:02.257Z",
[2026-08-25 04:59:54][UNIFIED]   blocker:       "firstSeenAt": "2026-08-25T01:38:31.809Z",
[2026-08-25 04:59:54][UNIFIED]   blocker:       "attempts": 0,
[2026-08-25 04:59:54][UNIFIED]   blocker:       "reason": "Existing bootstrap PASS"
[2026-08-25 04:59:54][UNIFIED]   blocker:     },
[2026-08-25 04:59:54][UNIFIED]   blocker:     "wasmtime": {
[2026-08-25 04:59:54][UNIFIED]   blocker:       "id": "wasmtime",
[2026-08-25 04:59:54][UNIFIED]   blocker:       "status": "pass",
[2026-08-25 04:59:54][UNIFIED]   blocker:       "updatedAt": "2026-08-25T01:59:02.291Z",
[2026-08-25 04:59:54][UNIFIED]   blocker:       "firstSeenAt": "2026-08-25T01:38:31.814Z",
[2026-08-25 04:59:54][UNIFIED]   blocker:       "attempts": 0,
[2026-08-25 04:59:54][UNIFIED]   blocker:       "reason": "wasmtime 27.0.0 (8eefa236f 2024-11-20)"
[2026-08-25 04:59:54][UNIFIED]   blocker:     },
[2026-08-25 04:59:54][UNIFIED]   blocker:     "tlc": {
[2026-08-25 04:59:54][UNIFIED]   blocker:       "id": "tlc",
[2026-08-25 04:59:54][UNIFIED]   blocker:       "status": "pass",
[2026-08-25 04:59:54][UNIFIED]   blocker:       "updatedAt": "2026-08-25T01:59:02.703Z",
[2026-08-25 04:59:54][UNIFIED]   blocker:       "firstSeenAt": "2026-08-25T01:38:31.814Z",
[2026-08-25 04:59:54][UNIFIED]   blocker:       "attempts": 0,
[2026-08-25 04:59:54][UNIFIED]   blocker:       "reason": "TLC native Java invocation verified"
[2026-08-25 04:59:54][UNIFIED]   blocker:     },
[2026-08-25 04:59:54][UNIFIED]   blocker:     "native-cosign": {
[2026-08-25 04:59:54][UNIFIED]   blocker:       "id": "native-cosign",
[2026-08-25 04:59:54][UNIFIED]   blocker:       "status": "pass",
[2026-08-25 04:59:54][UNIFIED]   blocker:       "updatedAt": "2026-08-25T01:59:02.793Z",
[2026-08-25 04:59:54][UNIFIED]   blocker:       "firstSeenAt": "2026-08-25T01:40:32.228Z",
[2026-08-25 04:59:54][UNIFIED]   blocker:       "attempts": 1,
[2026-08-25 04:59:54][UNIFIED]   blocker:       "attempted": true,
[2026-08-25 04:59:54][UNIFIED]   blocker:       "reason": "Compiler:      gc\nPlatform:      windows/amd64"
[2026-08-25 04:59:54][UNIFIED]   blocker:     },
[2026-08-25 04:59:54][UNIFIED]   blocker:     "etw-ebpf-perf": {
[2026-08-25 04:59:54][UNIFIED]   blocker:       "id": "etw-ebpf-perf",
[2026-08-25 04:59:54][UNIFIED]   blocker:       "status": "pass",
[2026-08-25 04:59:54][UNIFIED]   blocker:       "updatedAt": "2026-08-25T01:59:08.481Z",
[2026-08-25 04:59:54][UNIFIED]   blocker:       "firstSeenAt": "2026-08-25T01:40:43.724Z",
[2026-08-25 04:59:54][UNIFIED]   blocker:       "attempts": 0,
[2026-08-25 04:59:54][UNIFIED]   blocker:       "reason": "Real Windows ETW/WPR capability evidence collected; eBPF/perf not falsely required on Windows"
[2026-08-25 04:59:54][UNIFIED]   blocker:     },
[2026-08-25 04:59:54][UNIFIED]   blocker:     "fresh-android-device": {
[2026-08-25 04:59:54][UNIFIED]   blocker:       "id": "fresh-android-device",
[2026-08-25 04:59:54][UNIFIED]   blocker:       "status": "waiting",
[2026-08-25 04:59:54][UNIFIED]   blocker:       "updatedAt": "2026-08-25T01:59:08.659Z",
[2026-08-25 04:59:54][UNIFIED]   blocker:       "firstSeenAt": "2026-08-25T01:40:43.875Z",
[2026-08-25 04:59:54][UNIFIED]   blocker:       "attempts": 0,
[2026-08-25 04:59:54][UNIFIED]   blocker:       "reason": "adb is not available or no physical Android evidence can be collected",
[2026-08-25 04:59:54][UNIFIED]   blocker:       "nextRunAt": "2026-08-25T02:14:08.659Z"
[2026-08-25 04:59:54][UNIFIED]   blocker:     },
[2026-08-25 04:59:54][UNIFIED]   blocker:     "fresh-ios-device": {
[2026-08-25 04:59:54][UNIFIED]   blocker:       "id": "fresh-ios-device",
[2026-08-25 04:59:54][UNIFIED]   blocker:       "status": "waiting",
[2026-08-25 04:59:54][UNIFIED]   blocker:       "updatedAt": "2026-08-25T01:59:08.821Z",
[2026-08-25 04:59:54][UNIFIED]   blocker:       "firstSeenAt": "2026-08-25T01:40:44.022Z",
[2026-08-25 04:59:54][UNIFIED]   blocker:       "attempts": 0,
[2026-08-25 04:59:54][UNIFIED]   blocker:       "reason": "No physical iOS probe available on win32; simulator/fake evidence is forbidden",
[2026-08-25 04:59:54][UNIFIED]   blocker:       "nextRunAt": "2026-08-25T02:14:08.821Z"
[2026-08-25 04:59:54][UNIFIED]   blocker:     },
[2026-08-25 04:59:54][UNIFIED]   blocker:     "remote-cas-peer": {
[2026-08-25 04:59:54][UNIFIED]   blocker:       "id": "remote-cas-peer",
[2026-08-25 04:59:54][UNIFIED]   blocker:       "status": "waiting",
[2026-08-25 04:59:54][UNIFIED]   blocker:       "updatedAt": "2026-08-25T01:59:08.822Z",
[2026-08-25 04:59:54][UNIFIED]   blocker:       "firstSeenAt": "2026-08-25T01:40:44.023Z",
[2026-08-25 04:59:54][UNIFIED]   blocker:       "attempts": 0,
[2026-08-25 04:59:54][UNIFIED]   blocker:       "reason": "WORLD_SERVER_REMOTE_CAS_URL/REMOTE_CAS_URL not configured; localhost is not accepted as remote evidence",
[2026-08-25 04:59:54][UNIFIED]   blocker:       "nextRunAt": "2026-08-25T02:14:08.822Z"
[2026-08-25 04:59:54][UNIFIED]   blocker:     },
[2026-08-25 04:59:54][UNIFIED]   blocker:     "fenced-migration": {
[2026-08-25 04:59:54][UNIFIED]   blocker:       "id": "fenced-migration",
[2026-08-25 04:59:54][UNIFIED]   blocker:       "status": "pass",
[2026-08-25 04:59:54][UNIFIED]   blocker:       "updatedAt": "2026-08-25T01:59:08.931Z",
[2026-08-25 04:59:54][UNIFIED]   blocker:       "firstSeenAt": "2026-08-25T01:40:44.144Z",
[2026-08-25 04:59:54][UNIFIED]   blocker:       "attempts": 0,
[2026-08-25 04:59:54][UNIFIED]   blocker:       "reason": "C:\\Program Files\\nodejs\\node.exe C:\\Users\\user\\Desktop\\World_server\\scripts\\migration-fencing-verifier.cjs PASS"
[2026-08-25 04:59:54][UNIFIED]   blocker:     },
[2026-08-25 04:59:54][UNIFIED]   blocker:     "local-gates": {
[2026-08-25 04:59:54][UNIFIED]   blocker:       "id": "local-gates",
[2026-08-25 04:59:54][UNIFIED]   blocker:       "status": "requires_ai",
[2026-08-25 04:59:54][UNIFIED]   blocker:       "updatedAt": "2026-08-25T01:59:54.048Z",
[2026-08-25 04:59:54][UNIFIED]   blocker:       "firstSeenAt": "2026-08-25T01:41:31.266Z",
[2026-08-25 04:59:54][UNIFIED]   blocker:       "attempts": 0,
[2026-08-25 04:59:54][UNIFIED]   blocker:       "reason": "0/6 gates PASS"
[2026-08-25 04:59:54][UNIFIED]   blocker:     },
[2026-08-25 04:59:54][UNIFIED]   blocker:     "vercel-deployment": {
[2026-08-25 04:59:54][UNIFIED]   blocker:       "id": "vercel-deployment",
[2026-08-25 04:59:54][UNIFIED]   blocker:       "status": "requires_ai",
[2026-08-25 04:59:54][UNIFIED]   blocker:       "updatedAt": "2026-08-25T01:59:54.644Z",
[2026-08-25 04:59:54][UNIFIED]   blocker:       "firstSeenAt": "2026-08-25T01:41:32.802Z",
[2026-08-25 04:59:54][UNIFIED]   blocker:       "attempts": 7,
[2026-08-25 04:59:54][UNIFIED]   blocker:       "attempted": true,
[2026-08-25 04:59:54][UNIFIED]   blocker:       "reason": "Vercel state=failure: Deployment has failed Є└╘ run this Vercel CLI command: npx vercel inspect dpl_8wpx3qKRsFqMPoAXzibk3SFKeXwF --logs",
[2026-08-25 04:59:54][UNIFIED]   blocker:       "deploymentId": "dpl_8wpx3qKRsFqMPoAXzibk3SFKeXwF",
[2026-08-25 04:59:54][UNIFIED]   blocker:       "targetUrl": "https://vercel.com/improve-world/world-server/8wpx3qKRsFqMPoAXzibk3SFKeXwF",
[2026-08-25 04:59:54][UNIFIED]   blocker:       "outputTail": "",
[2026-08-25 04:59:54][UNIFIED]   blocker:       "nextRunAt": null
[2026-08-25 04:59:54][UNIFIED]   blocker:     },
[2026-08-25 04:59:54][UNIFIED]   blocker:     "8h-long-soak": {
[2026-08-25 04:59:54][UNIFIED]   blocker:       "id": "8h-long-soak",
[2026-08-25 04:59:54][UNIFIED]   blocker:       "status": "waiting",
[2026-08-25 04:59:54][UNIFIED]   blocker:       "updatedAt": "2026-08-25T01:59:54.650Z",
[2026-08-25 04:59:54][UNIFIED]   blocker:       "firstSeenAt": "2026-08-25T01:41:32.806Z",
[2026-08-25 04:59:54][UNIFIED]   blocker:       "attempts": 0,
[2026-08-25 04:59:54][UNIFIED]   blocker:       "reason": "Long-soak will start only after deterministic local prerequisites are green",
[2026-08-25 04:59:54][UNIFIED]   blocker:       "nextRunAt": "2026-08-25T02:14:54.650Z"
[2026-08-25 04:59:54][UNIFIED]   blocker:     }
[2026-08-25 04:59:54][UNIFIED]   blocker:   }
[2026-08-25 04:59:54][UNIFIED]   blocker: }
[2026-08-25 04:59:54][UNIFIED] Step 3: verification
[2026-08-25 04:59:55][UNIFIED]   verify: [CONTROL_PLANE] PASS toolchain-security
[2026-08-25 04:59:55][UNIFIED]   verify: [CONTROL_PLANE] PASS toolchain-health
[2026-08-25 04:59:55][UNIFIED]   verify: [CONTROL_PLANE] PASS telemetry
[2026-08-25 04:59:59][UNIFIED]   verify: [CONTROL_PLANE] FAIL snapshot:     at Module._load (node:internal/modules/cjs/loader:1355:12)
[2026-08-25 04:59:59][UNIFIED]   verify: [CONTROL_PLANE] PASS native-ast-dataflow
[2026-08-25 05:00:02][UNIFIED]   verify: [CONTROL_PLANE] PASS semantic-graph
[2026-08-25 05:00:02][UNIFIED]   verify: [CONTROL_PLANE] PASS change-impact
[2026-08-25 05:00:03][UNIFIED]   verify: [CONTROL_PLANE] PASS assets
[2026-08-25 05:00:03][UNIFIED]   verify: [CONTROL_PLANE] PASS project-directives
[2026-08-25 05:00:03][UNIFIED]   verify: [CONTROL_PLANE] PASS asset-ingestion-plan
[2026-08-25 05:00:04][UNIFIED]   verify: [CONTROL_PLANE] PASS technology-lock
[2026-08-25 05:00:05][UNIFIED]   verify: [CONTROL_PLANE] FAIL graphics-ratchet: [GRAPHICS_GUARD] FAIL protectedChanges=20 failed=20
[2026-08-25 05:00:05][UNIFIED]   verify: [CONTROL_PLANE] PASS audio-variation
[2026-08-25 05:00:05][UNIFIED]   verify: [CONTROL_PLANE] PASS gameplay-spatial-contract
[2026-08-25 05:00:05][UNIFIED]   verify: [CONTROL_PLANE] PASS desktop-ai-report-contract
[2026-08-25 05:00:05][UNIFIED]   verify: [CONTROL_PLANE] PASS queue
[2026-08-25 05:00:06][UNIFIED]   verify: [CONTROL_PLANE] PASS config-contract
[2026-08-25 05:00:06][UNIFIED]   verify: [CONTROL_PLANE] PASS feature-flags
[2026-08-25 05:00:06][UNIFIED]   verify: [CONTROL_PLANE] PASS wit-component-contract
[2026-08-25 05:00:06][UNIFIED]   verify: [CONTROL_PLANE] PASS adapter-sandbox
[2026-08-25 05:00:07][UNIFIED]   verify: [CONTROL_PLANE] PASS secure-update
[2026-08-25 05:00:11][UNIFIED]   verify: [CONTROL_PLANE] FAIL reproducible-build: Node.js v24.15.0
[2026-08-25 05:00:11][UNIFIED]   verify: [CONTROL_PLANE] PASS model-check
[2026-08-25 05:00:12][UNIFIED]   verify: [CONTROL_PLANE] PASS cas-peer-discovery
[2026-08-25 05:00:12][UNIFIED]   verify: [CONTROL_PLANE] PASS distributed-cas
[2026-08-25 05:00:12][UNIFIED]   verify: [CONTROL_PLANE] PASS device-lab
[2026-08-25 05:00:12][UNIFIED]   verify: [CONTROL_PLANE] PASS device-executor
[2026-08-25 05:00:13][UNIFIED]   verify: [CONTROL_PLANE] PASS wit-bindings
[2026-08-25 05:00:13][UNIFIED]   verify: [CONTROL_PLANE] PASS rekor-monitor
[2026-08-25 05:00:14][UNIFIED]   verify: [CONTROL_PLANE] PASS technology-consensus
[2026-08-25 05:00:14][UNIFIED]   verify: [CONTROL_PLANE] PASS sbom
[2026-08-25 05:00:20][UNIFIED]   verify: [CONTROL_PLANE] PASS legacy-evidence-factory
[2026-08-25 05:00:20][UNIFIED]   verify: [CONTROL_PLANE] PASS slo-error-budget
[2026-08-25 05:00:20][UNIFIED]   verify: [CONTROL_PLANE] PASS db-migration-coordinator
[2026-08-25 05:00:20][UNIFIED]   verify: [CONTROL_PLANE] PASS asset-delta
[2026-08-25 05:00:20][UNIFIED]   verify: [CONTROL_PLANE] FAIL integration-gate: [SYSTEM_INTEGRATION_V7] 99% FAIL 126/127 leader-lease-migration
[2026-08-25 05:00:24][UNIFIED]   verify: [CONTROL_PLANE] PASS disaster-recovery-verify
[2026-08-25 05:00:24][UNIFIED]   verify: [CONTROL_PLANE] PASS provenance
[2026-08-25 05:00:24][UNIFIED]   verify: [CONTROL_PLANE] PASS supply-chain-signing
[2026-08-25 05:00:25][UNIFIED]   verify: [CONTROL_PLANE] FAIL policy: warning: in the working copy of 'package.json', LF will be replaced by CRLF the next time Git touches it
[2026-08-25 05:00:26][UNIFIED]   verify: [CONTROL_PLANE] PASS chaos-safety
[2026-08-25 05:00:26][UNIFIED]   verify: [CONTROL_PLANE] PASS orchestrator-monitor-lifecycle
[2026-08-25 05:00:26][UNIFIED]   verify: [CONTROL_PLANE] PASS orchestrator-patch-safety
[2026-08-25 05:00:26][UNIFIED]   verify: [CONTROL_PLANE] PASS orchestrator-minimal-repro
[2026-08-25 05:00:26][UNIFIED]   verify: [CONTROL_PLANE] PASS orchestrator-invariant-model
[2026-08-25 05:00:27][UNIFIED]   verify: [CONTROL_PLANE] PASS orchestrator-supervisor-negative
[2026-08-25 05:00:27][UNIFIED]   verify: [CONTROL_PLANE] PASS orchestrator-supervisor
[2026-08-25 05:00:27][UNIFIED]   verify: [CONTROL_PLANE] PASS capability-scheduler
[2026-08-25 05:00:27][UNIFIED]   verify: [CONTROL_PLANE] PASS cas-redundancy
[2026-08-25 05:00:27][UNIFIED]   verify: [CONTROL_PLANE] PASS device-worker
[2026-08-25 05:00:27][UNIFIED]   verify: [CONTROL_PLANE] PASS record-replay
[2026-08-25 05:00:27][UNIFIED]   verify: [CONTROL_PLANE] PASS dependency-security
[2026-08-25 05:00:28][UNIFIED]   verify: [CONTROL_PLANE] PASS transactional-deploy
[2026-08-25 05:00:28][UNIFIED]   verify: [CONTROL_PLANE] PASS enhancement-orchestrator
[2026-08-25 05:00:28][UNIFIED]   verify: [CONTROL_PLANE] PASS leader-lease-health
[2026-08-25 05:00:28][UNIFIED]   verify: [CONTROL_PLANE] PASS leader-lease-selftest
[2026-08-25 05:00:28][UNIFIED]   verify: [CONTROL_PLANE] PASS production-safety-health
[2026-08-25 05:00:28][UNIFIED]   verify: [CONTROL_PLANE] PASS production-safety-selftest
[2026-08-25 05:00:28][UNIFIED]   verify: [CONTROL_PLANE] PASS soak-chaos
[2026-08-25 05:00:29][UNIFIED]   verify: [CONTROL_PLANE] PASS crash-diagnostics
[2026-08-25 05:00:29][UNIFIED]   verify: [CONTROL_PLANE] PASS crash-diagnostics-selftest
[2026-08-25 05:00:29][UNIFIED]   verify: [CONTROL_PLANE] PASS causal-debugger
[2026-08-25 05:00:29][UNIFIED]   verify: [CONTROL_PLANE] PASS cas-replication-controller
[2026-08-25 05:00:30][UNIFIED]   verify: [CONTROL_PLANE] PASS physical-device-fleet
[2026-08-25 05:00:30][UNIFIED]   verify: [CONTROL_PLANE] PASS production-slo-autopilot
[2026-08-25 05:00:30][UNIFIED]   verify: [CONTROL_PLANE] PASS migration-fencing-runtime
[2026-08-25 05:00:30][UNIFIED]   verify: [CONTROL_PLANE] PASS long-soak-smoke
[2026-08-25 05:00:31][UNIFIED]   verify: [CONTROL_PLANE] PASS native-causal-collector
[2026-08-25 05:00:34][UNIFIED]   verify: [CONTROL_PLANE] FAIL selftest: Node.js v24.15.0
[2026-08-25 05:00:36][UNIFIED]   verify: [CONTROL_PLANE] FAIL honest-100-functions: [HONEST_100] FAIL certified=70/76 discovered=146
[2026-08-25 05:00:36][UNIFIED]   verify: [CONTROL_PLANE] PASS function-contract-coverage
[2026-08-25 05:00:37][UNIFIED]   verify: [CONTROL_PLANE] FAIL monotonic-100-guard:     at node:internal/main/run_main_module:33:47
[2026-08-25 05:00:37][UNIFIED]   verify: [CONTROL_PLANE] FAIL orchestrator-continuity: [ORCHESTRATOR_CONTINUITY] FAIL 5/8
[2026-08-25 05:00:38][UNIFIED]   verify: [CONTROL_PLANE] FAIL release-promotion: [RELEASE_PROMOTION] BLOCK decision=BLOCK
[2026-08-25 05:00:39][UNIFIED]   verify: [CONTROL_PLANE] FAIL readiness: [READINESS_V75] structural=84% operational=77% evidence=87% native=8%
[2026-08-25 05:00:39][UNIFIED]   verify: [CONTROL_PLANE] FAIL 64/75 trace=1cd3e2b3e789c5f13f362bd5be2d856d
[2026-08-25 05:00:39][UNIFIED] === UNIFIED TICK END ===
[2026-08-25 05:00:39][UNIFIED] state nextRunAt=2026-08-25T02:14:08.659Z blockers pass= requires_ai= waiting= mergeSafe=False
[2026-08-25 05:00:39][UNIFIED] LOCK released
[2026-08-25 05:01:29][UNIFIED] LOCK acquired C:\Users\user\Desktop\World_server\state\blocker-repair\unified.lock
[2026-08-25 05:01:29][UNIFIED] === UNIFIED TICK START quality_autoloop -> blocker-repair -> verification ===
[2026-08-25 05:01:29][UNIFIED] Step 1: quality_autoloop
[2026-08-25 05:01:30][UNIFIED]   autoloop: [2026-08-25 05:01:30] === AUTOLOOP TICK START ===
[2026-08-25 05:01:30][UNIFIED]   autoloop: [2026-08-25 05:01:30] localCount=108 localDigest=6775a559063525b6dfb9ef61181c7eb83c1a05fe5eea6e2180c83ea6185a5363 expected=6775a559063525b6dfb9ef61181c7eb83c1a05fe5eea6e2180c83ea6185a5363
[2026-08-25 05:01:30][UNIFIED]   autoloop: [2026-08-25 05:01:30] LOCAL 100% OK (108/108)
[2026-08-25 05:01:30][UNIFIED]   autoloop: [2026-08-25 05:01:30] commits ahead of master: 14 (need PR if >0)
[2026-08-25 05:01:30][UNIFIED]   autoloop: [2026-08-25 05:01:30] PLUGIN DISCOVER: node : node:fs:441
[2026-08-25 05:01:30][UNIFIED]   autoloop: C:\Users\user\AppData\Local\Temp\opencode\quality_autoloop.ps1:31 чэръ:10
[2026-08-25 05:01:30][UNIFIED]   autoloop: +   $plug= node "C:\Users\user\Desktop\World_server\scripts\discover-qu ...
[2026-08-25 05:01:30][UNIFIED]   autoloop: +          ~~~~~~~~~~~~~~~~~~~~~~~~~~~~~~~~~~~~~~~~~~~~~~~~~~~~~~~~~~~~
[2026-08-25 05:01:30][UNIFIED]   autoloop:     + CategoryInfo          : NotSpecified: (node:fs:441:String) [], RemoteException
[2026-08-25 05:01:30][UNIFIED]   autoloop:     + FullyQualifiedErrorId : NativeCommandError
[2026-08-25 05:01:30][UNIFIED]   autoloop:  
[2026-08-25 05:01:30][UNIFIED]   autoloop:     return binding.readFileUtf8(path, stringToFlags(options.flag));
[2026-08-25 05:01:30][UNIFIED]   autoloop:                    ^
[2026-08-25 05:01:30][UNIFIED]   autoloop: 
[2026-08-25 05:01:30][UNIFIED]   autoloop: Error: ENOENT: no such file or directory, open 'C:\Users\user\Desktop\ж-жмж-ж-T╦\data\plugin-discovery-policy.json'
[2026-08-25 05:01:30][UNIFIED]   autoloop:     at Object.readFileSync (node:fs:441:20)
[2026-08-25 05:01:30][UNIFIED]   autoloop:     at Object.<anonymous> (C:\Users\user\Desktop\World_server\scripts\discover-quality-plugins.js:5:28)
[2026-08-25 05:01:30][UNIFIED]   autoloop:     at Module._compile (node:internal/modules/cjs/loader:1830:14)
[2026-08-25 05:01:30][UNIFIED]   autoloop:     at Object..js (node:internal/modules/cjs/loader:1961:10)
[2026-08-25 05:01:30][UNIFIED]   autoloop:     at Module.load (node:internal/modules/cjs/loader:1553:32)
[2026-08-25 05:01:30][UNIFIED]   autoloop:     at Module._load (node:internal/modules/cjs/loader:1355:12)
[2026-08-25 05:01:30][UNIFIED]   autoloop:     at wrapModuleLoad (node:internal/modules/cjs/loader:255:19)
[2026-08-25 05:01:30][UNIFIED]   autoloop:     at Module.executeUserEntryPoint [as runMain] (node:internal/modules/run_main:154:5)
[2026-08-25 05:01:30][UNIFIED]   autoloop:     at node:internal/main/run_main_module:33:47 {
[2026-08-25 05:01:30][UNIFIED]   autoloop:   errno: -4058,
[2026-08-25 05:01:30][UNIFIED]   autoloop:   code: 'ENOENT',
[2026-08-25 05:01:30][UNIFIED]   autoloop:   syscall: 'open',
[2026-08-25 05:01:30][UNIFIED]   autoloop:   path: 'C:\\Users\\user\\Desktop\\ж-жмж-ж-T╦\\data\\plugin-discovery-policy.json'
[2026-08-25 05:01:30][UNIFIED]   autoloop: }
[2026-08-25 05:01:30][UNIFIED]   autoloop: 
[2026-08-25 05:01:30][UNIFIED]   autoloop: Node.js v24.15.0
[2026-08-25 05:01:30][UNIFIED]   autoloop: 
[2026-08-25 05:01:30][UNIFIED]   autoloop: [2026-08-25 05:01:30] PLUGIN AUTO-WIRE tick done
[2026-08-25 05:01:30][UNIFIED]   autoloop: [2026-08-25 05:01:30] LOCAL honest 100% reached. Cloud checks need time - waiting.
[2026-08-25 05:01:31][UNIFIED]   autoloop: [2026-08-25 05:01:31] No autoloop task found
[2026-08-25 05:01:31][UNIFIED]   autoloop: [2026-08-25 05:01:31] === AUTOLOOP TICK END - next tick in 15 min (keep running until honest 100%) ===
[2026-08-25 05:01:31][UNIFIED] Step 2: blocker-repair tick
[2026-08-25 05:03:36][UNIFIED] LOCK acquired C:\Users\user\Desktop\World_server\state\blocker-repair\unified.lock
[2026-08-25 05:03:36][UNIFIED] === UNIFIED TICK START quality_autoloop -> blocker-repair -> verification ===
[2026-08-25 05:03:36][UNIFIED] Step 1: quality_autoloop
[2026-08-25 05:03:36][UNIFIED]   autoloop: [2026-08-25 05:03:36] === AUTOLOOP TICK START ===
[2026-08-25 05:03:36][UNIFIED]   autoloop: [2026-08-25 05:03:36] localCount=108 localDigest=6775a559063525b6dfb9ef61181c7eb83c1a05fe5eea6e2180c83ea6185a5363 expected=6775a559063525b6dfb9ef61181c7eb83c1a05fe5eea6e2180c83ea6185a5363
[2026-08-25 05:03:36][UNIFIED]   autoloop: [2026-08-25 05:03:36] LOCAL 100% OK (108/108)
[2026-08-25 05:03:36][UNIFIED]   autoloop: [2026-08-25 05:03:36] commits ahead of master: 14 (need PR if >0)
[2026-08-25 05:03:36][UNIFIED]   autoloop: [2026-08-25 05:03:36] PLUGIN DISCOVER: node : node:fs:441
[2026-08-25 05:03:36][UNIFIED]   autoloop: C:\Users\user\AppData\Local\Temp\opencode\quality_autoloop.ps1:31 чэръ:10
[2026-08-25 05:03:36][UNIFIED]   autoloop: +   $plug= node "C:\Users\user\Desktop\World_server\scripts\discover-qu ...
[2026-08-25 05:03:36][UNIFIED]   autoloop: +          ~~~~~~~~~~~~~~~~~~~~~~~~~~~~~~~~~~~~~~~~~~~~~~~~~~~~~~~~~~~~
[2026-08-25 05:03:36][UNIFIED]   autoloop:     + CategoryInfo          : NotSpecified: (node:fs:441:String) [], RemoteException
[2026-08-25 05:03:36][UNIFIED]   autoloop:     + FullyQualifiedErrorId : NativeCommandError
[2026-08-25 05:03:36][UNIFIED]   autoloop:  
[2026-08-25 05:03:36][UNIFIED]   autoloop:     return binding.readFileUtf8(path, stringToFlags(options.flag));
[2026-08-25 05:03:36][UNIFIED]   autoloop:                    ^
[2026-08-25 05:03:36][UNIFIED]   autoloop: 
[2026-08-25 05:03:36][UNIFIED]   autoloop: Error: ENOENT: no such file or directory, open 'C:\Users\user\Desktop\ж-жмж-ж-T╦\data\plugin-discovery-policy.json'
[2026-08-25 05:03:36][UNIFIED]   autoloop:     at Object.readFileSync (node:fs:441:20)
[2026-08-25 05:03:36][UNIFIED]   autoloop:     at Object.<anonymous> (C:\Users\user\Desktop\World_server\scripts\discover-quality-plugins.js:5:28)
[2026-08-25 05:03:36][UNIFIED]   autoloop:     at Module._compile (node:internal/modules/cjs/loader:1830:14)
[2026-08-25 05:03:36][UNIFIED]   autoloop:     at Object..js (node:internal/modules/cjs/loader:1961:10)
[2026-08-25 05:03:36][UNIFIED]   autoloop:     at Module.load (node:internal/modules/cjs/loader:1553:32)
[2026-08-25 05:03:36][UNIFIED]   autoloop:     at Module._load (node:internal/modules/cjs/loader:1355:12)
[2026-08-25 05:03:36][UNIFIED]   autoloop:     at wrapModuleLoad (node:internal/modules/cjs/loader:255:19)
[2026-08-25 05:03:36][UNIFIED]   autoloop:     at Module.executeUserEntryPoint [as runMain] (node:internal/modules/run_main:154:5)
[2026-08-25 05:03:36][UNIFIED]   autoloop:     at node:internal/main/run_main_module:33:47 {
[2026-08-25 05:03:36][UNIFIED]   autoloop:   errno: -4058,
[2026-08-25 05:03:36][UNIFIED]   autoloop:   code: 'ENOENT',
[2026-08-25 05:03:36][UNIFIED]   autoloop:   syscall: 'open',
[2026-08-25 05:03:36][UNIFIED]   autoloop:   path: 'C:\\Users\\user\\Desktop\\ж-жмж-ж-T╦\\data\\plugin-discovery-policy.json'
[2026-08-25 05:03:36][UNIFIED]   autoloop: }
[2026-08-25 05:03:36][UNIFIED]   autoloop: 
[2026-08-25 05:03:36][UNIFIED]   autoloop: Node.js v24.15.0
[2026-08-25 05:03:37][UNIFIED]   autoloop: 
[2026-08-25 05:03:37][UNIFIED]   autoloop: [2026-08-25 05:03:37] PLUGIN AUTO-WIRE tick done
[2026-08-25 05:03:37][UNIFIED]   autoloop: [2026-08-25 05:03:37] LOCAL honest 100% reached. Cloud checks need time - waiting.
[2026-08-25 05:03:38][UNIFIED]   autoloop: [2026-08-25 05:03:38] No autoloop task found
[2026-08-25 05:03:38][UNIFIED]   autoloop: [2026-08-25 05:03:38] === AUTOLOOP TICK END - next tick in 15 min (keep running until honest 100%) ===
[2026-08-25 05:03:38][UNIFIED] Step 2: blocker-repair tick
[2026-08-25 05:03:38][UNIFIED]   blocker: [blocker-repair] FATAL: Error: Repair lock is active: C:\Users\user\Desktop\World_server\state\blocker-repair\repair.lock pid=23008 ageMs=126320
[2026-08-25 05:03:38][UNIFIED]   blocker:     at acquireLock (C:\Users\user\Desktop\World_server\scripts\autonomous-blocker-repair.cjs:177:11)
[2026-08-25 05:03:38][UNIFIED]   blocker:     at tick (C:\Users\user\Desktop\World_server\scripts\autonomous-blocker-repair.cjs:872:19)
[2026-08-25 05:03:38][UNIFIED]   blocker:     at main (C:\Users\user\Desktop\World_server\scripts\autonomous-blocker-repair.cjs:964:30)
[2026-08-25 05:03:38][UNIFIED]   blocker:     at Object.<anonymous> (C:\Users\user\Desktop\World_server\scripts\autonomous-blocker-repair.cjs:971:1)
[2026-08-25 05:03:38][UNIFIED]   blocker:     at Module._compile (node:internal/modules/cjs/loader:1830:14)
[2026-08-25 05:03:38][UNIFIED]   blocker:     at Object..js (node:internal/modules/cjs/loader:1961:10)
[2026-08-25 05:03:38][UNIFIED]   blocker:     at Module.load (node:internal/modules/cjs/loader:1553:32)
[2026-08-25 05:03:38][UNIFIED]   blocker:     at Module._load (node:internal/modules/cjs/loader:1355:12)
[2026-08-25 05:03:38][UNIFIED]   blocker:     at wrapModuleLoad (node:internal/modules/cjs/loader:255:19)
[2026-08-25 05:03:38][UNIFIED]   blocker:     at Module.executeUserEntryPoint [as runMain] (node:internal/modules/run_main:154:5)
[2026-08-25 05:03:38][UNIFIED] Step 3: verification
[2026-08-25 05:03:38][UNIFIED]   verify: [CONTROL_PLANE] PASS toolchain-security
[2026-08-25 05:03:38][UNIFIED]   verify: [CONTROL_PLANE] PASS toolchain-health
[2026-08-25 05:03:38][UNIFIED]   verify: [CONTROL_PLANE] PASS telemetry
[2026-08-25 05:03:43][UNIFIED]   verify: [CONTROL_PLANE] FAIL snapshot:     at Module._load (node:internal/modules/cjs/loader:1355:12)
[2026-08-25 05:03:43][UNIFIED]   verify: [CONTROL_PLANE] PASS native-ast-dataflow
[2026-08-25 05:03:45][UNIFIED]   verify: [CONTROL_PLANE] PASS semantic-graph
[2026-08-25 05:03:46][UNIFIED]   verify: [CONTROL_PLANE] PASS change-impact
[2026-08-25 05:03:47][UNIFIED]   verify: [CONTROL_PLANE] PASS assets
[2026-08-25 05:03:47][UNIFIED]   verify: [CONTROL_PLANE] PASS project-directives
[2026-08-25 05:03:47][UNIFIED]   verify: [CONTROL_PLANE] PASS asset-ingestion-plan
[2026-08-25 05:03:47][UNIFIED]   verify: [CONTROL_PLANE] PASS technology-lock
[2026-08-25 05:03:48][UNIFIED]   verify: [CONTROL_PLANE] FAIL graphics-ratchet: [GRAPHICS_GUARD] FAIL protectedChanges=20 failed=20
[2026-08-25 05:03:49][UNIFIED]   verify: [CONTROL_PLANE] PASS audio-variation
[2026-08-25 05:03:49][UNIFIED]   verify: [CONTROL_PLANE] PASS gameplay-spatial-contract
[2026-08-25 05:03:49][UNIFIED]   verify: [CONTROL_PLANE] PASS desktop-ai-report-contract
[2026-08-25 05:03:49][UNIFIED]   verify: [CONTROL_PLANE] PASS queue
[2026-08-25 05:03:49][UNIFIED]   verify: [CONTROL_PLANE] PASS config-contract
[2026-08-25 05:03:49][UNIFIED]   verify: [CONTROL_PLANE] PASS feature-flags
[2026-08-25 05:03:49][UNIFIED]   verify: [CONTROL_PLANE] PASS wit-component-contract
[2026-08-25 05:03:50][UNIFIED]   verify: [CONTROL_PLANE] PASS adapter-sandbox
[2026-08-25 05:03:50][UNIFIED]   verify: [CONTROL_PLANE] PASS secure-update
[2026-08-25 05:03:54][UNIFIED]   verify: [CONTROL_PLANE] FAIL reproducible-build: Node.js v24.15.0
[2026-08-25 05:03:54][UNIFIED]   verify: [CONTROL_PLANE] PASS model-check
[2026-08-25 05:03:55][UNIFIED]   verify: [CONTROL_PLANE] PASS cas-peer-discovery
[2026-08-25 05:03:55][UNIFIED]   verify: [CONTROL_PLANE] PASS distributed-cas
[2026-08-25 05:03:56][UNIFIED]   verify: [CONTROL_PLANE] PASS device-lab
[2026-08-25 05:03:56][UNIFIED]   verify: [CONTROL_PLANE] PASS device-executor
[2026-08-25 05:03:56][UNIFIED]   verify: [CONTROL_PLANE] PASS wit-bindings
[2026-08-25 05:03:56][UNIFIED]   verify: [CONTROL_PLANE] PASS rekor-monitor
[2026-08-25 05:03:57][UNIFIED]   verify: [CONTROL_PLANE] PASS technology-consensus
[2026-08-25 05:03:57][UNIFIED]   verify: [CONTROL_PLANE] PASS sbom
[2026-08-25 05:04:03][UNIFIED]   verify: [CONTROL_PLANE] PASS legacy-evidence-factory
[2026-08-25 05:04:03][UNIFIED]   verify: [CONTROL_PLANE] PASS slo-error-budget
[2026-08-25 05:04:03][UNIFIED]   verify: [CONTROL_PLANE] PASS db-migration-coordinator
[2026-08-25 05:04:04][UNIFIED]   verify: [CONTROL_PLANE] PASS asset-delta
[2026-08-25 05:04:04][UNIFIED]   verify: [CONTROL_PLANE] FAIL integration-gate: [SYSTEM_INTEGRATION_V7] 99% FAIL 126/127 leader-lease-migration
[2026-08-25 05:04:07][UNIFIED]   verify: [CONTROL_PLANE] PASS disaster-recovery-verify
[2026-08-25 05:04:07][UNIFIED]   verify: [CONTROL_PLANE] PASS provenance
[2026-08-25 05:04:08][UNIFIED]   verify: [CONTROL_PLANE] PASS supply-chain-signing
[2026-08-25 05:04:09][UNIFIED]   verify: [CONTROL_PLANE] FAIL policy: warning: in the working copy of 'package.json', LF will be replaced by CRLF the next time Git touches it
[2026-08-25 05:04:09][UNIFIED]   verify: [CONTROL_PLANE] PASS chaos-safety
[2026-08-25 05:04:09][UNIFIED]   verify: [CONTROL_PLANE] PASS orchestrator-monitor-lifecycle
[2026-08-25 05:04:10][UNIFIED]   verify: [CONTROL_PLANE] PASS orchestrator-patch-safety
[2026-08-25 05:04:10][UNIFIED]   verify: [CONTROL_PLANE] PASS orchestrator-minimal-repro
[2026-08-25 05:04:10][UNIFIED]   verify: [CONTROL_PLANE] PASS orchestrator-invariant-model
[2026-08-25 05:04:10][UNIFIED]   verify: [CONTROL_PLANE] PASS orchestrator-supervisor-negative
[2026-08-25 05:04:10][UNIFIED]   verify: [CONTROL_PLANE] PASS orchestrator-supervisor
[2026-08-25 05:04:10][UNIFIED]   verify: [CONTROL_PLANE] PASS capability-scheduler
[2026-08-25 05:04:10][UNIFIED]   verify: [CONTROL_PLANE] PASS cas-redundancy
[2026-08-25 05:04:11][UNIFIED]   verify: [CONTROL_PLANE] PASS device-worker
[2026-08-25 05:04:11][UNIFIED]   verify: [CONTROL_PLANE] PASS record-replay
[2026-08-25 05:04:11][UNIFIED]   verify: [CONTROL_PLANE] PASS dependency-security
[2026-08-25 05:04:11][UNIFIED]   verify: [CONTROL_PLANE] PASS transactional-deploy
[2026-08-25 05:04:11][UNIFIED]   verify: [CONTROL_PLANE] PASS enhancement-orchestrator
[2026-08-25 05:04:12][UNIFIED]   verify: [CONTROL_PLANE] PASS leader-lease-health
[2026-08-25 05:04:12][UNIFIED]   verify: [CONTROL_PLANE] PASS leader-lease-selftest
[2026-08-25 05:04:12][UNIFIED]   verify: [CONTROL_PLANE] PASS production-safety-health
[2026-08-25 05:04:12][UNIFIED]   verify: [CONTROL_PLANE] PASS production-safety-selftest
[2026-08-25 05:04:12][UNIFIED]   verify: [CONTROL_PLANE] PASS soak-chaos
[2026-08-25 05:04:12][UNIFIED]   verify: [CONTROL_PLANE] PASS crash-diagnostics
[2026-08-25 05:04:12][UNIFIED]   verify: [CONTROL_PLANE] PASS crash-diagnostics-selftest
[2026-08-25 05:04:12][UNIFIED]   verify: [CONTROL_PLANE] PASS causal-debugger
[2026-08-25 05:04:13][UNIFIED]   verify: [CONTROL_PLANE] PASS cas-replication-controller
[2026-08-25 05:04:13][UNIFIED]   verify: [CONTROL_PLANE] PASS physical-device-fleet
[2026-08-25 05:04:13][UNIFIED]   verify: [CONTROL_PLANE] PASS production-slo-autopilot
[2026-08-25 05:04:13][UNIFIED]   verify: [CONTROL_PLANE] PASS migration-fencing-runtime
[2026-08-25 05:04:13][UNIFIED]   verify: [CONTROL_PLANE] PASS long-soak-smoke
[2026-08-25 05:04:15][UNIFIED]   verify: [CONTROL_PLANE] PASS native-causal-collector
[2026-08-25 05:04:17][UNIFIED]   verify: [CONTROL_PLANE] FAIL selftest: Node.js v24.15.0
[2026-08-25 05:04:19][UNIFIED]   verify: [CONTROL_PLANE] FAIL honest-100-functions: [HONEST_100] FAIL certified=70/76 discovered=146
[2026-08-25 05:04:19][UNIFIED]   verify: [CONTROL_PLANE] PASS function-contract-coverage
[2026-08-25 05:04:21][UNIFIED]   verify: [CONTROL_PLANE] FAIL monotonic-100-guard:     at node:internal/main/run_main_module:33:47
[2026-08-25 05:04:21][UNIFIED]   verify: [CONTROL_PLANE] FAIL orchestrator-continuity: [ORCHESTRATOR_CONTINUITY] FAIL 5/8
[2026-08-25 05:04:21][UNIFIED]   verify: [CONTROL_PLANE] FAIL release-promotion: [RELEASE_PROMOTION] BLOCK decision=BLOCK
[2026-08-25 05:04:22][UNIFIED]   verify: [CONTROL_PLANE] FAIL readiness: [READINESS_V75] structural=84% operational=77% evidence=87% native=8%
[2026-08-25 05:04:22][UNIFIED]   verify: [CONTROL_PLANE] FAIL 64/75 trace=520077b29d0de55caaca23e9ca955d8d
[2026-08-25 05:04:22][UNIFIED] === UNIFIED TICK END ===
[2026-08-25 05:04:22][UNIFIED] state nextRunAt=2026-08-25T02:14:08.659Z blockers pass= requires_ai= waiting= mergeSafe=False
[2026-08-25 05:04:22][UNIFIED] LOCK released
[2026-08-25 05:04:52][UNIFIED] LOCK acquired C:\Users\user\Desktop\World_server\state\blocker-repair\unified.lock
[2026-08-25 05:04:52][UNIFIED] === UNIFIED TICK START quality_autoloop -> blocker-repair -> verification ===
[2026-08-25 05:04:52][UNIFIED] Step 1: quality_autoloop
[2026-08-25 05:04:53][UNIFIED]   autoloop: [2026-08-25 05:04:53] === AUTOLOOP TICK START ===
[2026-08-25 05:04:53][UNIFIED]   autoloop: [2026-08-25 05:04:53] localCount=108 localDigest=6775a559063525b6dfb9ef61181c7eb83c1a05fe5eea6e2180c83ea6185a5363 expected=6775a559063525b6dfb9ef61181c7eb83c1a05fe5eea6e2180c83ea6185a5363
[2026-08-25 05:04:53][UNIFIED]   autoloop: [2026-08-25 05:04:53] LOCAL 100% OK (108/108)
[2026-08-25 05:04:53][UNIFIED]   autoloop: [2026-08-25 05:04:53] commits ahead of master: 14 (need PR if >0)
[2026-08-25 05:04:53][UNIFIED]   autoloop: [2026-08-25 05:04:53] PLUGIN DISCOVER: node : node:fs:441
[2026-08-25 05:04:53][UNIFIED]   autoloop: C:\Users\user\AppData\Local\Temp\opencode\quality_autoloop.ps1:31 чэръ:10
[2026-08-25 05:04:53][UNIFIED]   autoloop: +   $plug= node "C:\Users\user\Desktop\World_server\scripts\discover-qu ...
[2026-08-25 05:04:53][UNIFIED]   autoloop: +          ~~~~~~~~~~~~~~~~~~~~~~~~~~~~~~~~~~~~~~~~~~~~~~~~~~~~~~~~~~~~
[2026-08-25 05:04:53][UNIFIED]   autoloop:     + CategoryInfo          : NotSpecified: (node:fs:441:String) [], RemoteException
[2026-08-25 05:04:53][UNIFIED]   autoloop:     + FullyQualifiedErrorId : NativeCommandError
[2026-08-25 05:04:53][UNIFIED]   autoloop:  
[2026-08-25 05:04:53][UNIFIED]   autoloop:     return binding.readFileUtf8(path, stringToFlags(options.flag));
[2026-08-25 05:04:53][UNIFIED]   autoloop:                    ^
[2026-08-25 05:04:53][UNIFIED]   autoloop: 
[2026-08-25 05:04:53][UNIFIED]   autoloop: Error: ENOENT: no such file or directory, open 'C:\Users\user\Desktop\ж-жмж-ж-T╦\data\plugin-discovery-policy.json'
[2026-08-25 05:04:53][UNIFIED]   autoloop:     at Object.readFileSync (node:fs:441:20)
[2026-08-25 05:04:53][UNIFIED]   autoloop:     at Object.<anonymous> (C:\Users\user\Desktop\World_server\scripts\discover-quality-plugins.js:5:28)
[2026-08-25 05:04:53][UNIFIED]   autoloop:     at Module._compile (node:internal/modules/cjs/loader:1830:14)
[2026-08-25 05:04:53][UNIFIED]   autoloop:     at Object..js (node:internal/modules/cjs/loader:1961:10)
[2026-08-25 05:04:53][UNIFIED]   autoloop:     at Module.load (node:internal/modules/cjs/loader:1553:32)
[2026-08-25 05:04:53][UNIFIED]   autoloop:     at Module._load (node:internal/modules/cjs/loader:1355:12)
[2026-08-25 05:04:53][UNIFIED]   autoloop:     at wrapModuleLoad (node:internal/modules/cjs/loader:255:19)
[2026-08-25 05:04:53][UNIFIED]   autoloop:     at Module.executeUserEntryPoint [as runMain] (node:internal/modules/run_main:154:5)
[2026-08-25 05:04:53][UNIFIED]   autoloop:     at node:internal/main/run_main_module:33:47 {
[2026-08-25 05:04:53][UNIFIED]   autoloop:   errno: -4058,
[2026-08-25 05:04:53][UNIFIED]   autoloop:   code: 'ENOENT',
[2026-08-25 05:04:53][UNIFIED]   autoloop:   syscall: 'open',
[2026-08-25 05:04:53][UNIFIED]   autoloop:   path: 'C:\\Users\\user\\Desktop\\ж-жмж-ж-T╦\\data\\plugin-discovery-policy.json'
[2026-08-25 05:04:53][UNIFIED]   autoloop: }
[2026-08-25 05:04:53][UNIFIED]   autoloop: 
[2026-08-25 05:04:53][UNIFIED]   autoloop: Node.js v24.15.0
[2026-08-25 05:04:53][UNIFIED]   autoloop: 
[2026-08-25 05:04:53][UNIFIED]   autoloop: [2026-08-25 05:04:53] PLUGIN AUTO-WIRE tick done
[2026-08-25 05:04:53][UNIFIED]   autoloop: [2026-08-25 05:04:53] LOCAL honest 100% reached. Cloud checks need time - waiting.
[2026-08-25 05:04:54][UNIFIED]   autoloop: [2026-08-25 05:04:54] No autoloop task found
[2026-08-25 05:04:54][UNIFIED]   autoloop: [2026-08-25 05:04:54] === AUTOLOOP TICK END - next tick in 15 min (keep running until honest 100%) ===
[2026-08-25 05:04:54][UNIFIED] Step 2: blocker-repair tick
Add-Content : Процесс не может получить доступ к файлу "C:\Users\user\Desktop\World_server\state\blocker-repair\schedul
er.log", так как этот файл используется другим процессом.
C:\Users\user\Desktop\World_server\state\blocker-repair\unified-tick.ps1:5 знак:90
+ ... line="[$ts][UNIFIED] $m"; Add-Content -Path $log -Value $line; Write- ...
+                               ~~~~~~~~~~~~~~~~~~~~~~~~~~~~~~~~~~~
    + CategoryInfo          : WriteError: (C:\Users\user\D...r\scheduler.log:String) [Add-Content], IOException
    + FullyQualifiedErrorId : GetContentWriterIOError,Microsoft.PowerShell.Commands.AddContentCommand
 
[2026-08-25 05:06:00][UNIFIED] SKIP parallel run - lock busy C:\Users\user\Desktop\World_server\state\blocker-repair\unified.lock : Исключение при вызове "Open" с "4" аргументами: "Процесс не может получить доступ к файлу "C:\Users\user\Desktop\World_server\state\blocker-repair\unified.lock", так как этот файл используется другим процессом."
[2026-08-25 05:11:38][UNIFIED] LOCK acquired C:\Users\user\Desktop\World_server\state\blocker-repair\unified.lock
[2026-08-25 05:11:38][UNIFIED] === UNIFIED TICK START quality_autoloop -> blocker-repair -> verification ===
[2026-08-25 05:11:38][UNIFIED] Step 1: quality_autoloop
[2026-08-25 05:11:38][UNIFIED]   autoloop: [2026-08-25 05:11:38] === AUTOLOOP TICK START ===
[2026-08-25 05:11:39][UNIFIED]   autoloop: [2026-08-25 05:11:39] localCount=108 localDigest=6775a559063525b6dfb9ef61181c7eb83c1a05fe5eea6e2180c83ea6185a5363 expected=6775a559063525b6dfb9ef61181c7eb83c1a05fe5eea6e2180c83ea6185a5363
[2026-08-25 05:11:39][UNIFIED]   autoloop: [2026-08-25 05:11:39] LOCAL 100% OK (108/108)
[2026-08-25 05:11:39][UNIFIED]   autoloop: [2026-08-25 05:11:39] commits ahead of master: 15 (need PR if >0)
[2026-08-25 05:11:39][UNIFIED]   autoloop: [2026-08-25 05:11:39] PLUGIN DISCOVER: [2026-08-25T02:11:39.157Z] OK cannon-es already installed (MIT) impact 80%
[2026-08-25 05:11:39][UNIFIED]   autoloop: [2026-08-25T02:11:39.163Z] OK comlink already installed (Apache-2.0) impact 65%
[2026-08-25 05:11:39][UNIFIED]   autoloop: [2026-08-25T02:11:39.164Z] OK idb-keyval already installed (Apache-2.0) impact 55%
[2026-08-25 05:11:39][UNIFIED]   autoloop: [2026-08-25T02:11:39.165Z] OK sharp already installed (Apache-2.0) impact 70%
[2026-08-25 05:11:39][UNIFIED]   autoloop: [2026-08-25T02:11:39.166Z] OK msw already installed (MIT) impact 60%
[2026-08-25 05:11:39][UNIFIED]   autoloop: [2026-08-25T02:11:39.166Z] OK zod already installed (MIT) impact 55%
[2026-08-25 05:11:39][UNIFIED]   autoloop: [2026-08-25T02:11:39.167Z] Wrote QUALITY_PLUGIN_CANDIDATES.json
[2026-08-25 05:11:39][UNIFIED]   autoloop: 
[2026-08-25 05:11:39][UNIFIED]   autoloop: [2026-08-25 05:11:39] PLUGIN AUTO-WIRE tick done
[2026-08-25 05:11:39][UNIFIED]   autoloop: [2026-08-25 05:11:39] LOCAL honest 100% reached. Cloud checks need time - waiting.
[2026-08-25 05:11:40][UNIFIED]   autoloop: [2026-08-25 05:11:40] No autoloop task found
[2026-08-25 05:11:40][UNIFIED]   autoloop: [2026-08-25 05:11:40] === AUTOLOOP TICK END - next tick in 15 min (keep running until honest 100%) ===
[2026-08-25 05:11:40][UNIFIED] Step 2: blocker-repair tick
Add-Content : Процесс не может получить доступ к файлу "C:\Users\user\Desktop\World_server\state\blocker-repair\schedul
er.log", так как этот файл используется другим процессом.
C:\Users\user\Desktop\World_server\state\blocker-repair\unified-tick.ps1:5 знак:90
+ ... line="[$ts][UNIFIED] $m"; Add-Content -Path $log -Value $line; Write- ...
+                               ~~~~~~~~~~~~~~~~~~~~~~~~~~~~~~~~~~~
    + CategoryInfo          : WriteError: (C:\Users\user\D...r\scheduler.log:String) [Add-Content], IOException
    + FullyQualifiedErrorId : GetContentWriterIOError,Microsoft.PowerShell.Commands.AddContentCommand
 
[2026-08-25 05:21:00][UNIFIED] SKIP parallel run - lock busy C:\Users\user\Desktop\World_server\state\blocker-repair\unified.lock : Исключение при вызове "Open" с "4" аргументами: "Процесс не может получить доступ к файлу "C:\Users\user\Desktop\World_server\state\blocker-repair\unified.lock", так как этот файл используется другим процессом."
Add-Content : Процесс не может получить доступ к файлу "C:\Users\user\Desktop\World_server\state\blocker-repair\schedul
er.log", так как этот файл используется другим процессом.
C:\Users\user\Desktop\World_server\state\blocker-repair\unified-tick.ps1:5 знак:90
+ ... line="[$ts][UNIFIED] $m"; Add-Content -Path $log -Value $line; Write- ...
+                               ~~~~~~~~~~~~~~~~~~~~~~~~~~~~~~~~~~~
    + CategoryInfo          : WriteError: (C:\Users\user\D...r\scheduler.log:String) [Add-Content], IOException
    + FullyQualifiedErrorId : GetContentWriterIOError,Microsoft.PowerShell.Commands.AddContentCommand
 
[2026-08-25 05:36:00][UNIFIED] LOCK acquired C:\Users\user\Desktop\World_server\state\blocker-repair\unified.lock
Add-Content : Процесс не может получить доступ к файлу "C:\Users\user\Desktop\World_server\state\blocker-repair\schedul
er.log", так как этот файл используется другим процессом.
C:\Users\user\Desktop\World_server\state\blocker-repair\unified-tick.ps1:5 знак:90
+ ... line="[$ts][UNIFIED] $m"; Add-Content -Path $log -Value $line; Write- ...
+                               ~~~~~~~~~~~~~~~~~~~~~~~~~~~~~~~~~~~
    + CategoryInfo          : WriteError: (C:\Users\user\D...r\scheduler.log:String) [Add-Content], IOException
    + FullyQualifiedErrorId : GetContentWriterIOError,Microsoft.PowerShell.Commands.AddContentCommand
 
[2026-08-25 05:36:00][UNIFIED] === UNIFIED TICK START quality_autoloop -> blocker-repair -> verification ===
Add-Content : Процесс не может получить доступ к файлу "C:\Users\user\Desktop\World_server\state\blocker-repair\schedul
er.log", так как этот файл используется другим процессом.
C:\Users\user\Desktop\World_server\state\blocker-repair\unified-tick.ps1:5 знак:90
+ ... line="[$ts][UNIFIED] $m"; Add-Content -Path $log -Value $line; Write- ...
+                               ~~~~~~~~~~~~~~~~~~~~~~~~~~~~~~~~~~~
    + CategoryInfo          : WriteError: (C:\Users\user\D...r\scheduler.log:String) [Add-Content], IOException
    + FullyQualifiedErrorId : GetContentWriterIOError,Microsoft.PowerShell.Commands.AddContentCommand
 
[2026-08-25 05:36:00][UNIFIED] Step 1: quality_autoloop
Add-Content : Процесс не может получить доступ к файлу "C:\Users\user\Desktop\World_server\state\blocker-repair\schedul
er.log", так как этот файл используется другим процессом.
C:\Users\user\Desktop\World_server\state\blocker-repair\unified-tick.ps1:5 знак:90
+ ... line="[$ts][UNIFIED] $m"; Add-Content -Path $log -Value $line; Write- ...
+                               ~~~~~~~~~~~~~~~~~~~~~~~~~~~~~~~~~~~
    + CategoryInfo          : WriteError: (C:\Users\user\D...r\scheduler.log:String) [Add-Content], IOException
    + FullyQualifiedErrorId : GetContentWriterIOError,Microsoft.PowerShell.Commands.AddContentCommand
 
[2026-08-25 05:36:00][UNIFIED]   autoloop: [2026-08-25 05:36:00] === AUTOLOOP TICK START ===
Add-Content : Процесс не может получить доступ к файлу "C:\Users\user\Desktop\World_server\state\blocker-repair\schedul
er.log", так как этот файл используется другим процессом.
C:\Users\user\Desktop\World_server\state\blocker-repair\unified-tick.ps1:5 знак:90
+ ... line="[$ts][UNIFIED] $m"; Add-Content -Path $log -Value $line; Write- ...
+                               ~~~~~~~~~~~~~~~~~~~~~~~~~~~~~~~~~~~
    + CategoryInfo          : WriteError: (C:\Users\user\D...r\scheduler.log:String) [Add-Content], IOException
    + FullyQualifiedErrorId : GetContentWriterIOError,Microsoft.PowerShell.Commands.AddContentCommand
 
[2026-08-25 05:36:01][UNIFIED]   autoloop: [2026-08-25 05:36:01] localCount=108 localDigest=6775a559063525b6dfb9ef61181c7eb83c1a05fe5eea6e2180c83ea6185a5363 expected=6775a559063525b6dfb9ef61181c7eb83c1a05fe5eea6e2180c83ea6185a5363
Add-Content : Процесс не может получить доступ к файлу "C:\Users\user\Desktop\World_server\state\blocker-repair\schedul
er.log", так как этот файл используется другим процессом.
C:\Users\user\Desktop\World_server\state\blocker-repair\unified-tick.ps1:5 знак:90
+ ... line="[$ts][UNIFIED] $m"; Add-Content -Path $log -Value $line; Write- ...
+                               ~~~~~~~~~~~~~~~~~~~~~~~~~~~~~~~~~~~
    + CategoryInfo          : WriteError: (C:\Users\user\D...r\scheduler.log:String) [Add-Content], IOException
    + FullyQualifiedErrorId : GetContentWriterIOError,Microsoft.PowerShell.Commands.AddContentCommand
 
[2026-08-25 05:36:01][UNIFIED]   autoloop: [2026-08-25 05:36:01] LOCAL 100% OK (108/108)
Add-Content : Процесс не может получить доступ к файлу "C:\Users\user\Desktop\World_server\state\blocker-repair\schedul
er.log", так как этот файл используется другим процессом.
C:\Users\user\Desktop\World_server\state\blocker-repair\unified-tick.ps1:5 знак:90
+ ... line="[$ts][UNIFIED] $m"; Add-Content -Path $log -Value $line; Write- ...
+                               ~~~~~~~~~~~~~~~~~~~~~~~~~~~~~~~~~~~
    + CategoryInfo          : WriteError: (C:\Users\user\D...r\scheduler.log:String) [Add-Content], IOException
    + FullyQualifiedErrorId : GetContentWriterIOError,Microsoft.PowerShell.Commands.AddContentCommand
 
[2026-08-25 05:36:01][UNIFIED]   autoloop: [2026-08-25 05:36:01] commits ahead of master: 15 (need PR if >0)
Add-Content : Процесс не может получить доступ к файлу "C:\Users\user\Desktop\World_server\state\blocker-repair\schedul
er.log", так как этот файл используется другим процессом.
C:\Users\user\Desktop\World_server\state\blocker-repair\unified-tick.ps1:5 знак:90
+ ... line="[$ts][UNIFIED] $m"; Add-Content -Path $log -Value $line; Write- ...
+                               ~~~~~~~~~~~~~~~~~~~~~~~~~~~~~~~~~~~
    + CategoryInfo          : WriteError: (C:\Users\user\D...r\scheduler.log:String) [Add-Content], IOException
    + FullyQualifiedErrorId : GetContentWriterIOError,Microsoft.PowerShell.Commands.AddContentCommand
 
[2026-08-25 05:36:01][UNIFIED]   autoloop: [2026-08-25 05:36:01] PLUGIN DISCOVER: [2026-08-25T02:36:01.350Z] OK cannon-es already installed (MIT) impact 80%
Add-Content : Процесс не может получить доступ к файлу "C:\Users\user\Desktop\World_server\state\blocker-repair\schedul
er.log", так как этот файл используется другим процессом.
C:\Users\user\Desktop\World_server\state\blocker-repair\unified-tick.ps1:5 знак:90
+ ... line="[$ts][UNIFIED] $m"; Add-Content -Path $log -Value $line; Write- ...
+                               ~~~~~~~~~~~~~~~~~~~~~~~~~~~~~~~~~~~
    + CategoryInfo          : WriteError: (C:\Users\user\D...r\scheduler.log:String) [Add-Content], IOException
    + FullyQualifiedErrorId : GetContentWriterIOError,Microsoft.PowerShell.Commands.AddContentCommand
 
[2026-08-25 05:36:01][UNIFIED]   autoloop: [2026-08-25T02:36:01.354Z] OK comlink already installed (Apache-2.0) impact 65%
Add-Content : Процесс не может получить доступ к файлу "C:\Users\user\Desktop\World_server\state\blocker-repair\schedul
er.log", так как этот файл используется другим процессом.
C:\Users\user\Desktop\World_server\state\blocker-repair\unified-tick.ps1:5 знак:90
+ ... line="[$ts][UNIFIED] $m"; Add-Content -Path $log -Value $line; Write- ...
+                               ~~~~~~~~~~~~~~~~~~~~~~~~~~~~~~~~~~~
    + CategoryInfo          : WriteError: (C:\Users\user\D...r\scheduler.log:String) [Add-Content], IOException
    + FullyQualifiedErrorId : GetContentWriterIOError,Microsoft.PowerShell.Commands.AddContentCommand
 
[2026-08-25 05:36:01][UNIFIED]   autoloop: [2026-08-25T02:36:01.355Z] OK idb-keyval already installed (Apache-2.0) impact 55%
Add-Content : Процесс не может получить доступ к файлу "C:\Users\user\Desktop\World_server\state\blocker-repair\schedul
er.log", так как этот файл используется другим процессом.
C:\Users\user\Desktop\World_server\state\blocker-repair\unified-tick.ps1:5 знак:90
+ ... line="[$ts][UNIFIED] $m"; Add-Content -Path $log -Value $line; Write- ...
+                               ~~~~~~~~~~~~~~~~~~~~~~~~~~~~~~~~~~~
    + CategoryInfo          : WriteError: (C:\Users\user\D...r\scheduler.log:String) [Add-Content], IOException
    + FullyQualifiedErrorId : GetContentWriterIOError,Microsoft.PowerShell.Commands.AddContentCommand
 
[2026-08-25 05:36:01][UNIFIED]   autoloop: [2026-08-25T02:36:01.356Z] OK sharp already installed (Apache-2.0) impact 70%
Add-Content : Процесс не может получить доступ к файлу "C:\Users\user\Desktop\World_server\state\blocker-repair\schedul
er.log", так как этот файл используется другим процессом.
C:\Users\user\Desktop\World_server\state\blocker-repair\unified-tick.ps1:5 знак:90
+ ... line="[$ts][UNIFIED] $m"; Add-Content -Path $log -Value $line; Write- ...
+                               ~~~~~~~~~~~~~~~~~~~~~~~~~~~~~~~~~~~
    + CategoryInfo          : WriteError: (C:\Users\user\D...r\scheduler.log:String) [Add-Content], IOException
    + FullyQualifiedErrorId : GetContentWriterIOError,Microsoft.PowerShell.Commands.AddContentCommand
 
[2026-08-25 05:36:01][UNIFIED]   autoloop: [2026-08-25T02:36:01.356Z] OK msw already installed (MIT) impact 60%
Add-Content : Процесс не может получить доступ к файлу "C:\Users\user\Desktop\World_server\state\blocker-repair\schedul
er.log", так как этот файл используется другим процессом.
C:\Users\user\Desktop\World_server\state\blocker-repair\unified-tick.ps1:5 знак:90
+ ... line="[$ts][UNIFIED] $m"; Add-Content -Path $log -Value $line; Write- ...
+                               ~~~~~~~~~~~~~~~~~~~~~~~~~~~~~~~~~~~
    + CategoryInfo          : WriteError: (C:\Users\user\D...r\scheduler.log:String) [Add-Content], IOException
    + FullyQualifiedErrorId : GetContentWriterIOError,Microsoft.PowerShell.Commands.AddContentCommand
 
[2026-08-25 05:36:01][UNIFIED]   autoloop: [2026-08-25T02:36:01.357Z] OK zod already installed (MIT) impact 55%
Add-Content : Процесс не может получить доступ к файлу "C:\Users\user\Desktop\World_server\state\blocker-repair\schedul
er.log", так как этот файл используется другим процессом.
C:\Users\user\Desktop\World_server\state\blocker-repair\unified-tick.ps1:5 знак:90
+ ... line="[$ts][UNIFIED] $m"; Add-Content -Path $log -Value $line; Write- ...
+                               ~~~~~~~~~~~~~~~~~~~~~~~~~~~~~~~~~~~
    + CategoryInfo          : WriteError: (C:\Users\user\D...r\scheduler.log:String) [Add-Content], IOException
    + FullyQualifiedErrorId : GetContentWriterIOError,Microsoft.PowerShell.Commands.AddContentCommand
 
[2026-08-25 05:36:01][UNIFIED]   autoloop: [2026-08-25T02:36:01.358Z] Wrote QUALITY_PLUGIN_CANDIDATES.json
Add-Content : Процесс не может получить доступ к файлу "C:\Users\user\Desktop\World_server\state\blocker-repair\schedul
er.log", так как этот файл используется другим процессом.
C:\Users\user\Desktop\World_server\state\blocker-repair\unified-tick.ps1:5 знак:90
+ ... line="[$ts][UNIFIED] $m"; Add-Content -Path $log -Value $line; Write- ...
+                               ~~~~~~~~~~~~~~~~~~~~~~~~~~~~~~~~~~~
    + CategoryInfo          : WriteError: (C:\Users\user\D...r\scheduler.log:String) [Add-Content], IOException
    + FullyQualifiedErrorId : GetContentWriterIOError,Microsoft.PowerShell.Commands.AddContentCommand
 
[2026-08-25 05:36:01][UNIFIED]   autoloop: 
Add-Content : Процесс не может получить доступ к файлу "C:\Users\user\Desktop\World_server\state\blocker-repair\schedul
er.log", так как этот файл используется другим процессом.
C:\Users\user\Desktop\World_server\state\blocker-repair\unified-tick.ps1:5 знак:90
+ ... line="[$ts][UNIFIED] $m"; Add-Content -Path $log -Value $line; Write- ...
+                               ~~~~~~~~~~~~~~~~~~~~~~~~~~~~~~~~~~~
    + CategoryInfo          : WriteError: (C:\Users\user\D...r\scheduler.log:String) [Add-Content], IOException
    + FullyQualifiedErrorId : GetContentWriterIOError,Microsoft.PowerShell.Commands.AddContentCommand
 
[2026-08-25 05:36:01][UNIFIED]   autoloop: [2026-08-25 05:36:01] PLUGIN AUTO-WIRE tick done
Add-Content : Процесс не может получить доступ к файлу "C:\Users\user\Desktop\World_server\state\blocker-repair\schedul
er.log", так как этот файл используется другим процессом.
C:\Users\user\Desktop\World_server\state\blocker-repair\unified-tick.ps1:5 знак:90
+ ... line="[$ts][UNIFIED] $m"; Add-Content -Path $log -Value $line; Write- ...
+                               ~~~~~~~~~~~~~~~~~~~~~~~~~~~~~~~~~~~
    + CategoryInfo          : WriteError: (C:\Users\user\D...r\scheduler.log:String) [Add-Content], IOException
    + FullyQualifiedErrorId : GetContentWriterIOError,Microsoft.PowerShell.Commands.AddContentCommand
 
[2026-08-25 05:36:01][UNIFIED]   autoloop: [2026-08-25 05:36:01] LOCAL honest 100% reached. Cloud checks need time - waiting.
Add-Content : Процесс не может получить доступ к файлу "C:\Users\user\Desktop\World_server\state\blocker-repair\schedul
er.log", так как этот файл используется другим процессом.
C:\Users\user\Desktop\World_server\state\blocker-repair\unified-tick.ps1:5 знак:90
+ ... line="[$ts][UNIFIED] $m"; Add-Content -Path $log -Value $line; Write- ...
+                               ~~~~~~~~~~~~~~~~~~~~~~~~~~~~~~~~~~~
    + CategoryInfo          : WriteError: (C:\Users\user\D...r\scheduler.log:String) [Add-Content], IOException
    + FullyQualifiedErrorId : GetContentWriterIOError,Microsoft.PowerShell.Commands.AddContentCommand
 
[2026-08-25 05:36:02][UNIFIED]   autoloop: [2026-08-25 05:36:02] No autoloop task found
Add-Content : Процесс не может получить доступ к файлу "C:\Users\user\Desktop\World_server\state\blocker-repair\schedul
er.log", так как этот файл используется другим процессом.
C:\Users\user\Desktop\World_server\state\blocker-repair\unified-tick.ps1:5 знак:90
+ ... line="[$ts][UNIFIED] $m"; Add-Content -Path $log -Value $line; Write- ...
+                               ~~~~~~~~~~~~~~~~~~~~~~~~~~~~~~~~~~~
    + CategoryInfo          : WriteError: (C:\Users\user\D...r\scheduler.log:String) [Add-Content], IOException
    + FullyQualifiedErrorId : GetContentWriterIOError,Microsoft.PowerShell.Commands.AddContentCommand
 
[2026-08-25 05:36:02][UNIFIED]   autoloop: [2026-08-25 05:36:02] === AUTOLOOP TICK END - next tick in 15 min (keep running until honest 100%) ===
Add-Content : Процесс не может получить доступ к файлу "C:\Users\user\Desktop\World_server\state\blocker-repair\schedul
er.log", так как этот файл используется другим процессом.
C:\Users\user\Desktop\World_server\state\blocker-repair\unified-tick.ps1:5 знак:90
+ ... line="[$ts][UNIFIED] $m"; Add-Content -Path $log -Value $line; Write- ...
+                               ~~~~~~~~~~~~~~~~~~~~~~~~~~~~~~~~~~~
    + CategoryInfo          : WriteError: (C:\Users\user\D...r\scheduler.log:String) [Add-Content], IOException
    + FullyQualifiedErrorId : GetContentWriterIOError,Microsoft.PowerShell.Commands.AddContentCommand
 
[2026-08-25 05:36:02][UNIFIED] Step 2: blocker-repair tick
Add-Content : Процесс не может получить доступ к файлу "C:\Users\user\Desktop\World_server\state\blocker-repair\schedul
er.log", так как этот файл используется другим процессом.
C:\Users\user\Desktop\World_server\state\blocker-repair\unified-tick.ps1:5 знак:90
+ ... line="[$ts][UNIFIED] $m"; Add-Content -Path $log -Value $line; Write- ...
+                               ~~~~~~~~~~~~~~~~~~~~~~~~~~~~~~~~~~~
    + CategoryInfo          : WriteError: (C:\Users\user\D...r\scheduler.log:String) [Add-Content], IOException
    + FullyQualifiedErrorId : GetContentWriterIOError,Microsoft.PowerShell.Commands.AddContentCommand
 
[2026-08-25 06:07:07][UNIFIED]   blocker: {
Add-Content : Процесс не может получить доступ к файлу "C:\Users\user\Desktop\World_server\state\blocker-repair\schedul
er.log", так как этот файл используется другим процессом.
C:\Users\user\Desktop\World_server\state\blocker-repair\unified-tick.ps1:5 знак:90
+ ... line="[$ts][UNIFIED] $m"; Add-Content -Path $log -Value $line; Write- ...
+                               ~~~~~~~~~~~~~~~~~~~~~~~~~~~~~~~~~~~
    + CategoryInfo          : WriteError: (C:\Users\user\D...r\scheduler.log:String) [Add-Content], IOException
    + FullyQualifiedErrorId : GetContentWriterIOError,Microsoft.PowerShell.Commands.AddContentCommand
 
[2026-08-25 06:07:07][UNIFIED]   blocker:   "pass": false,
Add-Content : Процесс не может получить доступ к файлу "C:\Users\user\Desktop\World_server\state\blocker-repair\schedul
er.log", так как этот файл используется другим процессом.
C:\Users\user\Desktop\World_server\state\blocker-repair\unified-tick.ps1:5 знак:90
+ ... line="[$ts][UNIFIED] $m"; Add-Content -Path $log -Value $line; Write- ...
+                               ~~~~~~~~~~~~~~~~~~~~~~~~~~~~~~~~~~~
    + CategoryInfo          : WriteError: (C:\Users\user\D...r\scheduler.log:String) [Add-Content], IOException
    + FullyQualifiedErrorId : GetContentWriterIOError,Microsoft.PowerShell.Commands.AddContentCommand
 
[2026-08-25 06:07:07][UNIFIED]   blocker:   "version": "1.0.0",
Add-Content : Процесс не может получить доступ к файлу "C:\Users\user\Desktop\World_server\state\blocker-repair\schedul
er.log", так как этот файл используется другим процессом.
C:\Users\user\Desktop\World_server\state\blocker-repair\unified-tick.ps1:5 знак:90
+ ... line="[$ts][UNIFIED] $m"; Add-Content -Path $log -Value $line; Write- ...
+                               ~~~~~~~~~~~~~~~~~~~~~~~~~~~~~~~~~~~
    + CategoryInfo          : WriteError: (C:\Users\user\D...r\scheduler.log:String) [Add-Content], IOException
    + FullyQualifiedErrorId : GetContentWriterIOError,Microsoft.PowerShell.Commands.AddContentCommand
 
[2026-08-25 06:07:07][UNIFIED]   blocker:   "cycle": 8,
Add-Content : Процесс не может получить доступ к файлу "C:\Users\user\Desktop\World_server\state\blocker-repair\schedul
er.log", так как этот файл используется другим процессом.
C:\Users\user\Desktop\World_server\state\blocker-repair\unified-tick.ps1:5 знак:90
+ ... line="[$ts][UNIFIED] $m"; Add-Content -Path $log -Value $line; Write- ...
+                               ~~~~~~~~~~~~~~~~~~~~~~~~~~~~~~~~~~~
    + CategoryInfo          : WriteError: (C:\Users\user\D...r\scheduler.log:String) [Add-Content], IOException
    + FullyQualifiedErrorId : GetContentWriterIOError,Microsoft.PowerShell.Commands.AddContentCommand
 
[2026-08-25 06:07:07][UNIFIED]   blocker:   "counts": {
Add-Content : Процесс не может получить доступ к файлу "C:\Users\user\Desktop\World_server\state\blocker-repair\schedul
er.log", так как этот файл используется другим процессом.
C:\Users\user\Desktop\World_server\state\blocker-repair\unified-tick.ps1:5 знак:90
+ ... line="[$ts][UNIFIED] $m"; Add-Content -Path $log -Value $line; Write- ...
+                               ~~~~~~~~~~~~~~~~~~~~~~~~~~~~~~~~~~~
    + CategoryInfo          : WriteError: (C:\Users\user\D...r\scheduler.log:String) [Add-Content], IOException
    + FullyQualifiedErrorId : GetContentWriterIOError,Microsoft.PowerShell.Commands.AddContentCommand
 
[2026-08-25 06:07:07][UNIFIED]   blocker:     "pass": 7,
Add-Content : Процесс не может получить доступ к файлу "C:\Users\user\Desktop\World_server\state\blocker-repair\schedul
er.log", так как этот файл используется другим процессом.
C:\Users\user\Desktop\World_server\state\blocker-repair\unified-tick.ps1:5 знак:90
+ ... line="[$ts][UNIFIED] $m"; Add-Content -Path $log -Value $line; Write- ...
+                               ~~~~~~~~~~~~~~~~~~~~~~~~~~~~~~~~~~~
    + CategoryInfo          : WriteError: (C:\Users\user\D...r\scheduler.log:String) [Add-Content], IOException
    + FullyQualifiedErrorId : GetContentWriterIOError,Microsoft.PowerShell.Commands.AddContentCommand
 
[2026-08-25 06:07:07][UNIFIED]   blocker:     "waiting": 5,
Add-Content : Процесс не может получить доступ к файлу "C:\Users\user\Desktop\World_server\state\blocker-repair\schedul
er.log", так как этот файл используется другим процессом.
C:\Users\user\Desktop\World_server\state\blocker-repair\unified-tick.ps1:5 знак:90
+ ... line="[$ts][UNIFIED] $m"; Add-Content -Path $log -Value $line; Write- ...
+                               ~~~~~~~~~~~~~~~~~~~~~~~~~~~~~~~~~~~
    + CategoryInfo          : WriteError: (C:\Users\user\D...r\scheduler.log:String) [Add-Content], IOException
    + FullyQualifiedErrorId : GetContentWriterIOError,Microsoft.PowerShell.Commands.AddContentCommand
 
[2026-08-25 06:07:07][UNIFIED]   blocker:     "requires_ai": 1
Add-Content : Процесс не может получить доступ к файлу "C:\Users\user\Desktop\World_server\state\blocker-repair\schedul
er.log", так как этот файл используется другим процессом.
C:\Users\user\Desktop\World_server\state\blocker-repair\unified-tick.ps1:5 знак:90
+ ... line="[$ts][UNIFIED] $m"; Add-Content -Path $log -Value $line; Write- ...
+                               ~~~~~~~~~~~~~~~~~~~~~~~~~~~~~~~~~~~
    + CategoryInfo          : WriteError: (C:\Users\user\D...r\scheduler.log:String) [Add-Content], IOException
    + FullyQualifiedErrorId : GetContentWriterIOError,Microsoft.PowerShell.Commands.AddContentCommand
 
[2026-08-25 06:07:07][UNIFIED]   blocker:   },
Add-Content : Процесс не может получить доступ к файлу "C:\Users\user\Desktop\World_server\state\blocker-repair\schedul
er.log", так как этот файл используется другим процессом.
C:\Users\user\Desktop\World_server\state\blocker-repair\unified-tick.ps1:5 знак:90
+ ... line="[$ts][UNIFIED] $m"; Add-Content -Path $log -Value $line; Write- ...
+                               ~~~~~~~~~~~~~~~~~~~~~~~~~~~~~~~~~~~
    + CategoryInfo          : WriteError: (C:\Users\user\D...r\scheduler.log:String) [Add-Content], IOException
    + FullyQualifiedErrorId : GetContentWriterIOError,Microsoft.PowerShell.Commands.AddContentCommand
 
[2026-08-25 06:07:07][UNIFIED]   blocker:   "gatesPass": false,
Add-Content : Процесс не может получить доступ к файлу "C:\Users\user\Desktop\World_server\state\blocker-repair\schedul
er.log", так как этот файл используется другим процессом.
C:\Users\user\Desktop\World_server\state\blocker-repair\unified-tick.ps1:5 знак:90
+ ... line="[$ts][UNIFIED] $m"; Add-Content -Path $log -Value $line; Write- ...
+                               ~~~~~~~~~~~~~~~~~~~~~~~~~~~~~~~~~~~
    + CategoryInfo          : WriteError: (C:\Users\user\D...r\scheduler.log:String) [Add-Content], IOException
    + FullyQualifiedErrorId : GetContentWriterIOError,Microsoft.PowerShell.Commands.AddContentCommand
 
[2026-08-25 06:07:07][UNIFIED]   blocker:   "mergeSafe": false,
Add-Content : Процесс не может получить доступ к файлу "C:\Users\user\Desktop\World_server\state\blocker-repair\schedul
er.log", так как этот файл используется другим процессом.
C:\Users\user\Desktop\World_server\state\blocker-repair\unified-tick.ps1:5 знак:90
+ ... line="[$ts][UNIFIED] $m"; Add-Content -Path $log -Value $line; Write- ...
+                               ~~~~~~~~~~~~~~~~~~~~~~~~~~~~~~~~~~~
    + CategoryInfo          : WriteError: (C:\Users\user\D...r\scheduler.log:String) [Add-Content], IOException
    + FullyQualifiedErrorId : GetContentWriterIOError,Microsoft.PowerShell.Commands.AddContentCommand
 
[2026-08-25 06:07:07][UNIFIED]   blocker:   "nextRunAt": "2026-08-25T02:51:09.241Z",
Add-Content : Процесс не может получить доступ к файлу "C:\Users\user\Desktop\World_server\state\blocker-repair\schedul
er.log", так как этот файл используется другим процессом.
C:\Users\user\Desktop\World_server\state\blocker-repair\unified-tick.ps1:5 знак:90
+ ... line="[$ts][UNIFIED] $m"; Add-Content -Path $log -Value $line; Write- ...
+                               ~~~~~~~~~~~~~~~~~~~~~~~~~~~~~~~~~~~
    + CategoryInfo          : WriteError: (C:\Users\user\D...r\scheduler.log:String) [Add-Content], IOException
    + FullyQualifiedErrorId : GetContentWriterIOError,Microsoft.PowerShell.Commands.AddContentCommand
 
[2026-08-25 06:07:07][UNIFIED]   blocker:   "aiAction": "state\\blocker-repair\\DESKTOP_AI_NEXT_ACTION.md",
Add-Content : Процесс не может получить доступ к файлу "C:\Users\user\Desktop\World_server\state\blocker-repair\schedul
er.log", так как этот файл используется другим процессом.
C:\Users\user\Desktop\World_server\state\blocker-repair\unified-tick.ps1:5 знак:90
+ ... line="[$ts][UNIFIED] $m"; Add-Content -Path $log -Value $line; Write- ...
+                               ~~~~~~~~~~~~~~~~~~~~~~~~~~~~~~~~~~~
    + CategoryInfo          : WriteError: (C:\Users\user\D...r\scheduler.log:String) [Add-Content], IOException
    + FullyQualifiedErrorId : GetContentWriterIOError,Microsoft.PowerShell.Commands.AddContentCommand
 
[2026-08-25 06:07:07][UNIFIED]   blocker:   "blockers": {
Add-Content : Процесс не может получить доступ к файлу "C:\Users\user\Desktop\World_server\state\blocker-repair\schedul
er.log", так как этот файл используется другим процессом.
C:\Users\user\Desktop\World_server\state\blocker-repair\unified-tick.ps1:5 знак:90
+ ... line="[$ts][UNIFIED] $m"; Add-Content -Path $log -Value $line; Write- ...
+                               ~~~~~~~~~~~~~~~~~~~~~~~~~~~~~~~~~~~
    + CategoryInfo          : WriteError: (C:\Users\user\D...r\scheduler.log:String) [Add-Content], IOException
    + FullyQualifiedErrorId : GetContentWriterIOError,Microsoft.PowerShell.Commands.AddContentCommand
 
[2026-08-25 06:07:07][UNIFIED]   blocker:     "durable-scheduler": {
Add-Content : Процесс не может получить доступ к файлу "C:\Users\user\Desktop\World_server\state\blocker-repair\schedul
er.log", так как этот файл используется другим процессом.
C:\Users\user\Desktop\World_server\state\blocker-repair\unified-tick.ps1:5 знак:90
+ ... line="[$ts][UNIFIED] $m"; Add-Content -Path $log -Value $line; Write- ...
+                               ~~~~~~~~~~~~~~~~~~~~~~~~~~~~~~~~~~~
    + CategoryInfo          : WriteError: (C:\Users\user\D...r\scheduler.log:String) [Add-Content], IOException
    + FullyQualifiedErrorId : GetContentWriterIOError,Microsoft.PowerShell.Commands.AddContentCommand
 
[2026-08-25 06:07:07][UNIFIED]   blocker:       "id": "durable-scheduler",
Add-Content : Процесс не может получить доступ к файлу "C:\Users\user\Desktop\World_server\state\blocker-repair\schedul
er.log", так как этот файл используется другим процессом.
C:\Users\user\Desktop\World_server\state\blocker-repair\unified-tick.ps1:5 знак:90
+ ... line="[$ts][UNIFIED] $m"; Add-Content -Path $log -Value $line; Write- ...
+                               ~~~~~~~~~~~~~~~~~~~~~~~~~~~~~~~~~~~
    + CategoryInfo          : WriteError: (C:\Users\user\D...r\scheduler.log:String) [Add-Content], IOException
    + FullyQualifiedErrorId : GetContentWriterIOError,Microsoft.PowerShell.Commands.AddContentCommand
 
[2026-08-25 06:07:07][UNIFIED]   blocker:       "status": "pass",
Add-Content : Процесс не может получить доступ к файлу "C:\Users\user\Desktop\World_server\state\blocker-repair\schedul
er.log", так как этот файл используется другим процессом.
C:\Users\user\Desktop\World_server\state\blocker-repair\unified-tick.ps1:5 знак:90
+ ... line="[$ts][UNIFIED] $m"; Add-Content -Path $log -Value $line; Write- ...
+                               ~~~~~~~~~~~~~~~~~~~~~~~~~~~~~~~~~~~
    + CategoryInfo          : WriteError: (C:\Users\user\D...r\scheduler.log:String) [Add-Content], IOException
    + FullyQualifiedErrorId : GetContentWriterIOError,Microsoft.PowerShell.Commands.AddContentCommand
 
[2026-08-25 06:07:07][UNIFIED]   blocker:       "updatedAt": "2026-08-25T01:36:13.140Z",
Add-Content : Процесс не может получить доступ к файлу "C:\Users\user\Desktop\World_server\state\blocker-repair\schedul
er.log", так как этот файл используется другим процессом.
C:\Users\user\Desktop\World_server\state\blocker-repair\unified-tick.ps1:5 знак:90
+ ... line="[$ts][UNIFIED] $m"; Add-Content -Path $log -Value $line; Write- ...
+                               ~~~~~~~~~~~~~~~~~~~~~~~~~~~~~~~~~~~
    + CategoryInfo          : WriteError: (C:\Users\user\D...r\scheduler.log:String) [Add-Content], IOException
    + FullyQualifiedErrorId : GetContentWriterIOError,Microsoft.PowerShell.Commands.AddContentCommand
 
[2026-08-25 06:07:07][UNIFIED]   blocker:       "firstSeenAt": "2026-08-25T01:36:13.140Z",
Add-Content : Процесс не может получить доступ к файлу "C:\Users\user\Desktop\World_server\state\blocker-repair\schedul
er.log", так как этот файл используется другим процессом.
C:\Users\user\Desktop\World_server\state\blocker-repair\unified-tick.ps1:5 знак:90
+ ... line="[$ts][UNIFIED] $m"; Add-Content -Path $log -Value $line; Write- ...
+                               ~~~~~~~~~~~~~~~~~~~~~~~~~~~~~~~~~~~
    + CategoryInfo          : WriteError: (C:\Users\user\D...r\scheduler.log:String) [Add-Content], IOException
    + FullyQualifiedErrorId : GetContentWriterIOError,Microsoft.PowerShell.Commands.AddContentCommand
 
[2026-08-25 06:07:07][UNIFIED]   blocker:       "attempts": 0,
Add-Content : Процесс не может получить доступ к файлу "C:\Users\user\Desktop\World_server\state\blocker-repair\schedul
er.log", так как этот файл используется другим процессом.
C:\Users\user\Desktop\World_server\state\blocker-repair\unified-tick.ps1:5 знак:90
+ ... line="[$ts][UNIFIED] $m"; Add-Content -Path $log -Value $line; Write- ...
+                               ~~~~~~~~~~~~~~~~~~~~~~~~~~~~~~~~~~~
    + CategoryInfo          : WriteError: (C:\Users\user\D...r\scheduler.log:String) [Add-Content], IOException
    + FullyQualifiedErrorId : GetContentWriterIOError,Microsoft.PowerShell.Commands.AddContentCommand
 
[2026-08-25 06:07:07][UNIFIED]   blocker:       "reason": "Task Scheduler every 15 minutes"
Add-Content : Процесс не может получить доступ к файлу "C:\Users\user\Desktop\World_server\state\blocker-repair\schedul
er.log", так как этот файл используется другим процессом.
C:\Users\user\Desktop\World_server\state\blocker-repair\unified-tick.ps1:5 знак:90
+ ... line="[$ts][UNIFIED] $m"; Add-Content -Path $log -Value $line; Write- ...
+                               ~~~~~~~~~~~~~~~~~~~~~~~~~~~~~~~~~~~
    + CategoryInfo          : WriteError: (C:\Users\user\D...r\scheduler.log:String) [Add-Content], IOException
    + FullyQualifiedErrorId : GetContentWriterIOError,Microsoft.PowerShell.Commands.AddContentCommand
 
[2026-08-25 06:07:07][UNIFIED]   blocker:     },
Add-Content : Процесс не может получить доступ к файлу "C:\Users\user\Desktop\World_server\state\blocker-repair\schedul
er.log", так как этот файл используется другим процессом.
C:\Users\user\Desktop\World_server\state\blocker-repair\unified-tick.ps1:5 знак:90
+ ... line="[$ts][UNIFIED] $m"; Add-Content -Path $log -Value $line; Write- ...
+                               ~~~~~~~~~~~~~~~~~~~~~~~~~~~~~~~~~~~
    + CategoryInfo          : WriteError: (C:\Users\user\D...r\scheduler.log:String) [Add-Content], IOException
    + FullyQualifiedErrorId : GetContentWriterIOError,Microsoft.PowerShell.Commands.AddContentCommand
 
[2026-08-25 06:07:07][UNIFIED]   blocker:     "toolchain-bootstrap": {
Add-Content : Процесс не может получить доступ к файлу "C:\Users\user\Desktop\World_server\state\blocker-repair\schedul
er.log", так как этот файл используется другим процессом.
C:\Users\user\Desktop\World_server\state\blocker-repair\unified-tick.ps1:5 знак:90
+ ... line="[$ts][UNIFIED] $m"; Add-Content -Path $log -Value $line; Write- ...
+                               ~~~~~~~~~~~~~~~~~~~~~~~~~~~~~~~~~~~
    + CategoryInfo          : WriteError: (C:\Users\user\D...r\scheduler.log:String) [Add-Content], IOException
    + FullyQualifiedErrorId : GetContentWriterIOError,Microsoft.PowerShell.Commands.AddContentCommand
 
[2026-08-25 06:07:07][UNIFIED]   blocker:       "id": "toolchain-bootstrap",
Add-Content : Процесс не может получить доступ к файлу "C:\Users\user\Desktop\World_server\state\blocker-repair\schedul
er.log", так как этот файл используется другим процессом.
C:\Users\user\Desktop\World_server\state\blocker-repair\unified-tick.ps1:5 знак:90
+ ... line="[$ts][UNIFIED] $m"; Add-Content -Path $log -Value $line; Write- ...
+                               ~~~~~~~~~~~~~~~~~~~~~~~~~~~~~~~~~~~
    + CategoryInfo          : WriteError: (C:\Users\user\D...r\scheduler.log:String) [Add-Content], IOException
    + FullyQualifiedErrorId : GetContentWriterIOError,Microsoft.PowerShell.Commands.AddContentCommand
 
[2026-08-25 06:07:07][UNIFIED]   blocker:       "status": "pass",
Add-Content : Процесс не может получить доступ к файлу "C:\Users\user\Desktop\World_server\state\blocker-repair\schedul
er.log", так как этот файл используется другим процессом.
C:\Users\user\Desktop\World_server\state\blocker-repair\unified-tick.ps1:5 знак:90
+ ... line="[$ts][UNIFIED] $m"; Add-Content -Path $log -Value $line; Write- ...
+                               ~~~~~~~~~~~~~~~~~~~~~~~~~~~~~~~~~~~
    + CategoryInfo          : WriteError: (C:\Users\user\D...r\scheduler.log:String) [Add-Content], IOException
    + FullyQualifiedErrorId : GetContentWriterIOError,Microsoft.PowerShell.Commands.AddContentCommand
 
[2026-08-25 06:07:07][UNIFIED]   blocker:       "updatedAt": "2026-08-25T02:36:02.808Z",
Add-Content : Процесс не может получить доступ к файлу "C:\Users\user\Desktop\World_server\state\blocker-repair\schedul
er.log", так как этот файл используется другим процессом.
C:\Users\user\Desktop\World_server\state\blocker-repair\unified-tick.ps1:5 знак:90
+ ... line="[$ts][UNIFIED] $m"; Add-Content -Path $log -Value $line; Write- ...
+                               ~~~~~~~~~~~~~~~~~~~~~~~~~~~~~~~~~~~
    + CategoryInfo          : WriteError: (C:\Users\user\D...r\scheduler.log:String) [Add-Content], IOException
    + FullyQualifiedErrorId : GetContentWriterIOError,Microsoft.PowerShell.Commands.AddContentCommand
 
[2026-08-25 06:07:07][UNIFIED]   blocker:       "firstSeenAt": "2026-08-25T01:38:31.809Z",
Add-Content : Процесс не может получить доступ к файлу "C:\Users\user\Desktop\World_server\state\blocker-repair\schedul
er.log", так как этот файл используется другим процессом.
C:\Users\user\Desktop\World_server\state\blocker-repair\unified-tick.ps1:5 знак:90
+ ... line="[$ts][UNIFIED] $m"; Add-Content -Path $log -Value $line; Write- ...
+                               ~~~~~~~~~~~~~~~~~~~~~~~~~~~~~~~~~~~
    + CategoryInfo          : WriteError: (C:\Users\user\D...r\scheduler.log:String) [Add-Content], IOException
    + FullyQualifiedErrorId : GetContentWriterIOError,Microsoft.PowerShell.Commands.AddContentCommand
 
[2026-08-25 06:07:07][UNIFIED]   blocker:       "attempts": 0,
Add-Content : Процесс не может получить доступ к файлу "C:\Users\user\Desktop\World_server\state\blocker-repair\schedul
er.log", так как этот файл используется другим процессом.
C:\Users\user\Desktop\World_server\state\blocker-repair\unified-tick.ps1:5 знак:90
+ ... line="[$ts][UNIFIED] $m"; Add-Content -Path $log -Value $line; Write- ...
+                               ~~~~~~~~~~~~~~~~~~~~~~~~~~~~~~~~~~~
    + CategoryInfo          : WriteError: (C:\Users\user\D...r\scheduler.log:String) [Add-Content], IOException
    + FullyQualifiedErrorId : GetContentWriterIOError,Microsoft.PowerShell.Commands.AddContentCommand
 
[2026-08-25 06:07:07][UNIFIED]   blocker:       "reason": "Existing bootstrap PASS"
Add-Content : Процесс не может получить доступ к файлу "C:\Users\user\Desktop\World_server\state\blocker-repair\schedul
er.log", так как этот файл используется другим процессом.
C:\Users\user\Desktop\World_server\state\blocker-repair\unified-tick.ps1:5 знак:90
+ ... line="[$ts][UNIFIED] $m"; Add-Content -Path $log -Value $line; Write- ...
+                               ~~~~~~~~~~~~~~~~~~~~~~~~~~~~~~~~~~~
    + CategoryInfo          : WriteError: (C:\Users\user\D...r\scheduler.log:String) [Add-Content], IOException
    + FullyQualifiedErrorId : GetContentWriterIOError,Microsoft.PowerShell.Commands.AddContentCommand
 
[2026-08-25 06:07:07][UNIFIED]   blocker:     },
Add-Content : Процесс не может получить доступ к файлу "C:\Users\user\Desktop\World_server\state\blocker-repair\schedul
er.log", так как этот файл используется другим процессом.
C:\Users\user\Desktop\World_server\state\blocker-repair\unified-tick.ps1:5 знак:90
+ ... line="[$ts][UNIFIED] $m"; Add-Content -Path $log -Value $line; Write- ...
+                               ~~~~~~~~~~~~~~~~~~~~~~~~~~~~~~~~~~~
    + CategoryInfo          : WriteError: (C:\Users\user\D...r\scheduler.log:String) [Add-Content], IOException
    + FullyQualifiedErrorId : GetContentWriterIOError,Microsoft.PowerShell.Commands.AddContentCommand
 
[2026-08-25 06:07:07][UNIFIED]   blocker:     "wasmtime": {
Add-Content : Процесс не может получить доступ к файлу "C:\Users\user\Desktop\World_server\state\blocker-repair\schedul
er.log", так как этот файл используется другим процессом.
C:\Users\user\Desktop\World_server\state\blocker-repair\unified-tick.ps1:5 знак:90
+ ... line="[$ts][UNIFIED] $m"; Add-Content -Path $log -Value $line; Write- ...
+                               ~~~~~~~~~~~~~~~~~~~~~~~~~~~~~~~~~~~
    + CategoryInfo          : WriteError: (C:\Users\user\D...r\scheduler.log:String) [Add-Content], IOException
    + FullyQualifiedErrorId : GetContentWriterIOError,Microsoft.PowerShell.Commands.AddContentCommand
 
[2026-08-25 06:07:07][UNIFIED]   blocker:       "id": "wasmtime",
Add-Content : Процесс не может получить доступ к файлу "C:\Users\user\Desktop\World_server\state\blocker-repair\schedul
er.log", так как этот файл используется другим процессом.
C:\Users\user\Desktop\World_server\state\blocker-repair\unified-tick.ps1:5 знак:90
+ ... line="[$ts][UNIFIED] $m"; Add-Content -Path $log -Value $line; Write- ...
+                               ~~~~~~~~~~~~~~~~~~~~~~~~~~~~~~~~~~~
    + CategoryInfo          : WriteError: (C:\Users\user\D...r\scheduler.log:String) [Add-Content], IOException
    + FullyQualifiedErrorId : GetContentWriterIOError,Microsoft.PowerShell.Commands.AddContentCommand
 
[2026-08-25 06:07:07][UNIFIED]   blocker:       "status": "pass",
Add-Content : Процесс не может получить доступ к файлу "C:\Users\user\Desktop\World_server\state\blocker-repair\schedul
er.log", так как этот файл используется другим процессом.
C:\Users\user\Desktop\World_server\state\blocker-repair\unified-tick.ps1:5 знак:90
+ ... line="[$ts][UNIFIED] $m"; Add-Content -Path $log -Value $line; Write- ...
+                               ~~~~~~~~~~~~~~~~~~~~~~~~~~~~~~~~~~~
    + CategoryInfo          : WriteError: (C:\Users\user\D...r\scheduler.log:String) [Add-Content], IOException
    + FullyQualifiedErrorId : GetContentWriterIOError,Microsoft.PowerShell.Commands.AddContentCommand
 
[2026-08-25 06:07:07][UNIFIED]   blocker:       "updatedAt": "2026-08-25T02:36:02.841Z",
Add-Content : Процесс не может получить доступ к файлу "C:\Users\user\Desktop\World_server\state\blocker-repair\schedul
er.log", так как этот файл используется другим процессом.
C:\Users\user\Desktop\World_server\state\blocker-repair\unified-tick.ps1:5 знак:90
+ ... line="[$ts][UNIFIED] $m"; Add-Content -Path $log -Value $line; Write- ...
+                               ~~~~~~~~~~~~~~~~~~~~~~~~~~~~~~~~~~~
    + CategoryInfo          : WriteError: (C:\Users\user\D...r\scheduler.log:String) [Add-Content], IOException
    + FullyQualifiedErrorId : GetContentWriterIOError,Microsoft.PowerShell.Commands.AddContentCommand
 
[2026-08-25 06:07:07][UNIFIED]   blocker:       "firstSeenAt": "2026-08-25T01:38:31.814Z",
Add-Content : Процесс не может получить доступ к файлу "C:\Users\user\Desktop\World_server\state\blocker-repair\schedul
er.log", так как этот файл используется другим процессом.
C:\Users\user\Desktop\World_server\state\blocker-repair\unified-tick.ps1:5 знак:90
+ ... line="[$ts][UNIFIED] $m"; Add-Content -Path $log -Value $line; Write- ...
+                               ~~~~~~~~~~~~~~~~~~~~~~~~~~~~~~~~~~~
    + CategoryInfo          : WriteError: (C:\Users\user\D...r\scheduler.log:String) [Add-Content], IOException
    + FullyQualifiedErrorId : GetContentWriterIOError,Microsoft.PowerShell.Commands.AddContentCommand
 
[2026-08-25 06:07:07][UNIFIED]   blocker:       "attempts": 0,
Add-Content : Процесс не может получить доступ к файлу "C:\Users\user\Desktop\World_server\state\blocker-repair\schedul
er.log", так как этот файл используется другим процессом.
C:\Users\user\Desktop\World_server\state\blocker-repair\unified-tick.ps1:5 знак:90
+ ... line="[$ts][UNIFIED] $m"; Add-Content -Path $log -Value $line; Write- ...
+                               ~~~~~~~~~~~~~~~~~~~~~~~~~~~~~~~~~~~
    + CategoryInfo          : WriteError: (C:\Users\user\D...r\scheduler.log:String) [Add-Content], IOException
    + FullyQualifiedErrorId : GetContentWriterIOError,Microsoft.PowerShell.Commands.AddContentCommand
 
[2026-08-25 06:07:07][UNIFIED]   blocker:       "reason": "wasmtime 27.0.0 (8eefa236f 2024-11-20)"
Add-Content : Процесс не может получить доступ к файлу "C:\Users\user\Desktop\World_server\state\blocker-repair\schedul
er.log", так как этот файл используется другим процессом.
C:\Users\user\Desktop\World_server\state\blocker-repair\unified-tick.ps1:5 знак:90
+ ... line="[$ts][UNIFIED] $m"; Add-Content -Path $log -Value $line; Write- ...
+                               ~~~~~~~~~~~~~~~~~~~~~~~~~~~~~~~~~~~
    + CategoryInfo          : WriteError: (C:\Users\user\D...r\scheduler.log:String) [Add-Content], IOException
    + FullyQualifiedErrorId : GetContentWriterIOError,Microsoft.PowerShell.Commands.AddContentCommand
 
[2026-08-25 06:07:07][UNIFIED]   blocker:     },
Add-Content : Процесс не может получить доступ к файлу "C:\Users\user\Desktop\World_server\state\blocker-repair\schedul
er.log", так как этот файл используется другим процессом.
C:\Users\user\Desktop\World_server\state\blocker-repair\unified-tick.ps1:5 знак:90
+ ... line="[$ts][UNIFIED] $m"; Add-Content -Path $log -Value $line; Write- ...
+                               ~~~~~~~~~~~~~~~~~~~~~~~~~~~~~~~~~~~
    + CategoryInfo          : WriteError: (C:\Users\user\D...r\scheduler.log:String) [Add-Content], IOException
    + FullyQualifiedErrorId : GetContentWriterIOError,Microsoft.PowerShell.Commands.AddContentCommand
 
[2026-08-25 06:07:07][UNIFIED]   blocker:     "tlc": {
Add-Content : Процесс не может получить доступ к файлу "C:\Users\user\Desktop\World_server\state\blocker-repair\schedul
er.log", так как этот файл используется другим процессом.
C:\Users\user\Desktop\World_server\state\blocker-repair\unified-tick.ps1:5 знак:90
+ ... line="[$ts][UNIFIED] $m"; Add-Content -Path $log -Value $line; Write- ...
+                               ~~~~~~~~~~~~~~~~~~~~~~~~~~~~~~~~~~~
    + CategoryInfo          : WriteError: (C:\Users\user\D...r\scheduler.log:String) [Add-Content], IOException
    + FullyQualifiedErrorId : GetContentWriterIOError,Microsoft.PowerShell.Commands.AddContentCommand
 
[2026-08-25 06:07:07][UNIFIED]   blocker:       "id": "tlc",
Add-Content : Процесс не может получить доступ к файлу "C:\Users\user\Desktop\World_server\state\blocker-repair\schedul
er.log", так как этот файл используется другим процессом.
C:\Users\user\Desktop\World_server\state\blocker-repair\unified-tick.ps1:5 знак:90
+ ... line="[$ts][UNIFIED] $m"; Add-Content -Path $log -Value $line; Write- ...
+                               ~~~~~~~~~~~~~~~~~~~~~~~~~~~~~~~~~~~
    + CategoryInfo          : WriteError: (C:\Users\user\D...r\scheduler.log:String) [Add-Content], IOException
    + FullyQualifiedErrorId : GetContentWriterIOError,Microsoft.PowerShell.Commands.AddContentCommand
 
[2026-08-25 06:07:08][UNIFIED]   blocker:       "status": "pass",
Add-Content : Процесс не может получить доступ к файлу "C:\Users\user\Desktop\World_server\state\blocker-repair\schedul
er.log", так как этот файл используется другим процессом.
C:\Users\user\Desktop\World_server\state\blocker-repair\unified-tick.ps1:5 знак:90
+ ... line="[$ts][UNIFIED] $m"; Add-Content -Path $log -Value $line; Write- ...
+                               ~~~~~~~~~~~~~~~~~~~~~~~~~~~~~~~~~~~
    + CategoryInfo          : WriteError: (C:\Users\user\D...r\scheduler.log:String) [Add-Content], IOException
    + FullyQualifiedErrorId : GetContentWriterIOError,Microsoft.PowerShell.Commands.AddContentCommand
 
[2026-08-25 06:07:08][UNIFIED]   blocker:       "updatedAt": "2026-08-25T02:36:03.230Z",
Add-Content : Процесс не может получить доступ к файлу "C:\Users\user\Desktop\World_server\state\blocker-repair\schedul
er.log", так как этот файл используется другим процессом.
C:\Users\user\Desktop\World_server\state\blocker-repair\unified-tick.ps1:5 знак:90
+ ... line="[$ts][UNIFIED] $m"; Add-Content -Path $log -Value $line; Write- ...
+                               ~~~~~~~~~~~~~~~~~~~~~~~~~~~~~~~~~~~
    + CategoryInfo          : WriteError: (C:\Users\user\D...r\scheduler.log:String) [Add-Content], IOException
    + FullyQualifiedErrorId : GetContentWriterIOError,Microsoft.PowerShell.Commands.AddContentCommand
 
[2026-08-25 06:07:08][UNIFIED]   blocker:       "firstSeenAt": "2026-08-25T01:38:31.814Z",
Add-Content : Процесс не может получить доступ к файлу "C:\Users\user\Desktop\World_server\state\blocker-repair\schedul
er.log", так как этот файл используется другим процессом.
C:\Users\user\Desktop\World_server\state\blocker-repair\unified-tick.ps1:5 знак:90
+ ... line="[$ts][UNIFIED] $m"; Add-Content -Path $log -Value $line; Write- ...
+                               ~~~~~~~~~~~~~~~~~~~~~~~~~~~~~~~~~~~
    + CategoryInfo          : WriteError: (C:\Users\user\D...r\scheduler.log:String) [Add-Content], IOException
    + FullyQualifiedErrorId : GetContentWriterIOError,Microsoft.PowerShell.Commands.AddContentCommand
 
[2026-08-25 06:07:08][UNIFIED]   blocker:       "attempts": 0,
Add-Content : Процесс не может получить доступ к файлу "C:\Users\user\Desktop\World_server\state\blocker-repair\schedul
er.log", так как этот файл используется другим процессом.
C:\Users\user\Desktop\World_server\state\blocker-repair\unified-tick.ps1:5 знак:90
+ ... line="[$ts][UNIFIED] $m"; Add-Content -Path $log -Value $line; Write- ...
+                               ~~~~~~~~~~~~~~~~~~~~~~~~~~~~~~~~~~~
    + CategoryInfo          : WriteError: (C:\Users\user\D...r\scheduler.log:String) [Add-Content], IOException
    + FullyQualifiedErrorId : GetContentWriterIOError,Microsoft.PowerShell.Commands.AddContentCommand
 
[2026-08-25 06:07:08][UNIFIED]   blocker:       "reason": "TLC native Java invocation verified"
Add-Content : Процесс не может получить доступ к файлу "C:\Users\user\Desktop\World_server\state\blocker-repair\schedul
er.log", так как этот файл используется другим процессом.
C:\Users\user\Desktop\World_server\state\blocker-repair\unified-tick.ps1:5 знак:90
+ ... line="[$ts][UNIFIED] $m"; Add-Content -Path $log -Value $line; Write- ...
+                               ~~~~~~~~~~~~~~~~~~~~~~~~~~~~~~~~~~~
    + CategoryInfo          : WriteError: (C:\Users\user\D...r\scheduler.log:String) [Add-Content], IOException
    + FullyQualifiedErrorId : GetContentWriterIOError,Microsoft.PowerShell.Commands.AddContentCommand
 
[2026-08-25 06:07:08][UNIFIED]   blocker:     },
Add-Content : Процесс не может получить доступ к файлу "C:\Users\user\Desktop\World_server\state\blocker-repair\schedul
er.log", так как этот файл используется другим процессом.
C:\Users\user\Desktop\World_server\state\blocker-repair\unified-tick.ps1:5 знак:90
+ ... line="[$ts][UNIFIED] $m"; Add-Content -Path $log -Value $line; Write- ...
+                               ~~~~~~~~~~~~~~~~~~~~~~~~~~~~~~~~~~~
    + CategoryInfo          : WriteError: (C:\Users\user\D...r\scheduler.log:String) [Add-Content], IOException
    + FullyQualifiedErrorId : GetContentWriterIOError,Microsoft.PowerShell.Commands.AddContentCommand
 
[2026-08-25 06:07:08][UNIFIED]   blocker:     "native-cosign": {
Add-Content : Процесс не может получить доступ к файлу "C:\Users\user\Desktop\World_server\state\blocker-repair\schedul
er.log", так как этот файл используется другим процессом.
C:\Users\user\Desktop\World_server\state\blocker-repair\unified-tick.ps1:5 знак:90
+ ... line="[$ts][UNIFIED] $m"; Add-Content -Path $log -Value $line; Write- ...
+                               ~~~~~~~~~~~~~~~~~~~~~~~~~~~~~~~~~~~
    + CategoryInfo          : WriteError: (C:\Users\user\D...r\scheduler.log:String) [Add-Content], IOException
    + FullyQualifiedErrorId : GetContentWriterIOError,Microsoft.PowerShell.Commands.AddContentCommand
 
[2026-08-25 06:07:08][UNIFIED]   blocker:       "id": "native-cosign",
Add-Content : Процесс не может получить доступ к файлу "C:\Users\user\Desktop\World_server\state\blocker-repair\schedul
er.log", так как этот файл используется другим процессом.
C:\Users\user\Desktop\World_server\state\blocker-repair\unified-tick.ps1:5 знак:90
+ ... line="[$ts][UNIFIED] $m"; Add-Content -Path $log -Value $line; Write- ...
+                               ~~~~~~~~~~~~~~~~~~~~~~~~~~~~~~~~~~~
    + CategoryInfo          : WriteError: (C:\Users\user\D...r\scheduler.log:String) [Add-Content], IOException
    + FullyQualifiedErrorId : GetContentWriterIOError,Microsoft.PowerShell.Commands.AddContentCommand
 
[2026-08-25 06:07:08][UNIFIED]   blocker:       "status": "pass",
Add-Content : Процесс не может получить доступ к файлу "C:\Users\user\Desktop\World_server\state\blocker-repair\schedul
er.log", так как этот файл используется другим процессом.
C:\Users\user\Desktop\World_server\state\blocker-repair\unified-tick.ps1:5 знак:90
+ ... line="[$ts][UNIFIED] $m"; Add-Content -Path $log -Value $line; Write- ...
+                               ~~~~~~~~~~~~~~~~~~~~~~~~~~~~~~~~~~~
    + CategoryInfo          : WriteError: (C:\Users\user\D...r\scheduler.log:String) [Add-Content], IOException
    + FullyQualifiedErrorId : GetContentWriterIOError,Microsoft.PowerShell.Commands.AddContentCommand
 
[2026-08-25 06:07:08][UNIFIED]   blocker:       "updatedAt": "2026-08-25T02:36:03.347Z",
Add-Content : Процесс не может получить доступ к файлу "C:\Users\user\Desktop\World_server\state\blocker-repair\schedul
er.log", так как этот файл используется другим процессом.
C:\Users\user\Desktop\World_server\state\blocker-repair\unified-tick.ps1:5 знак:90
+ ... line="[$ts][UNIFIED] $m"; Add-Content -Path $log -Value $line; Write- ...
+                               ~~~~~~~~~~~~~~~~~~~~~~~~~~~~~~~~~~~
    + CategoryInfo          : WriteError: (C:\Users\user\D...r\scheduler.log:String) [Add-Content], IOException
    + FullyQualifiedErrorId : GetContentWriterIOError,Microsoft.PowerShell.Commands.AddContentCommand
 
[2026-08-25 06:07:08][UNIFIED]   blocker:       "firstSeenAt": "2026-08-25T01:40:32.228Z",
Add-Content : Процесс не может получить доступ к файлу "C:\Users\user\Desktop\World_server\state\blocker-repair\schedul
er.log", так как этот файл используется другим процессом.
C:\Users\user\Desktop\World_server\state\blocker-repair\unified-tick.ps1:5 знак:90
+ ... line="[$ts][UNIFIED] $m"; Add-Content -Path $log -Value $line; Write- ...
+                               ~~~~~~~~~~~~~~~~~~~~~~~~~~~~~~~~~~~
    + CategoryInfo          : WriteError: (C:\Users\user\D...r\scheduler.log:String) [Add-Content], IOException
    + FullyQualifiedErrorId : GetContentWriterIOError,Microsoft.PowerShell.Commands.AddContentCommand
 
[2026-08-25 06:07:08][UNIFIED]   blocker:       "attempts": 1,
Add-Content : Процесс не может получить доступ к файлу "C:\Users\user\Desktop\World_server\state\blocker-repair\schedul
er.log", так как этот файл используется другим процессом.
C:\Users\user\Desktop\World_server\state\blocker-repair\unified-tick.ps1:5 знак:90
+ ... line="[$ts][UNIFIED] $m"; Add-Content -Path $log -Value $line; Write- ...
+                               ~~~~~~~~~~~~~~~~~~~~~~~~~~~~~~~~~~~
    + CategoryInfo          : WriteError: (C:\Users\user\D...r\scheduler.log:String) [Add-Content], IOException
    + FullyQualifiedErrorId : GetContentWriterIOError,Microsoft.PowerShell.Commands.AddContentCommand
 
[2026-08-25 06:07:08][UNIFIED]   blocker:       "attempted": true,
Add-Content : Процесс не может получить доступ к файлу "C:\Users\user\Desktop\World_server\state\blocker-repair\schedul
er.log", так как этот файл используется другим процессом.
C:\Users\user\Desktop\World_server\state\blocker-repair\unified-tick.ps1:5 знак:90
+ ... line="[$ts][UNIFIED] $m"; Add-Content -Path $log -Value $line; Write- ...
+                               ~~~~~~~~~~~~~~~~~~~~~~~~~~~~~~~~~~~
    + CategoryInfo          : WriteError: (C:\Users\user\D...r\scheduler.log:String) [Add-Content], IOException
    + FullyQualifiedErrorId : GetContentWriterIOError,Microsoft.PowerShell.Commands.AddContentCommand
 
[2026-08-25 06:07:08][UNIFIED]   blocker:       "reason": "Compiler:      gc\nPlatform:      windows/amd64"
Add-Content : Процесс не может получить доступ к файлу "C:\Users\user\Desktop\World_server\state\blocker-repair\schedul
er.log", так как этот файл используется другим процессом.
C:\Users\user\Desktop\World_server\state\blocker-repair\unified-tick.ps1:5 знак:90
+ ... line="[$ts][UNIFIED] $m"; Add-Content -Path $log -Value $line; Write- ...
+                               ~~~~~~~~~~~~~~~~~~~~~~~~~~~~~~~~~~~
    + CategoryInfo          : WriteError: (C:\Users\user\D...r\scheduler.log:String) [Add-Content], IOException
    + FullyQualifiedErrorId : GetContentWriterIOError,Microsoft.PowerShell.Commands.AddContentCommand
 
[2026-08-25 06:07:08][UNIFIED]   blocker:     },
Add-Content : Процесс не может получить доступ к файлу "C:\Users\user\Desktop\World_server\state\blocker-repair\schedul
er.log", так как этот файл используется другим процессом.
C:\Users\user\Desktop\World_server\state\blocker-repair\unified-tick.ps1:5 знак:90
+ ... line="[$ts][UNIFIED] $m"; Add-Content -Path $log -Value $line; Write- ...
+                               ~~~~~~~~~~~~~~~~~~~~~~~~~~~~~~~~~~~
    + CategoryInfo          : WriteError: (C:\Users\user\D...r\scheduler.log:String) [Add-Content], IOException
    + FullyQualifiedErrorId : GetContentWriterIOError,Microsoft.PowerShell.Commands.AddContentCommand
 
[2026-08-25 06:07:08][UNIFIED]   blocker:     "etw-ebpf-perf": {
Add-Content : Процесс не может получить доступ к файлу "C:\Users\user\Desktop\World_server\state\blocker-repair\schedul
er.log", так как этот файл используется другим процессом.
C:\Users\user\Desktop\World_server\state\blocker-repair\unified-tick.ps1:5 знак:90
+ ... line="[$ts][UNIFIED] $m"; Add-Content -Path $log -Value $line; Write- ...
+                               ~~~~~~~~~~~~~~~~~~~~~~~~~~~~~~~~~~~
    + CategoryInfo          : WriteError: (C:\Users\user\D...r\scheduler.log:String) [Add-Content], IOException
    + FullyQualifiedErrorId : GetContentWriterIOError,Microsoft.PowerShell.Commands.AddContentCommand
 
[2026-08-25 06:07:08][UNIFIED]   blocker:       "id": "etw-ebpf-perf",
Add-Content : Процесс не может получить доступ к файлу "C:\Users\user\Desktop\World_server\state\blocker-repair\schedul
er.log", так как этот файл используется другим процессом.
C:\Users\user\Desktop\World_server\state\blocker-repair\unified-tick.ps1:5 знак:90
+ ... line="[$ts][UNIFIED] $m"; Add-Content -Path $log -Value $line; Write- ...
+                               ~~~~~~~~~~~~~~~~~~~~~~~~~~~~~~~~~~~
    + CategoryInfo          : WriteError: (C:\Users\user\D...r\scheduler.log:String) [Add-Content], IOException
    + FullyQualifiedErrorId : GetContentWriterIOError,Microsoft.PowerShell.Commands.AddContentCommand
 
[2026-08-25 06:07:08][UNIFIED]   blocker:       "status": "pass",
Add-Content : Процесс не может получить доступ к файлу "C:\Users\user\Desktop\World_server\state\blocker-repair\schedul
er.log", так как этот файл используется другим процессом.
C:\Users\user\Desktop\World_server\state\blocker-repair\unified-tick.ps1:5 знак:90
+ ... line="[$ts][UNIFIED] $m"; Add-Content -Path $log -Value $line; Write- ...
+                               ~~~~~~~~~~~~~~~~~~~~~~~~~~~~~~~~~~~
    + CategoryInfo          : WriteError: (C:\Users\user\D...r\scheduler.log:String) [Add-Content], IOException
    + FullyQualifiedErrorId : GetContentWriterIOError,Microsoft.PowerShell.Commands.AddContentCommand
 
[2026-08-25 06:07:08][UNIFIED]   blocker:       "updatedAt": "2026-08-25T02:36:09.065Z",
Add-Content : Процесс не может получить доступ к файлу "C:\Users\user\Desktop\World_server\state\blocker-repair\schedul
er.log", так как этот файл используется другим процессом.
C:\Users\user\Desktop\World_server\state\blocker-repair\unified-tick.ps1:5 знак:90
+ ... line="[$ts][UNIFIED] $m"; Add-Content -Path $log -Value $line; Write- ...
+                               ~~~~~~~~~~~~~~~~~~~~~~~~~~~~~~~~~~~
    + CategoryInfo          : WriteError: (C:\Users\user\D...r\scheduler.log:String) [Add-Content], IOException
    + FullyQualifiedErrorId : GetContentWriterIOError,Microsoft.PowerShell.Commands.AddContentCommand
 
[2026-08-25 06:07:08][UNIFIED]   blocker:       "firstSeenAt": "2026-08-25T01:40:43.724Z",
Add-Content : Процесс не может получить доступ к файлу "C:\Users\user\Desktop\World_server\state\blocker-repair\schedul
er.log", так как этот файл используется другим процессом.
C:\Users\user\Desktop\World_server\state\blocker-repair\unified-tick.ps1:5 знак:90
+ ... line="[$ts][UNIFIED] $m"; Add-Content -Path $log -Value $line; Write- ...
+                               ~~~~~~~~~~~~~~~~~~~~~~~~~~~~~~~~~~~
    + CategoryInfo          : WriteError: (C:\Users\user\D...r\scheduler.log:String) [Add-Content], IOException
    + FullyQualifiedErrorId : GetContentWriterIOError,Microsoft.PowerShell.Commands.AddContentCommand
 
[2026-08-25 06:07:08][UNIFIED]   blocker:       "attempts": 0,
Add-Content : Процесс не может получить доступ к файлу "C:\Users\user\Desktop\World_server\state\blocker-repair\schedul
er.log", так как этот файл используется другим процессом.
C:\Users\user\Desktop\World_server\state\blocker-repair\unified-tick.ps1:5 знак:90
+ ... line="[$ts][UNIFIED] $m"; Add-Content -Path $log -Value $line; Write- ...
+                               ~~~~~~~~~~~~~~~~~~~~~~~~~~~~~~~~~~~
    + CategoryInfo          : WriteError: (C:\Users\user\D...r\scheduler.log:String) [Add-Content], IOException
    + FullyQualifiedErrorId : GetContentWriterIOError,Microsoft.PowerShell.Commands.AddContentCommand
 
[2026-08-25 06:07:08][UNIFIED]   blocker:       "reason": "Real Windows ETW/WPR capability evidence collected; eBPF/perf not falsely required on Windows"
Add-Content : Процесс не может получить доступ к файлу "C:\Users\user\Desktop\World_server\state\blocker-repair\schedul
er.log", так как этот файл используется другим процессом.
C:\Users\user\Desktop\World_server\state\blocker-repair\unified-tick.ps1:5 знак:90
+ ... line="[$ts][UNIFIED] $m"; Add-Content -Path $log -Value $line; Write- ...
+                               ~~~~~~~~~~~~~~~~~~~~~~~~~~~~~~~~~~~
    + CategoryInfo          : WriteError: (C:\Users\user\D...r\scheduler.log:String) [Add-Content], IOException
    + FullyQualifiedErrorId : GetContentWriterIOError,Microsoft.PowerShell.Commands.AddContentCommand
 
[2026-08-25 06:07:08][UNIFIED]   blocker:     },
Add-Content : Процесс не может получить доступ к файлу "C:\Users\user\Desktop\World_server\state\blocker-repair\schedul
er.log", так как этот файл используется другим процессом.
C:\Users\user\Desktop\World_server\state\blocker-repair\unified-tick.ps1:5 знак:90
+ ... line="[$ts][UNIFIED] $m"; Add-Content -Path $log -Value $line; Write- ...
+                               ~~~~~~~~~~~~~~~~~~~~~~~~~~~~~~~~~~~
    + CategoryInfo          : WriteError: (C:\Users\user\D...r\scheduler.log:String) [Add-Content], IOException
    + FullyQualifiedErrorId : GetContentWriterIOError,Microsoft.PowerShell.Commands.AddContentCommand
 
[2026-08-25 06:07:08][UNIFIED]   blocker:     "fresh-android-device": {
Add-Content : Процесс не может получить доступ к файлу "C:\Users\user\Desktop\World_server\state\blocker-repair\schedul
er.log", так как этот файл используется другим процессом.
C:\Users\user\Desktop\World_server\state\blocker-repair\unified-tick.ps1:5 знак:90
+ ... line="[$ts][UNIFIED] $m"; Add-Content -Path $log -Value $line; Write- ...
+                               ~~~~~~~~~~~~~~~~~~~~~~~~~~~~~~~~~~~
    + CategoryInfo          : WriteError: (C:\Users\user\D...r\scheduler.log:String) [Add-Content], IOException
    + FullyQualifiedErrorId : GetContentWriterIOError,Microsoft.PowerShell.Commands.AddContentCommand
 
[2026-08-25 06:07:08][UNIFIED]   blocker:       "id": "fresh-android-device",
Add-Content : Процесс не может получить доступ к файлу "C:\Users\user\Desktop\World_server\state\blocker-repair\schedul
er.log", так как этот файл используется другим процессом.
C:\Users\user\Desktop\World_server\state\blocker-repair\unified-tick.ps1:5 знак:90
+ ... line="[$ts][UNIFIED] $m"; Add-Content -Path $log -Value $line; Write- ...
+                               ~~~~~~~~~~~~~~~~~~~~~~~~~~~~~~~~~~~
    + CategoryInfo          : WriteError: (C:\Users\user\D...r\scheduler.log:String) [Add-Content], IOException
    + FullyQualifiedErrorId : GetContentWriterIOError,Microsoft.PowerShell.Commands.AddContentCommand
 
[2026-08-25 06:07:08][UNIFIED]   blocker:       "status": "waiting",
Add-Content : Процесс не может получить доступ к файлу "C:\Users\user\Desktop\World_server\state\blocker-repair\schedul
er.log", так как этот файл используется другим процессом.
C:\Users\user\Desktop\World_server\state\blocker-repair\unified-tick.ps1:5 знак:90
+ ... line="[$ts][UNIFIED] $m"; Add-Content -Path $log -Value $line; Write- ...
+                               ~~~~~~~~~~~~~~~~~~~~~~~~~~~~~~~~~~~
    + CategoryInfo          : WriteError: (C:\Users\user\D...r\scheduler.log:String) [Add-Content], IOException
    + FullyQualifiedErrorId : GetContentWriterIOError,Microsoft.PowerShell.Commands.AddContentCommand
 
[2026-08-25 06:07:08][UNIFIED]   blocker:       "updatedAt": "2026-08-25T02:36:09.241Z",
Add-Content : Процесс не может получить доступ к файлу "C:\Users\user\Desktop\World_server\state\blocker-repair\schedul
er.log", так как этот файл используется другим процессом.
C:\Users\user\Desktop\World_server\state\blocker-repair\unified-tick.ps1:5 знак:90
+ ... line="[$ts][UNIFIED] $m"; Add-Content -Path $log -Value $line; Write- ...
+                               ~~~~~~~~~~~~~~~~~~~~~~~~~~~~~~~~~~~
    + CategoryInfo          : WriteError: (C:\Users\user\D...r\scheduler.log:String) [Add-Content], IOException
    + FullyQualifiedErrorId : GetContentWriterIOError,Microsoft.PowerShell.Commands.AddContentCommand
 
[2026-08-25 06:07:08][UNIFIED]   blocker:       "firstSeenAt": "2026-08-25T01:40:43.875Z",
Add-Content : Процесс не может получить доступ к файлу "C:\Users\user\Desktop\World_server\state\blocker-repair\schedul
er.log", так как этот файл используется другим процессом.
C:\Users\user\Desktop\World_server\state\blocker-repair\unified-tick.ps1:5 знак:90
+ ... line="[$ts][UNIFIED] $m"; Add-Content -Path $log -Value $line; Write- ...
+                               ~~~~~~~~~~~~~~~~~~~~~~~~~~~~~~~~~~~
    + CategoryInfo          : WriteError: (C:\Users\user\D...r\scheduler.log:String) [Add-Content], IOException
    + FullyQualifiedErrorId : GetContentWriterIOError,Microsoft.PowerShell.Commands.AddContentCommand
 
[2026-08-25 06:07:08][UNIFIED]   blocker:       "attempts": 0,
Add-Content : Процесс не может получить доступ к файлу "C:\Users\user\Desktop\World_server\state\blocker-repair\schedul
er.log", так как этот файл используется другим процессом.
C:\Users\user\Desktop\World_server\state\blocker-repair\unified-tick.ps1:5 знак:90
+ ... line="[$ts][UNIFIED] $m"; Add-Content -Path $log -Value $line; Write- ...
+                               ~~~~~~~~~~~~~~~~~~~~~~~~~~~~~~~~~~~
    + CategoryInfo          : WriteError: (C:\Users\user\D...r\scheduler.log:String) [Add-Content], IOException
    + FullyQualifiedErrorId : GetContentWriterIOError,Microsoft.PowerShell.Commands.AddContentCommand
 
[2026-08-25 06:07:08][UNIFIED]   blocker:       "reason": "adb is not available or no physical Android evidence can be collected",
Add-Content : Процесс не может получить доступ к файлу "C:\Users\user\Desktop\World_server\state\blocker-repair\schedul
er.log", так как этот файл используется другим процессом.
C:\Users\user\Desktop\World_server\state\blocker-repair\unified-tick.ps1:5 знак:90
+ ... line="[$ts][UNIFIED] $m"; Add-Content -Path $log -Value $line; Write- ...
+                               ~~~~~~~~~~~~~~~~~~~~~~~~~~~~~~~~~~~
    + CategoryInfo          : WriteError: (C:\Users\user\D...r\scheduler.log:String) [Add-Content], IOException
    + FullyQualifiedErrorId : GetContentWriterIOError,Microsoft.PowerShell.Commands.AddContentCommand
 
[2026-08-25 06:07:08][UNIFIED]   blocker:       "nextRunAt": "2026-08-25T02:51:09.241Z"
Add-Content : Процесс не может получить доступ к файлу "C:\Users\user\Desktop\World_server\state\blocker-repair\schedul
er.log", так как этот файл используется другим процессом.
C:\Users\user\Desktop\World_server\state\blocker-repair\unified-tick.ps1:5 знак:90
+ ... line="[$ts][UNIFIED] $m"; Add-Content -Path $log -Value $line; Write- ...
+                               ~~~~~~~~~~~~~~~~~~~~~~~~~~~~~~~~~~~
    + CategoryInfo          : WriteError: (C:\Users\user\D...r\scheduler.log:String) [Add-Content], IOException
    + FullyQualifiedErrorId : GetContentWriterIOError,Microsoft.PowerShell.Commands.AddContentCommand
 
[2026-08-25 06:07:08][UNIFIED]   blocker:     },
Add-Content : Процесс не может получить доступ к файлу "C:\Users\user\Desktop\World_server\state\blocker-repair\schedul
er.log", так как этот файл используется другим процессом.
C:\Users\user\Desktop\World_server\state\blocker-repair\unified-tick.ps1:5 знак:90
+ ... line="[$ts][UNIFIED] $m"; Add-Content -Path $log -Value $line; Write- ...
+                               ~~~~~~~~~~~~~~~~~~~~~~~~~~~~~~~~~~~
    + CategoryInfo          : WriteError: (C:\Users\user\D...r\scheduler.log:String) [Add-Content], IOException
    + FullyQualifiedErrorId : GetContentWriterIOError,Microsoft.PowerShell.Commands.AddContentCommand
 
[2026-08-25 06:07:08][UNIFIED]   blocker:     "fresh-ios-device": {
Add-Content : Процесс не может получить доступ к файлу "C:\Users\user\Desktop\World_server\state\blocker-repair\schedul
er.log", так как этот файл используется другим процессом.
C:\Users\user\Desktop\World_server\state\blocker-repair\unified-tick.ps1:5 знак:90
+ ... line="[$ts][UNIFIED] $m"; Add-Content -Path $log -Value $line; Write- ...
+                               ~~~~~~~~~~~~~~~~~~~~~~~~~~~~~~~~~~~
    + CategoryInfo          : WriteError: (C:\Users\user\D...r\scheduler.log:String) [Add-Content], IOException
    + FullyQualifiedErrorId : GetContentWriterIOError,Microsoft.PowerShell.Commands.AddContentCommand
 
[2026-08-25 06:07:08][UNIFIED]   blocker:       "id": "fresh-ios-device",
Add-Content : Процесс не может получить доступ к файлу "C:\Users\user\Desktop\World_server\state\blocker-repair\schedul
er.log", так как этот файл используется другим процессом.
C:\Users\user\Desktop\World_server\state\blocker-repair\unified-tick.ps1:5 знак:90
+ ... line="[$ts][UNIFIED] $m"; Add-Content -Path $log -Value $line; Write- ...
+                               ~~~~~~~~~~~~~~~~~~~~~~~~~~~~~~~~~~~
    + CategoryInfo          : WriteError: (C:\Users\user\D...r\scheduler.log:String) [Add-Content], IOException
    + FullyQualifiedErrorId : GetContentWriterIOError,Microsoft.PowerShell.Commands.AddContentCommand
 
[2026-08-25 06:07:08][UNIFIED]   blocker:       "status": "waiting",
Add-Content : Процесс не может получить доступ к файлу "C:\Users\user\Desktop\World_server\state\blocker-repair\schedul
er.log", так как этот файл используется другим процессом.
C:\Users\user\Desktop\World_server\state\blocker-repair\unified-tick.ps1:5 знак:90
+ ... line="[$ts][UNIFIED] $m"; Add-Content -Path $log -Value $line; Write- ...
+                               ~~~~~~~~~~~~~~~~~~~~~~~~~~~~~~~~~~~
    + CategoryInfo          : WriteError: (C:\Users\user\D...r\scheduler.log:String) [Add-Content], IOException
    + FullyQualifiedErrorId : GetContentWriterIOError,Microsoft.PowerShell.Commands.AddContentCommand
 
[2026-08-25 06:07:08][UNIFIED]   blocker:       "updatedAt": "2026-08-25T02:36:09.393Z",
Add-Content : Процесс не может получить доступ к файлу "C:\Users\user\Desktop\World_server\state\blocker-repair\schedul
er.log", так как этот файл используется другим процессом.
C:\Users\user\Desktop\World_server\state\blocker-repair\unified-tick.ps1:5 знак:90
+ ... line="[$ts][UNIFIED] $m"; Add-Content -Path $log -Value $line; Write- ...
+                               ~~~~~~~~~~~~~~~~~~~~~~~~~~~~~~~~~~~
    + CategoryInfo          : WriteError: (C:\Users\user\D...r\scheduler.log:String) [Add-Content], IOException
    + FullyQualifiedErrorId : GetContentWriterIOError,Microsoft.PowerShell.Commands.AddContentCommand
 
[2026-08-25 06:07:08][UNIFIED]   blocker:       "firstSeenAt": "2026-08-25T01:40:44.022Z",
Add-Content : Процесс не может получить доступ к файлу "C:\Users\user\Desktop\World_server\state\blocker-repair\schedul
er.log", так как этот файл используется другим процессом.
C:\Users\user\Desktop\World_server\state\blocker-repair\unified-tick.ps1:5 знак:90
+ ... line="[$ts][UNIFIED] $m"; Add-Content -Path $log -Value $line; Write- ...
+                               ~~~~~~~~~~~~~~~~~~~~~~~~~~~~~~~~~~~
    + CategoryInfo          : WriteError: (C:\Users\user\D...r\scheduler.log:String) [Add-Content], IOException
    + FullyQualifiedErrorId : GetContentWriterIOError,Microsoft.PowerShell.Commands.AddContentCommand
 
[2026-08-25 06:07:08][UNIFIED]   blocker:       "attempts": 0,
Add-Content : Процесс не может получить доступ к файлу "C:\Users\user\Desktop\World_server\state\blocker-repair\schedul
er.log", так как этот файл используется другим процессом.
C:\Users\user\Desktop\World_server\state\blocker-repair\unified-tick.ps1:5 знак:90
+ ... line="[$ts][UNIFIED] $m"; Add-Content -Path $log -Value $line; Write- ...
+                               ~~~~~~~~~~~~~~~~~~~~~~~~~~~~~~~~~~~
    + CategoryInfo          : WriteError: (C:\Users\user\D...r\scheduler.log:String) [Add-Content], IOException
    + FullyQualifiedErrorId : GetContentWriterIOError,Microsoft.PowerShell.Commands.AddContentCommand
 
[2026-08-25 06:07:08][UNIFIED]   blocker:       "reason": "No physical iOS probe available on win32; simulator/fake evidence is forbidden",
Add-Content : Процесс не может получить доступ к файлу "C:\Users\user\Desktop\World_server\state\blocker-repair\schedul
er.log", так как этот файл используется другим процессом.
C:\Users\user\Desktop\World_server\state\blocker-repair\unified-tick.ps1:5 знак:90
+ ... line="[$ts][UNIFIED] $m"; Add-Content -Path $log -Value $line; Write- ...
+                               ~~~~~~~~~~~~~~~~~~~~~~~~~~~~~~~~~~~
    + CategoryInfo          : WriteError: (C:\Users\user\D...r\scheduler.log:String) [Add-Content], IOException
    + FullyQualifiedErrorId : GetContentWriterIOError,Microsoft.PowerShell.Commands.AddContentCommand
 
[2026-08-25 06:07:08][UNIFIED]   blocker:       "nextRunAt": "2026-08-25T02:51:09.393Z"
Add-Content : Процесс не может получить доступ к файлу "C:\Users\user\Desktop\World_server\state\blocker-repair\schedul
er.log", так как этот файл используется другим процессом.
C:\Users\user\Desktop\World_server\state\blocker-repair\unified-tick.ps1:5 знак:90
+ ... line="[$ts][UNIFIED] $m"; Add-Content -Path $log -Value $line; Write- ...
+                               ~~~~~~~~~~~~~~~~~~~~~~~~~~~~~~~~~~~
    + CategoryInfo          : WriteError: (C:\Users\user\D...r\scheduler.log:String) [Add-Content], IOException
    + FullyQualifiedErrorId : GetContentWriterIOError,Microsoft.PowerShell.Commands.AddContentCommand
 
[2026-08-25 06:07:08][UNIFIED]   blocker:     },
Add-Content : Процесс не может получить доступ к файлу "C:\Users\user\Desktop\World_server\state\blocker-repair\schedul
er.log", так как этот файл используется другим процессом.
C:\Users\user\Desktop\World_server\state\blocker-repair\unified-tick.ps1:5 знак:90
+ ... line="[$ts][UNIFIED] $m"; Add-Content -Path $log -Value $line; Write- ...
+                               ~~~~~~~~~~~~~~~~~~~~~~~~~~~~~~~~~~~
    + CategoryInfo          : WriteError: (C:\Users\user\D...r\scheduler.log:String) [Add-Content], IOException
    + FullyQualifiedErrorId : GetContentWriterIOError,Microsoft.PowerShell.Commands.AddContentCommand
 
[2026-08-25 06:07:08][UNIFIED]   blocker:     "remote-cas-peer": {
Add-Content : Процесс не может получить доступ к файлу "C:\Users\user\Desktop\World_server\state\blocker-repair\schedul
er.log", так как этот файл используется другим процессом.
C:\Users\user\Desktop\World_server\state\blocker-repair\unified-tick.ps1:5 знак:90
+ ... line="[$ts][UNIFIED] $m"; Add-Content -Path $log -Value $line; Write- ...
+                               ~~~~~~~~~~~~~~~~~~~~~~~~~~~~~~~~~~~
    + CategoryInfo          : WriteError: (C:\Users\user\D...r\scheduler.log:String) [Add-Content], IOException
    + FullyQualifiedErrorId : GetContentWriterIOError,Microsoft.PowerShell.Commands.AddContentCommand
 
[2026-08-25 06:07:08][UNIFIED]   blocker:       "id": "remote-cas-peer",
Add-Content : Процесс не может получить доступ к файлу "C:\Users\user\Desktop\World_server\state\blocker-repair\schedul
er.log", так как этот файл используется другим процессом.
C:\Users\user\Desktop\World_server\state\blocker-repair\unified-tick.ps1:5 знак:90
+ ... line="[$ts][UNIFIED] $m"; Add-Content -Path $log -Value $line; Write- ...
+                               ~~~~~~~~~~~~~~~~~~~~~~~~~~~~~~~~~~~
    + CategoryInfo          : WriteError: (C:\Users\user\D...r\scheduler.log:String) [Add-Content], IOException
    + FullyQualifiedErrorId : GetContentWriterIOError,Microsoft.PowerShell.Commands.AddContentCommand
 
[2026-08-25 06:07:08][UNIFIED]   blocker:       "status": "waiting",
Add-Content : Процесс не может получить доступ к файлу "C:\Users\user\Desktop\World_server\state\blocker-repair\schedul
er.log", так как этот файл используется другим процессом.
C:\Users\user\Desktop\World_server\state\blocker-repair\unified-tick.ps1:5 знак:90
+ ... line="[$ts][UNIFIED] $m"; Add-Content -Path $log -Value $line; Write- ...
+                               ~~~~~~~~~~~~~~~~~~~~~~~~~~~~~~~~~~~
    + CategoryInfo          : WriteError: (C:\Users\user\D...r\scheduler.log:String) [Add-Content], IOException
    + FullyQualifiedErrorId : GetContentWriterIOError,Microsoft.PowerShell.Commands.AddContentCommand
 
[2026-08-25 06:07:08][UNIFIED]   blocker:       "updatedAt": "2026-08-25T02:36:09.395Z",
Add-Content : Процесс не может получить доступ к файлу "C:\Users\user\Desktop\World_server\state\blocker-repair\schedul
er.log", так как этот файл используется другим процессом.
C:\Users\user\Desktop\World_server\state\blocker-repair\unified-tick.ps1:5 знак:90
+ ... line="[$ts][UNIFIED] $m"; Add-Content -Path $log -Value $line; Write- ...
+                               ~~~~~~~~~~~~~~~~~~~~~~~~~~~~~~~~~~~
    + CategoryInfo          : WriteError: (C:\Users\user\D...r\scheduler.log:String) [Add-Content], IOException
    + FullyQualifiedErrorId : GetContentWriterIOError,Microsoft.PowerShell.Commands.AddContentCommand
 
[2026-08-25 06:07:08][UNIFIED]   blocker:       "firstSeenAt": "2026-08-25T01:40:44.023Z",
Add-Content : Процесс не может получить доступ к файлу "C:\Users\user\Desktop\World_server\state\blocker-repair\schedul
er.log", так как этот файл используется другим процессом.
C:\Users\user\Desktop\World_server\state\blocker-repair\unified-tick.ps1:5 знак:90
+ ... line="[$ts][UNIFIED] $m"; Add-Content -Path $log -Value $line; Write- ...
+                               ~~~~~~~~~~~~~~~~~~~~~~~~~~~~~~~~~~~
    + CategoryInfo          : WriteError: (C:\Users\user\D...r\scheduler.log:String) [Add-Content], IOException
    + FullyQualifiedErrorId : GetContentWriterIOError,Microsoft.PowerShell.Commands.AddContentCommand
 
[2026-08-25 06:07:08][UNIFIED]   blocker:       "attempts": 0,
Add-Content : Процесс не может получить доступ к файлу "C:\Users\user\Desktop\World_server\state\blocker-repair\schedul
er.log", так как этот файл используется другим процессом.
C:\Users\user\Desktop\World_server\state\blocker-repair\unified-tick.ps1:5 знак:90
+ ... line="[$ts][UNIFIED] $m"; Add-Content -Path $log -Value $line; Write- ...
+                               ~~~~~~~~~~~~~~~~~~~~~~~~~~~~~~~~~~~
    + CategoryInfo          : WriteError: (C:\Users\user\D...r\scheduler.log:String) [Add-Content], IOException
    + FullyQualifiedErrorId : GetContentWriterIOError,Microsoft.PowerShell.Commands.AddContentCommand
 
[2026-08-25 06:07:08][UNIFIED]   blocker:       "reason": "WORLD_SERVER_REMOTE_CAS_URL/REMOTE_CAS_URL not configured; localhost is not accepted as remote evidence",
Add-Content : Процесс не может получить доступ к файлу "C:\Users\user\Desktop\World_server\state\blocker-repair\schedul
er.log", так как этот файл используется другим процессом.
C:\Users\user\Desktop\World_server\state\blocker-repair\unified-tick.ps1:5 знак:90
+ ... line="[$ts][UNIFIED] $m"; Add-Content -Path $log -Value $line; Write- ...
+                               ~~~~~~~~~~~~~~~~~~~~~~~~~~~~~~~~~~~
    + CategoryInfo          : WriteError: (C:\Users\user\D...r\scheduler.log:String) [Add-Content], IOException
    + FullyQualifiedErrorId : GetContentWriterIOError,Microsoft.PowerShell.Commands.AddContentCommand
 
[2026-08-25 06:07:08][UNIFIED]   blocker:       "nextRunAt": "2026-08-25T02:51:09.395Z"
Add-Content : Процесс не может получить доступ к файлу "C:\Users\user\Desktop\World_server\state\blocker-repair\schedul
er.log", так как этот файл используется другим процессом.
C:\Users\user\Desktop\World_server\state\blocker-repair\unified-tick.ps1:5 знак:90
+ ... line="[$ts][UNIFIED] $m"; Add-Content -Path $log -Value $line; Write- ...
+                               ~~~~~~~~~~~~~~~~~~~~~~~~~~~~~~~~~~~
    + CategoryInfo          : WriteError: (C:\Users\user\D...r\scheduler.log:String) [Add-Content], IOException
    + FullyQualifiedErrorId : GetContentWriterIOError,Microsoft.PowerShell.Commands.AddContentCommand
 
[2026-08-25 06:07:08][UNIFIED]   blocker:     },
Add-Content : Процесс не может получить доступ к файлу "C:\Users\user\Desktop\World_server\state\blocker-repair\schedul
er.log", так как этот файл используется другим процессом.
C:\Users\user\Desktop\World_server\state\blocker-repair\unified-tick.ps1:5 знак:90
+ ... line="[$ts][UNIFIED] $m"; Add-Content -Path $log -Value $line; Write- ...
+                               ~~~~~~~~~~~~~~~~~~~~~~~~~~~~~~~~~~~
    + CategoryInfo          : WriteError: (C:\Users\user\D...r\scheduler.log:String) [Add-Content], IOException
    + FullyQualifiedErrorId : GetContentWriterIOError,Microsoft.PowerShell.Commands.AddContentCommand
 
[2026-08-25 06:07:08][UNIFIED]   blocker:     "fenced-migration": {
Add-Content : Процесс не может получить доступ к файлу "C:\Users\user\Desktop\World_server\state\blocker-repair\schedul
er.log", так как этот файл используется другим процессом.
C:\Users\user\Desktop\World_server\state\blocker-repair\unified-tick.ps1:5 знак:90
+ ... line="[$ts][UNIFIED] $m"; Add-Content -Path $log -Value $line; Write- ...
+                               ~~~~~~~~~~~~~~~~~~~~~~~~~~~~~~~~~~~
    + CategoryInfo          : WriteError: (C:\Users\user\D...r\scheduler.log:String) [Add-Content], IOException
    + FullyQualifiedErrorId : GetContentWriterIOError,Microsoft.PowerShell.Commands.AddContentCommand
 
[2026-08-25 06:07:08][UNIFIED]   blocker:       "id": "fenced-migration",
Add-Content : Процесс не может получить доступ к файлу "C:\Users\user\Desktop\World_server\state\blocker-repair\schedul
er.log", так как этот файл используется другим процессом.
C:\Users\user\Desktop\World_server\state\blocker-repair\unified-tick.ps1:5 знак:90
+ ... line="[$ts][UNIFIED] $m"; Add-Content -Path $log -Value $line; Write- ...
+                               ~~~~~~~~~~~~~~~~~~~~~~~~~~~~~~~~~~~
    + CategoryInfo          : WriteError: (C:\Users\user\D...r\scheduler.log:String) [Add-Content], IOException
    + FullyQualifiedErrorId : GetContentWriterIOError,Microsoft.PowerShell.Commands.AddContentCommand
 
[2026-08-25 06:07:08][UNIFIED]   blocker:       "status": "pass",
Add-Content : Процесс не может получить доступ к файлу "C:\Users\user\Desktop\World_server\state\blocker-repair\schedul
er.log", так как этот файл используется другим процессом.
C:\Users\user\Desktop\World_server\state\blocker-repair\unified-tick.ps1:5 знак:90
+ ... line="[$ts][UNIFIED] $m"; Add-Content -Path $log -Value $line; Write- ...
+                               ~~~~~~~~~~~~~~~~~~~~~~~~~~~~~~~~~~~
    + CategoryInfo          : WriteError: (C:\Users\user\D...r\scheduler.log:String) [Add-Content], IOException
    + FullyQualifiedErrorId : GetContentWriterIOError,Microsoft.PowerShell.Commands.AddContentCommand
 
[2026-08-25 06:07:08][UNIFIED]   blocker:       "updatedAt": "2026-08-25T02:36:09.503Z",
Add-Content : Процесс не может получить доступ к файлу "C:\Users\user\Desktop\World_server\state\blocker-repair\schedul
er.log", так как этот файл используется другим процессом.
C:\Users\user\Desktop\World_server\state\blocker-repair\unified-tick.ps1:5 знак:90
+ ... line="[$ts][UNIFIED] $m"; Add-Content -Path $log -Value $line; Write- ...
+                               ~~~~~~~~~~~~~~~~~~~~~~~~~~~~~~~~~~~
    + CategoryInfo          : WriteError: (C:\Users\user\D...r\scheduler.log:String) [Add-Content], IOException
    + FullyQualifiedErrorId : GetContentWriterIOError,Microsoft.PowerShell.Commands.AddContentCommand
 
[2026-08-25 06:07:08][UNIFIED]   blocker:       "firstSeenAt": "2026-08-25T01:40:44.144Z",
Add-Content : Процесс не может получить доступ к файлу "C:\Users\user\Desktop\World_server\state\blocker-repair\schedul
er.log", так как этот файл используется другим процессом.
C:\Users\user\Desktop\World_server\state\blocker-repair\unified-tick.ps1:5 знак:90
+ ... line="[$ts][UNIFIED] $m"; Add-Content -Path $log -Value $line; Write- ...
+                               ~~~~~~~~~~~~~~~~~~~~~~~~~~~~~~~~~~~
    + CategoryInfo          : WriteError: (C:\Users\user\D...r\scheduler.log:String) [Add-Content], IOException
    + FullyQualifiedErrorId : GetContentWriterIOError,Microsoft.PowerShell.Commands.AddContentCommand
 
[2026-08-25 06:07:08][UNIFIED]   blocker:       "attempts": 0,
Add-Content : Процесс не может получить доступ к файлу "C:\Users\user\Desktop\World_server\state\blocker-repair\schedul
er.log", так как этот файл используется другим процессом.
C:\Users\user\Desktop\World_server\state\blocker-repair\unified-tick.ps1:5 знак:90
+ ... line="[$ts][UNIFIED] $m"; Add-Content -Path $log -Value $line; Write- ...
+                               ~~~~~~~~~~~~~~~~~~~~~~~~~~~~~~~~~~~
    + CategoryInfo          : WriteError: (C:\Users\user\D...r\scheduler.log:String) [Add-Content], IOException
    + FullyQualifiedErrorId : GetContentWriterIOError,Microsoft.PowerShell.Commands.AddContentCommand
 
[2026-08-25 06:07:08][UNIFIED]   blocker:       "reason": "C:\\Program Files\\nodejs\\node.exe C:\\Users\\user\\Desktop\\World_server\\scripts\\migration-fencing-verifier.cjs PASS"
Add-Content : Процесс не может получить доступ к файлу "C:\Users\user\Desktop\World_server\state\blocker-repair\schedul
er.log", так как этот файл используется другим процессом.
C:\Users\user\Desktop\World_server\state\blocker-repair\unified-tick.ps1:5 знак:90
+ ... line="[$ts][UNIFIED] $m"; Add-Content -Path $log -Value $line; Write- ...
+                               ~~~~~~~~~~~~~~~~~~~~~~~~~~~~~~~~~~~
    + CategoryInfo          : WriteError: (C:\Users\user\D...r\scheduler.log:String) [Add-Content], IOException
    + FullyQualifiedErrorId : GetContentWriterIOError,Microsoft.PowerShell.Commands.AddContentCommand
 
[2026-08-25 06:07:08][UNIFIED]   blocker:     },
Add-Content : Процесс не может получить доступ к файлу "C:\Users\user\Desktop\World_server\state\blocker-repair\schedul
er.log", так как этот файл используется другим процессом.
C:\Users\user\Desktop\World_server\state\blocker-repair\unified-tick.ps1:5 знак:90
+ ... line="[$ts][UNIFIED] $m"; Add-Content -Path $log -Value $line; Write- ...
+                               ~~~~~~~~~~~~~~~~~~~~~~~~~~~~~~~~~~~
    + CategoryInfo          : WriteError: (C:\Users\user\D...r\scheduler.log:String) [Add-Content], IOException
    + FullyQualifiedErrorId : GetContentWriterIOError,Microsoft.PowerShell.Commands.AddContentCommand
 
[2026-08-25 06:07:08][UNIFIED]   blocker:     "local-gates": {
Add-Content : Процесс не может получить доступ к файлу "C:\Users\user\Desktop\World_server\state\blocker-repair\schedul
er.log", так как этот файл используется другим процессом.
C:\Users\user\Desktop\World_server\state\blocker-repair\unified-tick.ps1:5 знак:90
+ ... line="[$ts][UNIFIED] $m"; Add-Content -Path $log -Value $line; Write- ...
+                               ~~~~~~~~~~~~~~~~~~~~~~~~~~~~~~~~~~~
    + CategoryInfo          : WriteError: (C:\Users\user\D...r\scheduler.log:String) [Add-Content], IOException
    + FullyQualifiedErrorId : GetContentWriterIOError,Microsoft.PowerShell.Commands.AddContentCommand
 
[2026-08-25 06:07:08][UNIFIED]   blocker:       "id": "local-gates",
Add-Content : Процесс не может получить доступ к файлу "C:\Users\user\Desktop\World_server\state\blocker-repair\schedul
er.log", так как этот файл используется другим процессом.
C:\Users\user\Desktop\World_server\state\blocker-repair\unified-tick.ps1:5 знак:90
+ ... line="[$ts][UNIFIED] $m"; Add-Content -Path $log -Value $line; Write- ...
+                               ~~~~~~~~~~~~~~~~~~~~~~~~~~~~~~~~~~~
    + CategoryInfo          : WriteError: (C:\Users\user\D...r\scheduler.log:String) [Add-Content], IOException
    + FullyQualifiedErrorId : GetContentWriterIOError,Microsoft.PowerShell.Commands.AddContentCommand
 
[2026-08-25 06:07:08][UNIFIED]   blocker:       "status": "requires_ai",
Add-Content : Процесс не может получить доступ к файлу "C:\Users\user\Desktop\World_server\state\blocker-repair\schedul
er.log", так как этот файл используется другим процессом.
C:\Users\user\Desktop\World_server\state\blocker-repair\unified-tick.ps1:5 знак:90
+ ... line="[$ts][UNIFIED] $m"; Add-Content -Path $log -Value $line; Write- ...
+                               ~~~~~~~~~~~~~~~~~~~~~~~~~~~~~~~~~~~
    + CategoryInfo          : WriteError: (C:\Users\user\D...r\scheduler.log:String) [Add-Content], IOException
    + FullyQualifiedErrorId : GetContentWriterIOError,Microsoft.PowerShell.Commands.AddContentCommand
 
[2026-08-25 06:07:08][UNIFIED]   blocker:       "updatedAt": "2026-08-25T03:07:07.071Z",
Add-Content : Процесс не может получить доступ к файлу "C:\Users\user\Desktop\World_server\state\blocker-repair\schedul
er.log", так как этот файл используется другим процессом.
C:\Users\user\Desktop\World_server\state\blocker-repair\unified-tick.ps1:5 знак:90
+ ... line="[$ts][UNIFIED] $m"; Add-Content -Path $log -Value $line; Write- ...
+                               ~~~~~~~~~~~~~~~~~~~~~~~~~~~~~~~~~~~
    + CategoryInfo          : WriteError: (C:\Users\user\D...r\scheduler.log:String) [Add-Content], IOException
    + FullyQualifiedErrorId : GetContentWriterIOError,Microsoft.PowerShell.Commands.AddContentCommand
 
[2026-08-25 06:07:08][UNIFIED]   blocker:       "firstSeenAt": "2026-08-25T01:41:31.266Z",
Add-Content : Процесс не может получить доступ к файлу "C:\Users\user\Desktop\World_server\state\blocker-repair\schedul
er.log", так как этот файл используется другим процессом.
C:\Users\user\Desktop\World_server\state\blocker-repair\unified-tick.ps1:5 знак:90
+ ... line="[$ts][UNIFIED] $m"; Add-Content -Path $log -Value $line; Write- ...
+                               ~~~~~~~~~~~~~~~~~~~~~~~~~~~~~~~~~~~
    + CategoryInfo          : WriteError: (C:\Users\user\D...r\scheduler.log:String) [Add-Content], IOException
    + FullyQualifiedErrorId : GetContentWriterIOError,Microsoft.PowerShell.Commands.AddContentCommand
 
[2026-08-25 06:07:08][UNIFIED]   blocker:       "attempts": 0,
Add-Content : Процесс не может получить доступ к файлу "C:\Users\user\Desktop\World_server\state\blocker-repair\schedul
er.log", так как этот файл используется другим процессом.
C:\Users\user\Desktop\World_server\state\blocker-repair\unified-tick.ps1:5 знак:90
+ ... line="[$ts][UNIFIED] $m"; Add-Content -Path $log -Value $line; Write- ...
+                               ~~~~~~~~~~~~~~~~~~~~~~~~~~~~~~~~~~~
    + CategoryInfo          : WriteError: (C:\Users\user\D...r\scheduler.log:String) [Add-Content], IOException
    + FullyQualifiedErrorId : GetContentWriterIOError,Microsoft.PowerShell.Commands.AddContentCommand
 
[2026-08-25 06:07:08][UNIFIED]   blocker:       "reason": "2/6 gates PASS"
Add-Content : Процесс не может получить доступ к файлу "C:\Users\user\Desktop\World_server\state\blocker-repair\schedul
er.log", так как этот файл используется другим процессом.
C:\Users\user\Desktop\World_server\state\blocker-repair\unified-tick.ps1:5 знак:90
+ ... line="[$ts][UNIFIED] $m"; Add-Content -Path $log -Value $line; Write- ...
+                               ~~~~~~~~~~~~~~~~~~~~~~~~~~~~~~~~~~~
    + CategoryInfo          : WriteError: (C:\Users\user\D...r\scheduler.log:String) [Add-Content], IOException
    + FullyQualifiedErrorId : GetContentWriterIOError,Microsoft.PowerShell.Commands.AddContentCommand
 
[2026-08-25 06:07:08][UNIFIED]   blocker:     },
Add-Content : Процесс не может получить доступ к файлу "C:\Users\user\Desktop\World_server\state\blocker-repair\schedul
er.log", так как этот файл используется другим процессом.
C:\Users\user\Desktop\World_server\state\blocker-repair\unified-tick.ps1:5 знак:90
+ ... line="[$ts][UNIFIED] $m"; Add-Content -Path $log -Value $line; Write- ...
+                               ~~~~~~~~~~~~~~~~~~~~~~~~~~~~~~~~~~~
    + CategoryInfo          : WriteError: (C:\Users\user\D...r\scheduler.log:String) [Add-Content], IOException
    + FullyQualifiedErrorId : GetContentWriterIOError,Microsoft.PowerShell.Commands.AddContentCommand
 
[2026-08-25 06:07:08][UNIFIED]   blocker:     "vercel-deployment": {
Add-Content : Процесс не может получить доступ к файлу "C:\Users\user\Desktop\World_server\state\blocker-repair\schedul
er.log", так как этот файл используется другим процессом.
C:\Users\user\Desktop\World_server\state\blocker-repair\unified-tick.ps1:5 знак:90
+ ... line="[$ts][UNIFIED] $m"; Add-Content -Path $log -Value $line; Write- ...
+                               ~~~~~~~~~~~~~~~~~~~~~~~~~~~~~~~~~~~
    + CategoryInfo          : WriteError: (C:\Users\user\D...r\scheduler.log:String) [Add-Content], IOException
    + FullyQualifiedErrorId : GetContentWriterIOError,Microsoft.PowerShell.Commands.AddContentCommand
 
[2026-08-25 06:07:08][UNIFIED]   blocker:       "id": "vercel-deployment",
Add-Content : Процесс не может получить доступ к файлу "C:\Users\user\Desktop\World_server\state\blocker-repair\schedul
er.log", так как этот файл используется другим процессом.
C:\Users\user\Desktop\World_server\state\blocker-repair\unified-tick.ps1:5 знак:90
+ ... line="[$ts][UNIFIED] $m"; Add-Content -Path $log -Value $line; Write- ...
+                               ~~~~~~~~~~~~~~~~~~~~~~~~~~~~~~~~~~~
    + CategoryInfo          : WriteError: (C:\Users\user\D...r\scheduler.log:String) [Add-Content], IOException
    + FullyQualifiedErrorId : GetContentWriterIOError,Microsoft.PowerShell.Commands.AddContentCommand
 
[2026-08-25 06:07:08][UNIFIED]   blocker:       "status": "waiting",
Add-Content : Процесс не может получить доступ к файлу "C:\Users\user\Desktop\World_server\state\blocker-repair\schedul
er.log", так как этот файл используется другим процессом.
C:\Users\user\Desktop\World_server\state\blocker-repair\unified-tick.ps1:5 знак:90
+ ... line="[$ts][UNIFIED] $m"; Add-Content -Path $log -Value $line; Write- ...
+                               ~~~~~~~~~~~~~~~~~~~~~~~~~~~~~~~~~~~
    + CategoryInfo          : WriteError: (C:\Users\user\D...r\scheduler.log:String) [Add-Content], IOException
    + FullyQualifiedErrorId : GetContentWriterIOError,Microsoft.PowerShell.Commands.AddContentCommand
 
[2026-08-25 06:07:08][UNIFIED]   blocker:       "updatedAt": "2026-08-25T03:07:07.651Z",
Add-Content : Процесс не может получить доступ к файлу "C:\Users\user\Desktop\World_server\state\blocker-repair\schedul
er.log", так как этот файл используется другим процессом.
C:\Users\user\Desktop\World_server\state\blocker-repair\unified-tick.ps1:5 знак:90
+ ... line="[$ts][UNIFIED] $m"; Add-Content -Path $log -Value $line; Write- ...
+                               ~~~~~~~~~~~~~~~~~~~~~~~~~~~~~~~~~~~
    + CategoryInfo          : WriteError: (C:\Users\user\D...r\scheduler.log:String) [Add-Content], IOException
    + FullyQualifiedErrorId : GetContentWriterIOError,Microsoft.PowerShell.Commands.AddContentCommand
 
[2026-08-25 06:07:08][UNIFIED]   blocker:       "firstSeenAt": "2026-08-25T01:41:32.802Z",
Add-Content : Процесс не может получить доступ к файлу "C:\Users\user\Desktop\World_server\state\blocker-repair\schedul
er.log", так как этот файл используется другим процессом.
C:\Users\user\Desktop\World_server\state\blocker-repair\unified-tick.ps1:5 знак:90
+ ... line="[$ts][UNIFIED] $m"; Add-Content -Path $log -Value $line; Write- ...
+                               ~~~~~~~~~~~~~~~~~~~~~~~~~~~~~~~~~~~
    + CategoryInfo          : WriteError: (C:\Users\user\D...r\scheduler.log:String) [Add-Content], IOException
    + FullyQualifiedErrorId : GetContentWriterIOError,Microsoft.PowerShell.Commands.AddContentCommand
 
[2026-08-25 06:07:08][UNIFIED]   blocker:       "attempts": 7,
Add-Content : Процесс не может получить доступ к файлу "C:\Users\user\Desktop\World_server\state\blocker-repair\schedul
er.log", так как этот файл используется другим процессом.
C:\Users\user\Desktop\World_server\state\blocker-repair\unified-tick.ps1:5 знак:90
+ ... line="[$ts][UNIFIED] $m"; Add-Content -Path $log -Value $line; Write- ...
+                               ~~~~~~~~~~~~~~~~~~~~~~~~~~~~~~~~~~~
    + CategoryInfo          : WriteError: (C:\Users\user\D...r\scheduler.log:String) [Add-Content], IOException
    + FullyQualifiedErrorId : GetContentWriterIOError,Microsoft.PowerShell.Commands.AddContentCommand
 
[2026-08-25 06:07:08][UNIFIED]   blocker:       "attempted": true,
Add-Content : Процесс не может получить доступ к файлу "C:\Users\user\Desktop\World_server\state\blocker-repair\schedul
er.log", так как этот файл используется другим процессом.
C:\Users\user\Desktop\World_server\state\blocker-repair\unified-tick.ps1:5 знак:90
+ ... line="[$ts][UNIFIED] $m"; Add-Content -Path $log -Value $line; Write- ...
+                               ~~~~~~~~~~~~~~~~~~~~~~~~~~~~~~~~~~~
    + CategoryInfo          : WriteError: (C:\Users\user\D...r\scheduler.log:String) [Add-Content], IOException
    + FullyQualifiedErrorId : GetContentWriterIOError,Microsoft.PowerShell.Commands.AddContentCommand
 
[2026-08-25 06:07:08][UNIFIED]   blocker:       "reason": "No Vercel commit status yet for a1b89977",
Add-Content : Процесс не может получить доступ к файлу "C:\Users\user\Desktop\World_server\state\blocker-repair\schedul
er.log", так как этот файл используется другим процессом.
C:\Users\user\Desktop\World_server\state\blocker-repair\unified-tick.ps1:5 знак:90
+ ... line="[$ts][UNIFIED] $m"; Add-Content -Path $log -Value $line; Write- ...
+                               ~~~~~~~~~~~~~~~~~~~~~~~~~~~~~~~~~~~
    + CategoryInfo          : WriteError: (C:\Users\user\D...r\scheduler.log:String) [Add-Content], IOException
    + FullyQualifiedErrorId : GetContentWriterIOError,Microsoft.PowerShell.Commands.AddContentCommand
 
[2026-08-25 06:07:08][UNIFIED]   blocker:       "deploymentId": "dpl_8wpx3qKRsFqMPoAXzibk3SFKeXwF",
Add-Content : Процесс не может получить доступ к файлу "C:\Users\user\Desktop\World_server\state\blocker-repair\schedul
er.log", так как этот файл используется другим процессом.
C:\Users\user\Desktop\World_server\state\blocker-repair\unified-tick.ps1:5 знак:90
+ ... line="[$ts][UNIFIED] $m"; Add-Content -Path $log -Value $line; Write- ...
+                               ~~~~~~~~~~~~~~~~~~~~~~~~~~~~~~~~~~~
    + CategoryInfo          : WriteError: (C:\Users\user\D...r\scheduler.log:String) [Add-Content], IOException
    + FullyQualifiedErrorId : GetContentWriterIOError,Microsoft.PowerShell.Commands.AddContentCommand
 
[2026-08-25 06:07:08][UNIFIED]   blocker:       "targetUrl": "https://vercel.com/improve-world/world-server/8wpx3qKRsFqMPoAXzibk3SFKeXwF",
Add-Content : Процесс не может получить доступ к файлу "C:\Users\user\Desktop\World_server\state\blocker-repair\schedul
er.log", так как этот файл используется другим процессом.
C:\Users\user\Desktop\World_server\state\blocker-repair\unified-tick.ps1:5 знак:90
+ ... line="[$ts][UNIFIED] $m"; Add-Content -Path $log -Value $line; Write- ...
+                               ~~~~~~~~~~~~~~~~~~~~~~~~~~~~~~~~~~~
    + CategoryInfo          : WriteError: (C:\Users\user\D...r\scheduler.log:String) [Add-Content], IOException
    + FullyQualifiedErrorId : GetContentWriterIOError,Microsoft.PowerShell.Commands.AddContentCommand
 
[2026-08-25 06:07:08][UNIFIED]   blocker:       "outputTail": "",
Add-Content : Процесс не может получить доступ к файлу "C:\Users\user\Desktop\World_server\state\blocker-repair\schedul
er.log", так как этот файл используется другим процессом.
C:\Users\user\Desktop\World_server\state\blocker-repair\unified-tick.ps1:5 знак:90
+ ... line="[$ts][UNIFIED] $m"; Add-Content -Path $log -Value $line; Write- ...
+                               ~~~~~~~~~~~~~~~~~~~~~~~~~~~~~~~~~~~
    + CategoryInfo          : WriteError: (C:\Users\user\D...r\scheduler.log:String) [Add-Content], IOException
    + FullyQualifiedErrorId : GetContentWriterIOError,Microsoft.PowerShell.Commands.AddContentCommand
 
[2026-08-25 06:07:08][UNIFIED]   blocker:       "nextRunAt": "2026-08-25T03:17:07.651Z"
Add-Content : Процесс не может получить доступ к файлу "C:\Users\user\Desktop\World_server\state\blocker-repair\schedul
er.log", так как этот файл используется другим процессом.
C:\Users\user\Desktop\World_server\state\blocker-repair\unified-tick.ps1:5 знак:90
+ ... line="[$ts][UNIFIED] $m"; Add-Content -Path $log -Value $line; Write- ...
+                               ~~~~~~~~~~~~~~~~~~~~~~~~~~~~~~~~~~~
    + CategoryInfo          : WriteError: (C:\Users\user\D...r\scheduler.log:String) [Add-Content], IOException
    + FullyQualifiedErrorId : GetContentWriterIOError,Microsoft.PowerShell.Commands.AddContentCommand
 
[2026-08-25 06:07:08][UNIFIED]   blocker:     },
Add-Content : Процесс не может получить доступ к файлу "C:\Users\user\Desktop\World_server\state\blocker-repair\schedul
er.log", так как этот файл используется другим процессом.
C:\Users\user\Desktop\World_server\state\blocker-repair\unified-tick.ps1:5 знак:90
+ ... line="[$ts][UNIFIED] $m"; Add-Content -Path $log -Value $line; Write- ...
+                               ~~~~~~~~~~~~~~~~~~~~~~~~~~~~~~~~~~~
    + CategoryInfo          : WriteError: (C:\Users\user\D...r\scheduler.log:String) [Add-Content], IOException
    + FullyQualifiedErrorId : GetContentWriterIOError,Microsoft.PowerShell.Commands.AddContentCommand
 
[2026-08-25 06:07:08][UNIFIED]   blocker:     "8h-long-soak": {
Add-Content : Процесс не может получить доступ к файлу "C:\Users\user\Desktop\World_server\state\blocker-repair\schedul
er.log", так как этот файл используется другим процессом.
C:\Users\user\Desktop\World_server\state\blocker-repair\unified-tick.ps1:5 знак:90
+ ... line="[$ts][UNIFIED] $m"; Add-Content -Path $log -Value $line; Write- ...
+                               ~~~~~~~~~~~~~~~~~~~~~~~~~~~~~~~~~~~
    + CategoryInfo          : WriteError: (C:\Users\user\D...r\scheduler.log:String) [Add-Content], IOException
    + FullyQualifiedErrorId : GetContentWriterIOError,Microsoft.PowerShell.Commands.AddContentCommand
 
[2026-08-25 06:07:08][UNIFIED]   blocker:       "id": "8h-long-soak",
Add-Content : Процесс не может получить доступ к файлу "C:\Users\user\Desktop\World_server\state\blocker-repair\schedul
er.log", так как этот файл используется другим процессом.
C:\Users\user\Desktop\World_server\state\blocker-repair\unified-tick.ps1:5 знак:90
+ ... line="[$ts][UNIFIED] $m"; Add-Content -Path $log -Value $line; Write- ...
+                               ~~~~~~~~~~~~~~~~~~~~~~~~~~~~~~~~~~~
    + CategoryInfo          : WriteError: (C:\Users\user\D...r\scheduler.log:String) [Add-Content], IOException
    + FullyQualifiedErrorId : GetContentWriterIOError,Microsoft.PowerShell.Commands.AddContentCommand
 
[2026-08-25 06:07:08][UNIFIED]   blocker:       "status": "waiting",
Add-Content : Процесс не может получить доступ к файлу "C:\Users\user\Desktop\World_server\state\blocker-repair\schedul
er.log", так как этот файл используется другим процессом.
C:\Users\user\Desktop\World_server\state\blocker-repair\unified-tick.ps1:5 знак:90
+ ... line="[$ts][UNIFIED] $m"; Add-Content -Path $log -Value $line; Write- ...
+                               ~~~~~~~~~~~~~~~~~~~~~~~~~~~~~~~~~~~
    + CategoryInfo          : WriteError: (C:\Users\user\D...r\scheduler.log:String) [Add-Content], IOException
    + FullyQualifiedErrorId : GetContentWriterIOError,Microsoft.PowerShell.Commands.AddContentCommand
 
[2026-08-25 06:07:08][UNIFIED]   blocker:       "updatedAt": "2026-08-25T03:07:07.656Z",
Add-Content : Процесс не может получить доступ к файлу "C:\Users\user\Desktop\World_server\state\blocker-repair\schedul
er.log", так как этот файл используется другим процессом.
C:\Users\user\Desktop\World_server\state\blocker-repair\unified-tick.ps1:5 знак:90
+ ... line="[$ts][UNIFIED] $m"; Add-Content -Path $log -Value $line; Write- ...
+                               ~~~~~~~~~~~~~~~~~~~~~~~~~~~~~~~~~~~
    + CategoryInfo          : WriteError: (C:\Users\user\D...r\scheduler.log:String) [Add-Content], IOException
    + FullyQualifiedErrorId : GetContentWriterIOError,Microsoft.PowerShell.Commands.AddContentCommand
 
[2026-08-25 06:07:08][UNIFIED]   blocker:       "firstSeenAt": "2026-08-25T01:41:32.806Z",
Add-Content : Процесс не может получить доступ к файлу "C:\Users\user\Desktop\World_server\state\blocker-repair\schedul
er.log", так как этот файл используется другим процессом.
C:\Users\user\Desktop\World_server\state\blocker-repair\unified-tick.ps1:5 знак:90
+ ... line="[$ts][UNIFIED] $m"; Add-Content -Path $log -Value $line; Write- ...
+                               ~~~~~~~~~~~~~~~~~~~~~~~~~~~~~~~~~~~
    + CategoryInfo          : WriteError: (C:\Users\user\D...r\scheduler.log:String) [Add-Content], IOException
    + FullyQualifiedErrorId : GetContentWriterIOError,Microsoft.PowerShell.Commands.AddContentCommand
 
[2026-08-25 06:07:08][UNIFIED]   blocker:       "attempts": 0,
Add-Content : Процесс не может получить доступ к файлу "C:\Users\user\Desktop\World_server\state\blocker-repair\schedul
er.log", так как этот файл используется другим процессом.
C:\Users\user\Desktop\World_server\state\blocker-repair\unified-tick.ps1:5 знак:90
+ ... line="[$ts][UNIFIED] $m"; Add-Content -Path $log -Value $line; Write- ...
+                               ~~~~~~~~~~~~~~~~~~~~~~~~~~~~~~~~~~~
    + CategoryInfo          : WriteError: (C:\Users\user\D...r\scheduler.log:String) [Add-Content], IOException
    + FullyQualifiedErrorId : GetContentWriterIOError,Microsoft.PowerShell.Commands.AddContentCommand
 
[2026-08-25 06:07:08][UNIFIED]   blocker:       "reason": "Long-soak will start only after deterministic local prerequisites are green",
Add-Content : Процесс не может получить доступ к файлу "C:\Users\user\Desktop\World_server\state\blocker-repair\schedul
er.log", так как этот файл используется другим процессом.
C:\Users\user\Desktop\World_server\state\blocker-repair\unified-tick.ps1:5 знак:90
+ ... line="[$ts][UNIFIED] $m"; Add-Content -Path $log -Value $line; Write- ...
+                               ~~~~~~~~~~~~~~~~~~~~~~~~~~~~~~~~~~~
    + CategoryInfo          : WriteError: (C:\Users\user\D...r\scheduler.log:String) [Add-Content], IOException
    + FullyQualifiedErrorId : GetContentWriterIOError,Microsoft.PowerShell.Commands.AddContentCommand
 
[2026-08-25 06:07:08][UNIFIED]   blocker:       "nextRunAt": "2026-08-25T03:22:07.656Z"
Add-Content : Процесс не может получить доступ к файлу "C:\Users\user\Desktop\World_server\state\blocker-repair\schedul
er.log", так как этот файл используется другим процессом.
C:\Users\user\Desktop\World_server\state\blocker-repair\unified-tick.ps1:5 знак:90
+ ... line="[$ts][UNIFIED] $m"; Add-Content -Path $log -Value $line; Write- ...
+                               ~~~~~~~~~~~~~~~~~~~~~~~~~~~~~~~~~~~
    + CategoryInfo          : WriteError: (C:\Users\user\D...r\scheduler.log:String) [Add-Content], IOException
    + FullyQualifiedErrorId : GetContentWriterIOError,Microsoft.PowerShell.Commands.AddContentCommand
 
[2026-08-25 06:07:08][UNIFIED]   blocker:     }
Add-Content : Процесс не может получить доступ к файлу "C:\Users\user\Desktop\World_server\state\blocker-repair\schedul
er.log", так как этот файл используется другим процессом.
C:\Users\user\Desktop\World_server\state\blocker-repair\unified-tick.ps1:5 знак:90
+ ... line="[$ts][UNIFIED] $m"; Add-Content -Path $log -Value $line; Write- ...
+                               ~~~~~~~~~~~~~~~~~~~~~~~~~~~~~~~~~~~
    + CategoryInfo          : WriteError: (C:\Users\user\D...r\scheduler.log:String) [Add-Content], IOException
    + FullyQualifiedErrorId : GetContentWriterIOError,Microsoft.PowerShell.Commands.AddContentCommand
 
[2026-08-25 06:07:08][UNIFIED]   blocker:   }
Add-Content : Процесс не может получить доступ к файлу "C:\Users\user\Desktop\World_server\state\blocker-repair\schedul
er.log", так как этот файл используется другим процессом.
C:\Users\user\Desktop\World_server\state\blocker-repair\unified-tick.ps1:5 знак:90
+ ... line="[$ts][UNIFIED] $m"; Add-Content -Path $log -Value $line; Write- ...
+                               ~~~~~~~~~~~~~~~~~~~~~~~~~~~~~~~~~~~
    + CategoryInfo          : WriteError: (C:\Users\user\D...r\scheduler.log:String) [Add-Content], IOException
    + FullyQualifiedErrorId : GetContentWriterIOError,Microsoft.PowerShell.Commands.AddContentCommand
 
[2026-08-25 06:07:08][UNIFIED]   blocker: }
Add-Content : Процесс не может получить доступ к файлу "C:\Users\user\Desktop\World_server\state\blocker-repair\schedul
er.log", так как этот файл используется другим процессом.
C:\Users\user\Desktop\World_server\state\blocker-repair\unified-tick.ps1:5 знак:90
+ ... line="[$ts][UNIFIED] $m"; Add-Content -Path $log -Value $line; Write- ...
+                               ~~~~~~~~~~~~~~~~~~~~~~~~~~~~~~~~~~~
    + CategoryInfo          : WriteError: (C:\Users\user\D...r\scheduler.log:String) [Add-Content], IOException
    + FullyQualifiedErrorId : GetContentWriterIOError,Microsoft.PowerShell.Commands.AddContentCommand
 
[2026-08-25 06:07:08][UNIFIED] Step 3: verification
Add-Content : Процесс не может получить доступ к файлу "C:\Users\user\Desktop\World_server\state\blocker-repair\schedul
er.log", так как этот файл используется другим процессом.
C:\Users\user\Desktop\World_server\state\blocker-repair\unified-tick.ps1:5 знак:90
+ ... line="[$ts][UNIFIED] $m"; Add-Content -Path $log -Value $line; Write- ...
+                               ~~~~~~~~~~~~~~~~~~~~~~~~~~~~~~~~~~~
    + CategoryInfo          : WriteError: (C:\Users\user\D...r\scheduler.log:String) [Add-Content], IOException
    + FullyQualifiedErrorId : GetContentWriterIOError,Microsoft.PowerShell.Commands.AddContentCommand
 
[2026-08-25 06:07:08][UNIFIED]   verify: [CONTROL_PLANE] PASS toolchain-security
Add-Content : Процесс не может получить доступ к файлу "C:\Users\user\Desktop\World_server\state\blocker-repair\schedul
er.log", так как этот файл используется другим процессом.
C:\Users\user\Desktop\World_server\state\blocker-repair\unified-tick.ps1:5 знак:90
+ ... line="[$ts][UNIFIED] $m"; Add-Content -Path $log -Value $line; Write- ...
+                               ~~~~~~~~~~~~~~~~~~~~~~~~~~~~~~~~~~~
    + CategoryInfo          : WriteError: (C:\Users\user\D...r\scheduler.log:String) [Add-Content], IOException
    + FullyQualifiedErrorId : GetContentWriterIOError,Microsoft.PowerShell.Commands.AddContentCommand
 
[2026-08-25 06:07:09][UNIFIED]   verify: [CONTROL_PLANE] PASS toolchain-health
Add-Content : Процесс не может получить доступ к файлу "C:\Users\user\Desktop\World_server\state\blocker-repair\schedul
er.log", так как этот файл используется другим процессом.
C:\Users\user\Desktop\World_server\state\blocker-repair\unified-tick.ps1:5 знак:90
+ ... line="[$ts][UNIFIED] $m"; Add-Content -Path $log -Value $line; Write- ...
+                               ~~~~~~~~~~~~~~~~~~~~~~~~~~~~~~~~~~~
    + CategoryInfo          : WriteError: (C:\Users\user\D...r\scheduler.log:String) [Add-Content], IOException
    + FullyQualifiedErrorId : GetContentWriterIOError,Microsoft.PowerShell.Commands.AddContentCommand
 
[2026-08-25 06:07:09][UNIFIED]   verify: [CONTROL_PLANE] PASS telemetry
Add-Content : Процесс не может получить доступ к файлу "C:\Users\user\Desktop\World_server\state\blocker-repair\schedul
er.log", так как этот файл используется другим процессом.
C:\Users\user\Desktop\World_server\state\blocker-repair\unified-tick.ps1:5 знак:90
+ ... line="[$ts][UNIFIED] $m"; Add-Content -Path $log -Value $line; Write- ...
+                               ~~~~~~~~~~~~~~~~~~~~~~~~~~~~~~~~~~~
    + CategoryInfo          : WriteError: (C:\Users\user\D...r\scheduler.log:String) [Add-Content], IOException
    + FullyQualifiedErrorId : GetContentWriterIOError,Microsoft.PowerShell.Commands.AddContentCommand
 
[2026-08-25 06:07:13][UNIFIED]   verify: [CONTROL_PLANE] FAIL snapshot:     at Module._load (node:internal/modules/cjs/loader:1355:12)
Add-Content : Процесс не может получить доступ к файлу "C:\Users\user\Desktop\World_server\state\blocker-repair\schedul
er.log", так как этот файл используется другим процессом.
C:\Users\user\Desktop\World_server\state\blocker-repair\unified-tick.ps1:5 знак:90
+ ... line="[$ts][UNIFIED] $m"; Add-Content -Path $log -Value $line; Write- ...
+                               ~~~~~~~~~~~~~~~~~~~~~~~~~~~~~~~~~~~
    + CategoryInfo          : WriteError: (C:\Users\user\D...r\scheduler.log:String) [Add-Content], IOException
    + FullyQualifiedErrorId : GetContentWriterIOError,Microsoft.PowerShell.Commands.AddContentCommand
 
[2026-08-25 06:07:13][UNIFIED]   verify: [CONTROL_PLANE] PASS native-ast-dataflow
Add-Content : Процесс не может получить доступ к файлу "C:\Users\user\Desktop\World_server\state\blocker-repair\schedul
er.log", так как этот файл используется другим процессом.
C:\Users\user\Desktop\World_server\state\blocker-repair\unified-tick.ps1:5 знак:90
+ ... line="[$ts][UNIFIED] $m"; Add-Content -Path $log -Value $line; Write- ...
+                               ~~~~~~~~~~~~~~~~~~~~~~~~~~~~~~~~~~~
    + CategoryInfo          : WriteError: (C:\Users\user\D...r\scheduler.log:String) [Add-Content], IOException
    + FullyQualifiedErrorId : GetContentWriterIOError,Microsoft.PowerShell.Commands.AddContentCommand
 
[2026-08-25 06:07:15][UNIFIED]   verify: [CONTROL_PLANE] PASS semantic-graph
Add-Content : Процесс не может получить доступ к файлу "C:\Users\user\Desktop\World_server\state\blocker-repair\schedul
er.log", так как этот файл используется другим процессом.
C:\Users\user\Desktop\World_server\state\blocker-repair\unified-tick.ps1:5 знак:90
+ ... line="[$ts][UNIFIED] $m"; Add-Content -Path $log -Value $line; Write- ...
+                               ~~~~~~~~~~~~~~~~~~~~~~~~~~~~~~~~~~~
    + CategoryInfo          : WriteError: (C:\Users\user\D...r\scheduler.log:String) [Add-Content], IOException
    + FullyQualifiedErrorId : GetContentWriterIOError,Microsoft.PowerShell.Commands.AddContentCommand
 
[2026-08-25 06:07:17][UNIFIED]   verify: [CONTROL_PLANE] PASS change-impact
Add-Content : Процесс не может получить доступ к файлу "C:\Users\user\Desktop\World_server\state\blocker-repair\schedul
er.log", так как этот файл используется другим процессом.
C:\Users\user\Desktop\World_server\state\blocker-repair\unified-tick.ps1:5 знак:90
+ ... line="[$ts][UNIFIED] $m"; Add-Content -Path $log -Value $line; Write- ...
+                               ~~~~~~~~~~~~~~~~~~~~~~~~~~~~~~~~~~~
    + CategoryInfo          : WriteError: (C:\Users\user\D...r\scheduler.log:String) [Add-Content], IOException
    + FullyQualifiedErrorId : GetContentWriterIOError,Microsoft.PowerShell.Commands.AddContentCommand
 
[2026-08-25 06:07:17][UNIFIED]   verify: [CONTROL_PLANE] PASS assets
Add-Content : Процесс не может получить доступ к файлу "C:\Users\user\Desktop\World_server\state\blocker-repair\schedul
er.log", так как этот файл используется другим процессом.
C:\Users\user\Desktop\World_server\state\blocker-repair\unified-tick.ps1:5 знак:90
+ ... line="[$ts][UNIFIED] $m"; Add-Content -Path $log -Value $line; Write- ...
+                               ~~~~~~~~~~~~~~~~~~~~~~~~~~~~~~~~~~~
    + CategoryInfo          : WriteError: (C:\Users\user\D...r\scheduler.log:String) [Add-Content], IOException
    + FullyQualifiedErrorId : GetContentWriterIOError,Microsoft.PowerShell.Commands.AddContentCommand
 
[2026-08-25 06:07:18][UNIFIED]   verify: [CONTROL_PLANE] PASS project-directives
Add-Content : Процесс не может получить доступ к файлу "C:\Users\user\Desktop\World_server\state\blocker-repair\schedul
er.log", так как этот файл используется другим процессом.
C:\Users\user\Desktop\World_server\state\blocker-repair\unified-tick.ps1:5 знак:90
+ ... line="[$ts][UNIFIED] $m"; Add-Content -Path $log -Value $line; Write- ...
+                               ~~~~~~~~~~~~~~~~~~~~~~~~~~~~~~~~~~~
    + CategoryInfo          : WriteError: (C:\Users\user\D...r\scheduler.log:String) [Add-Content], IOException
    + FullyQualifiedErrorId : GetContentWriterIOError,Microsoft.PowerShell.Commands.AddContentCommand
 
[2026-08-25 06:07:18][UNIFIED]   verify: [CONTROL_PLANE] PASS asset-ingestion-plan
Add-Content : Процесс не может получить доступ к файлу "C:\Users\user\Desktop\World_server\state\blocker-repair\schedul
er.log", так как этот файл используется другим процессом.
C:\Users\user\Desktop\World_server\state\blocker-repair\unified-tick.ps1:5 знак:90
+ ... line="[$ts][UNIFIED] $m"; Add-Content -Path $log -Value $line; Write- ...
+                               ~~~~~~~~~~~~~~~~~~~~~~~~~~~~~~~~~~~
    + CategoryInfo          : WriteError: (C:\Users\user\D...r\scheduler.log:String) [Add-Content], IOException
    + FullyQualifiedErrorId : GetContentWriterIOError,Microsoft.PowerShell.Commands.AddContentCommand
 
[2026-08-25 06:07:18][UNIFIED]   verify: [CONTROL_PLANE] PASS technology-lock
Add-Content : Процесс не может получить доступ к файлу "C:\Users\user\Desktop\World_server\state\blocker-repair\schedul
er.log", так как этот файл используется другим процессом.
C:\Users\user\Desktop\World_server\state\blocker-repair\unified-tick.ps1:5 знак:90
+ ... line="[$ts][UNIFIED] $m"; Add-Content -Path $log -Value $line; Write- ...
+                               ~~~~~~~~~~~~~~~~~~~~~~~~~~~~~~~~~~~
    + CategoryInfo          : WriteError: (C:\Users\user\D...r\scheduler.log:String) [Add-Content], IOException
    + FullyQualifiedErrorId : GetContentWriterIOError,Microsoft.PowerShell.Commands.AddContentCommand
 
[2026-08-25 06:07:19][UNIFIED]   verify: [CONTROL_PLANE] FAIL graphics-ratchet: [GRAPHICS_GUARD] FAIL protectedChanges=20 failed=20
Add-Content : Процесс не может получить доступ к файлу "C:\Users\user\Desktop\World_server\state\blocker-repair\schedul
er.log", так как этот файл используется другим процессом.
C:\Users\user\Desktop\World_server\state\blocker-repair\unified-tick.ps1:5 знак:90
+ ... line="[$ts][UNIFIED] $m"; Add-Content -Path $log -Value $line; Write- ...
+                               ~~~~~~~~~~~~~~~~~~~~~~~~~~~~~~~~~~~
    + CategoryInfo          : WriteError: (C:\Users\user\D...r\scheduler.log:String) [Add-Content], IOException
    + FullyQualifiedErrorId : GetContentWriterIOError,Microsoft.PowerShell.Commands.AddContentCommand
 
[2026-08-25 06:07:19][UNIFIED]   verify: [CONTROL_PLANE] PASS audio-variation
Add-Content : Процесс не может получить доступ к файлу "C:\Users\user\Desktop\World_server\state\blocker-repair\schedul
er.log", так как этот файл используется другим процессом.
C:\Users\user\Desktop\World_server\state\blocker-repair\unified-tick.ps1:5 знак:90
+ ... line="[$ts][UNIFIED] $m"; Add-Content -Path $log -Value $line; Write- ...
+                               ~~~~~~~~~~~~~~~~~~~~~~~~~~~~~~~~~~~
    + CategoryInfo          : WriteError: (C:\Users\user\D...r\scheduler.log:String) [Add-Content], IOException
    + FullyQualifiedErrorId : GetContentWriterIOError,Microsoft.PowerShell.Commands.AddContentCommand
 
[2026-08-25 06:07:19][UNIFIED]   verify: [CONTROL_PLANE] PASS gameplay-spatial-contract
Add-Content : Процесс не может получить доступ к файлу "C:\Users\user\Desktop\World_server\state\blocker-repair\schedul
er.log", так как этот файл используется другим процессом.
C:\Users\user\Desktop\World_server\state\blocker-repair\unified-tick.ps1:5 знак:90
+ ... line="[$ts][UNIFIED] $m"; Add-Content -Path $log -Value $line; Write- ...
+                               ~~~~~~~~~~~~~~~~~~~~~~~~~~~~~~~~~~~
    + CategoryInfo          : WriteError: (C:\Users\user\D...r\scheduler.log:String) [Add-Content], IOException
    + FullyQualifiedErrorId : GetContentWriterIOError,Microsoft.PowerShell.Commands.AddContentCommand
 
[2026-08-25 06:07:20][UNIFIED]   verify: [CONTROL_PLANE] PASS desktop-ai-report-contract
Add-Content : Процесс не может получить доступ к файлу "C:\Users\user\Desktop\World_server\state\blocker-repair\schedul
er.log", так как этот файл используется другим процессом.
C:\Users\user\Desktop\World_server\state\blocker-repair\unified-tick.ps1:5 знак:90
+ ... line="[$ts][UNIFIED] $m"; Add-Content -Path $log -Value $line; Write- ...
+                               ~~~~~~~~~~~~~~~~~~~~~~~~~~~~~~~~~~~
    + CategoryInfo          : WriteError: (C:\Users\user\D...r\scheduler.log:String) [Add-Content], IOException
    + FullyQualifiedErrorId : GetContentWriterIOError,Microsoft.PowerShell.Commands.AddContentCommand
 
[2026-08-25 06:07:20][UNIFIED]   verify: [CONTROL_PLANE] PASS queue
Add-Content : Процесс не может получить доступ к файлу "C:\Users\user\Desktop\World_server\state\blocker-repair\schedul
er.log", так как этот файл используется другим процессом.
C:\Users\user\Desktop\World_server\state\blocker-repair\unified-tick.ps1:5 знак:90
+ ... line="[$ts][UNIFIED] $m"; Add-Content -Path $log -Value $line; Write- ...
+                               ~~~~~~~~~~~~~~~~~~~~~~~~~~~~~~~~~~~
    + CategoryInfo          : WriteError: (C:\Users\user\D...r\scheduler.log:String) [Add-Content], IOException
    + FullyQualifiedErrorId : GetContentWriterIOError,Microsoft.PowerShell.Commands.AddContentCommand
 
[2026-08-25 06:07:20][UNIFIED]   verify: [CONTROL_PLANE] PASS config-contract
Add-Content : Процесс не может получить доступ к файлу "C:\Users\user\Desktop\World_server\state\blocker-repair\schedul
er.log", так как этот файл используется другим процессом.
C:\Users\user\Desktop\World_server\state\blocker-repair\unified-tick.ps1:5 знак:90
+ ... line="[$ts][UNIFIED] $m"; Add-Content -Path $log -Value $line; Write- ...
+                               ~~~~~~~~~~~~~~~~~~~~~~~~~~~~~~~~~~~
    + CategoryInfo          : WriteError: (C:\Users\user\D...r\scheduler.log:String) [Add-Content], IOException
    + FullyQualifiedErrorId : GetContentWriterIOError,Microsoft.PowerShell.Commands.AddContentCommand
 
[2026-08-25 06:07:20][UNIFIED]   verify: [CONTROL_PLANE] PASS feature-flags
Add-Content : Процесс не может получить доступ к файлу "C:\Users\user\Desktop\World_server\state\blocker-repair\schedul
er.log", так как этот файл используется другим процессом.
C:\Users\user\Desktop\World_server\state\blocker-repair\unified-tick.ps1:5 знак:90
+ ... line="[$ts][UNIFIED] $m"; Add-Content -Path $log -Value $line; Write- ...
+                               ~~~~~~~~~~~~~~~~~~~~~~~~~~~~~~~~~~~
    + CategoryInfo          : WriteError: (C:\Users\user\D...r\scheduler.log:String) [Add-Content], IOException
    + FullyQualifiedErrorId : GetContentWriterIOError,Microsoft.PowerShell.Commands.AddContentCommand
 
[2026-08-25 06:07:20][UNIFIED]   verify: [CONTROL_PLANE] PASS wit-component-contract
Add-Content : Процесс не может получить доступ к файлу "C:\Users\user\Desktop\World_server\state\blocker-repair\schedul
er.log", так как этот файл используется другим процессом.
C:\Users\user\Desktop\World_server\state\blocker-repair\unified-tick.ps1:5 знак:90
+ ... line="[$ts][UNIFIED] $m"; Add-Content -Path $log -Value $line; Write- ...
+                               ~~~~~~~~~~~~~~~~~~~~~~~~~~~~~~~~~~~
    + CategoryInfo          : WriteError: (C:\Users\user\D...r\scheduler.log:String) [Add-Content], IOException
    + FullyQualifiedErrorId : GetContentWriterIOError,Microsoft.PowerShell.Commands.AddContentCommand
 
[2026-08-25 06:07:20][UNIFIED]   verify: [CONTROL_PLANE] PASS adapter-sandbox
Add-Content : Процесс не может получить доступ к файлу "C:\Users\user\Desktop\World_server\state\blocker-repair\schedul
er.log", так как этот файл используется другим процессом.
C:\Users\user\Desktop\World_server\state\blocker-repair\unified-tick.ps1:5 знак:90
+ ... line="[$ts][UNIFIED] $m"; Add-Content -Path $log -Value $line; Write- ...
+                               ~~~~~~~~~~~~~~~~~~~~~~~~~~~~~~~~~~~
    + CategoryInfo          : WriteError: (C:\Users\user\D...r\scheduler.log:String) [Add-Content], IOException
    + FullyQualifiedErrorId : GetContentWriterIOError,Microsoft.PowerShell.Commands.AddContentCommand
 
[2026-08-25 06:07:21][UNIFIED]   verify: [CONTROL_PLANE] PASS secure-update
Add-Content : Процесс не может получить доступ к файлу "C:\Users\user\Desktop\World_server\state\blocker-repair\schedul
er.log", так как этот файл используется другим процессом.
C:\Users\user\Desktop\World_server\state\blocker-repair\unified-tick.ps1:5 знак:90
+ ... line="[$ts][UNIFIED] $m"; Add-Content -Path $log -Value $line; Write- ...
+                               ~~~~~~~~~~~~~~~~~~~~~~~~~~~~~~~~~~~
    + CategoryInfo          : WriteError: (C:\Users\user\D...r\scheduler.log:String) [Add-Content], IOException
    + FullyQualifiedErrorId : GetContentWriterIOError,Microsoft.PowerShell.Commands.AddContentCommand
 
[2026-08-25 06:07:24][UNIFIED]   verify: [CONTROL_PLANE] FAIL reproducible-build: Node.js v24.15.0
Add-Content : Процесс не может получить доступ к файлу "C:\Users\user\Desktop\World_server\state\blocker-repair\schedul
er.log", так как этот файл используется другим процессом.
C:\Users\user\Desktop\World_server\state\blocker-repair\unified-tick.ps1:5 знак:90
+ ... line="[$ts][UNIFIED] $m"; Add-Content -Path $log -Value $line; Write- ...
+                               ~~~~~~~~~~~~~~~~~~~~~~~~~~~~~~~~~~~
    + CategoryInfo          : WriteError: (C:\Users\user\D...r\scheduler.log:String) [Add-Content], IOException
    + FullyQualifiedErrorId : GetContentWriterIOError,Microsoft.PowerShell.Commands.AddContentCommand
 
[2026-08-25 06:07:24][UNIFIED]   verify: [CONTROL_PLANE] PASS model-check
Add-Content : Процесс не может получить доступ к файлу "C:\Users\user\Desktop\World_server\state\blocker-repair\schedul
er.log", так как этот файл используется другим процессом.
C:\Users\user\Desktop\World_server\state\blocker-repair\unified-tick.ps1:5 знак:90
+ ... line="[$ts][UNIFIED] $m"; Add-Content -Path $log -Value $line; Write- ...
+                               ~~~~~~~~~~~~~~~~~~~~~~~~~~~~~~~~~~~
    + CategoryInfo          : WriteError: (C:\Users\user\D...r\scheduler.log:String) [Add-Content], IOException
    + FullyQualifiedErrorId : GetContentWriterIOError,Microsoft.PowerShell.Commands.AddContentCommand
 
[2026-08-25 06:07:25][UNIFIED]   verify: [CONTROL_PLANE] PASS cas-peer-discovery
Add-Content : Процесс не может получить доступ к файлу "C:\Users\user\Desktop\World_server\state\blocker-repair\schedul
er.log", так как этот файл используется другим процессом.
C:\Users\user\Desktop\World_server\state\blocker-repair\unified-tick.ps1:5 знак:90
+ ... line="[$ts][UNIFIED] $m"; Add-Content -Path $log -Value $line; Write- ...
+                               ~~~~~~~~~~~~~~~~~~~~~~~~~~~~~~~~~~~
    + CategoryInfo          : WriteError: (C:\Users\user\D...r\scheduler.log:String) [Add-Content], IOException
    + FullyQualifiedErrorId : GetContentWriterIOError,Microsoft.PowerShell.Commands.AddContentCommand
 
[2026-08-25 06:07:26][UNIFIED]   verify: [CONTROL_PLANE] PASS distributed-cas
Add-Content : Процесс не может получить доступ к файлу "C:\Users\user\Desktop\World_server\state\blocker-repair\schedul
er.log", так как этот файл используется другим процессом.
C:\Users\user\Desktop\World_server\state\blocker-repair\unified-tick.ps1:5 знак:90
+ ... line="[$ts][UNIFIED] $m"; Add-Content -Path $log -Value $line; Write- ...
+                               ~~~~~~~~~~~~~~~~~~~~~~~~~~~~~~~~~~~
    + CategoryInfo          : WriteError: (C:\Users\user\D...r\scheduler.log:String) [Add-Content], IOException
    + FullyQualifiedErrorId : GetContentWriterIOError,Microsoft.PowerShell.Commands.AddContentCommand
 
[2026-08-25 06:07:26][UNIFIED]   verify: [CONTROL_PLANE] PASS device-lab
Add-Content : Процесс не может получить доступ к файлу "C:\Users\user\Desktop\World_server\state\blocker-repair\schedul
er.log", так как этот файл используется другим процессом.
C:\Users\user\Desktop\World_server\state\blocker-repair\unified-tick.ps1:5 знак:90
+ ... line="[$ts][UNIFIED] $m"; Add-Content -Path $log -Value $line; Write- ...
+                               ~~~~~~~~~~~~~~~~~~~~~~~~~~~~~~~~~~~
    + CategoryInfo          : WriteError: (C:\Users\user\D...r\scheduler.log:String) [Add-Content], IOException
    + FullyQualifiedErrorId : GetContentWriterIOError,Microsoft.PowerShell.Commands.AddContentCommand
 
[2026-08-25 06:07:26][UNIFIED]   verify: [CONTROL_PLANE] PASS device-executor
Add-Content : Процесс не может получить доступ к файлу "C:\Users\user\Desktop\World_server\state\blocker-repair\schedul
er.log", так как этот файл используется другим процессом.
C:\Users\user\Desktop\World_server\state\blocker-repair\unified-tick.ps1:5 знак:90
+ ... line="[$ts][UNIFIED] $m"; Add-Content -Path $log -Value $line; Write- ...
+                               ~~~~~~~~~~~~~~~~~~~~~~~~~~~~~~~~~~~
    + CategoryInfo          : WriteError: (C:\Users\user\D...r\scheduler.log:String) [Add-Content], IOException
    + FullyQualifiedErrorId : GetContentWriterIOError,Microsoft.PowerShell.Commands.AddContentCommand
 
[2026-08-25 06:07:26][UNIFIED]   verify: [CONTROL_PLANE] PASS wit-bindings
Add-Content : Процесс не может получить доступ к файлу "C:\Users\user\Desktop\World_server\state\blocker-repair\schedul
er.log", так как этот файл используется другим процессом.
C:\Users\user\Desktop\World_server\state\blocker-repair\unified-tick.ps1:5 знак:90
+ ... line="[$ts][UNIFIED] $m"; Add-Content -Path $log -Value $line; Write- ...
+                               ~~~~~~~~~~~~~~~~~~~~~~~~~~~~~~~~~~~
    + CategoryInfo          : WriteError: (C:\Users\user\D...r\scheduler.log:String) [Add-Content], IOException
    + FullyQualifiedErrorId : GetContentWriterIOError,Microsoft.PowerShell.Commands.AddContentCommand
 
[2026-08-25 06:07:27][UNIFIED]   verify: [CONTROL_PLANE] PASS rekor-monitor
Add-Content : Процесс не может получить доступ к файлу "C:\Users\user\Desktop\World_server\state\blocker-repair\schedul
er.log", так как этот файл используется другим процессом.
C:\Users\user\Desktop\World_server\state\blocker-repair\unified-tick.ps1:5 знак:90
+ ... line="[$ts][UNIFIED] $m"; Add-Content -Path $log -Value $line; Write- ...
+                               ~~~~~~~~~~~~~~~~~~~~~~~~~~~~~~~~~~~
    + CategoryInfo          : WriteError: (C:\Users\user\D...r\scheduler.log:String) [Add-Content], IOException
    + FullyQualifiedErrorId : GetContentWriterIOError,Microsoft.PowerShell.Commands.AddContentCommand
 
[2026-08-25 06:07:28][UNIFIED]   verify: [CONTROL_PLANE] PASS technology-consensus
Add-Content : Процесс не может получить доступ к файлу "C:\Users\user\Desktop\World_server\state\blocker-repair\schedul
er.log", так как этот файл используется другим процессом.
C:\Users\user\Desktop\World_server\state\blocker-repair\unified-tick.ps1:5 знак:90
+ ... line="[$ts][UNIFIED] $m"; Add-Content -Path $log -Value $line; Write- ...
+                               ~~~~~~~~~~~~~~~~~~~~~~~~~~~~~~~~~~~
    + CategoryInfo          : WriteError: (C:\Users\user\D...r\scheduler.log:String) [Add-Content], IOException
    + FullyQualifiedErrorId : GetContentWriterIOError,Microsoft.PowerShell.Commands.AddContentCommand
 
[2026-08-25 06:07:28][UNIFIED]   verify: [CONTROL_PLANE] PASS sbom
Add-Content : Процесс не может получить доступ к файлу "C:\Users\user\Desktop\World_server\state\blocker-repair\schedul
er.log", так как этот файл используется другим процессом.
C:\Users\user\Desktop\World_server\state\blocker-repair\unified-tick.ps1:5 знак:90
+ ... line="[$ts][UNIFIED] $m"; Add-Content -Path $log -Value $line; Write- ...
+                               ~~~~~~~~~~~~~~~~~~~~~~~~~~~~~~~~~~~
    + CategoryInfo          : WriteError: (C:\Users\user\D...r\scheduler.log:String) [Add-Content], IOException
    + FullyQualifiedErrorId : GetContentWriterIOError,Microsoft.PowerShell.Commands.AddContentCommand
 
[2026-08-25 06:07:34][UNIFIED]   verify: [CONTROL_PLANE] PASS legacy-evidence-factory
Add-Content : Процесс не может получить доступ к файлу "C:\Users\user\Desktop\World_server\state\blocker-repair\schedul
er.log", так как этот файл используется другим процессом.
C:\Users\user\Desktop\World_server\state\blocker-repair\unified-tick.ps1:5 знак:90
+ ... line="[$ts][UNIFIED] $m"; Add-Content -Path $log -Value $line; Write- ...
+                               ~~~~~~~~~~~~~~~~~~~~~~~~~~~~~~~~~~~
    + CategoryInfo          : WriteError: (C:\Users\user\D...r\scheduler.log:String) [Add-Content], IOException
    + FullyQualifiedErrorId : GetContentWriterIOError,Microsoft.PowerShell.Commands.AddContentCommand
 
[2026-08-25 06:07:34][UNIFIED]   verify: [CONTROL_PLANE] PASS slo-error-budget
Add-Content : Процесс не может получить доступ к файлу "C:\Users\user\Desktop\World_server\state\blocker-repair\schedul
er.log", так как этот файл используется другим процессом.
C:\Users\user\Desktop\World_server\state\blocker-repair\unified-tick.ps1:5 знак:90
+ ... line="[$ts][UNIFIED] $m"; Add-Content -Path $log -Value $line; Write- ...
+                               ~~~~~~~~~~~~~~~~~~~~~~~~~~~~~~~~~~~
    + CategoryInfo          : WriteError: (C:\Users\user\D...r\scheduler.log:String) [Add-Content], IOException
    + FullyQualifiedErrorId : GetContentWriterIOError,Microsoft.PowerShell.Commands.AddContentCommand
 
[2026-08-25 06:07:34][UNIFIED]   verify: [CONTROL_PLANE] PASS db-migration-coordinator
Add-Content : Процесс не может получить доступ к файлу "C:\Users\user\Desktop\World_server\state\blocker-repair\schedul
er.log", так как этот файл используется другим процессом.
C:\Users\user\Desktop\World_server\state\blocker-repair\unified-tick.ps1:5 знак:90
+ ... line="[$ts][UNIFIED] $m"; Add-Content -Path $log -Value $line; Write- ...
+                               ~~~~~~~~~~~~~~~~~~~~~~~~~~~~~~~~~~~
    + CategoryInfo          : WriteError: (C:\Users\user\D...r\scheduler.log:String) [Add-Content], IOException
    + FullyQualifiedErrorId : GetContentWriterIOError,Microsoft.PowerShell.Commands.AddContentCommand
 
[2026-08-25 06:07:34][UNIFIED]   verify: [CONTROL_PLANE] PASS asset-delta
Add-Content : Процесс не может получить доступ к файлу "C:\Users\user\Desktop\World_server\state\blocker-repair\schedul
er.log", так как этот файл используется другим процессом.
C:\Users\user\Desktop\World_server\state\blocker-repair\unified-tick.ps1:5 знак:90
+ ... line="[$ts][UNIFIED] $m"; Add-Content -Path $log -Value $line; Write- ...
+                               ~~~~~~~~~~~~~~~~~~~~~~~~~~~~~~~~~~~
    + CategoryInfo          : WriteError: (C:\Users\user\D...r\scheduler.log:String) [Add-Content], IOException
    + FullyQualifiedErrorId : GetContentWriterIOError,Microsoft.PowerShell.Commands.AddContentCommand
 
[2026-08-25 06:07:34][UNIFIED]   verify: [CONTROL_PLANE] FAIL integration-gate: [SYSTEM_INTEGRATION_V7] 99% FAIL 126/127 leader-lease-migration
Add-Content : Процесс не может получить доступ к файлу "C:\Users\user\Desktop\World_server\state\blocker-repair\schedul
er.log", так как этот файл используется другим процессом.
C:\Users\user\Desktop\World_server\state\blocker-repair\unified-tick.ps1:5 знак:90
+ ... line="[$ts][UNIFIED] $m"; Add-Content -Path $log -Value $line; Write- ...
+                               ~~~~~~~~~~~~~~~~~~~~~~~~~~~~~~~~~~~
    + CategoryInfo          : WriteError: (C:\Users\user\D...r\scheduler.log:String) [Add-Content], IOException
    + FullyQualifiedErrorId : GetContentWriterIOError,Microsoft.PowerShell.Commands.AddContentCommand
 
[2026-08-25 06:07:37][UNIFIED]   verify: [CONTROL_PLANE] PASS disaster-recovery-verify
Add-Content : Процесс не может получить доступ к файлу "C:\Users\user\Desktop\World_server\state\blocker-repair\schedul
er.log", так как этот файл используется другим процессом.
C:\Users\user\Desktop\World_server\state\blocker-repair\unified-tick.ps1:5 знак:90
+ ... line="[$ts][UNIFIED] $m"; Add-Content -Path $log -Value $line; Write- ...
+                               ~~~~~~~~~~~~~~~~~~~~~~~~~~~~~~~~~~~
    + CategoryInfo          : WriteError: (C:\Users\user\D...r\scheduler.log:String) [Add-Content], IOException
    + FullyQualifiedErrorId : GetContentWriterIOError,Microsoft.PowerShell.Commands.AddContentCommand
 
[2026-08-25 06:07:38][UNIFIED]   verify: [CONTROL_PLANE] PASS provenance
Add-Content : Процесс не может получить доступ к файлу "C:\Users\user\Desktop\World_server\state\blocker-repair\schedul
er.log", так как этот файл используется другим процессом.
C:\Users\user\Desktop\World_server\state\blocker-repair\unified-tick.ps1:5 знак:90
+ ... line="[$ts][UNIFIED] $m"; Add-Content -Path $log -Value $line; Write- ...
+                               ~~~~~~~~~~~~~~~~~~~~~~~~~~~~~~~~~~~
    + CategoryInfo          : WriteError: (C:\Users\user\D...r\scheduler.log:String) [Add-Content], IOException
    + FullyQualifiedErrorId : GetContentWriterIOError,Microsoft.PowerShell.Commands.AddContentCommand
 
[2026-08-25 06:07:38][UNIFIED]   verify: [CONTROL_PLANE] PASS supply-chain-signing
Add-Content : Процесс не может получить доступ к файлу "C:\Users\user\Desktop\World_server\state\blocker-repair\schedul
er.log", так как этот файл используется другим процессом.
C:\Users\user\Desktop\World_server\state\blocker-repair\unified-tick.ps1:5 знак:90
+ ... line="[$ts][UNIFIED] $m"; Add-Content -Path $log -Value $line; Write- ...
+                               ~~~~~~~~~~~~~~~~~~~~~~~~~~~~~~~~~~~
    + CategoryInfo          : WriteError: (C:\Users\user\D...r\scheduler.log:String) [Add-Content], IOException
    + FullyQualifiedErrorId : GetContentWriterIOError,Microsoft.PowerShell.Commands.AddContentCommand
 
[2026-08-25 06:07:40][UNIFIED]   verify: [CONTROL_PLANE] FAIL policy: warning: in the working copy of 'state/blocker-repair/state.json', LF will be replaced by CRLF the next time Git touches it
Add-Content : Процесс не может получить доступ к файлу "C:\Users\user\Desktop\World_server\state\blocker-repair\schedul
er.log", так как этот файл используется другим процессом.
C:\Users\user\Desktop\World_server\state\blocker-repair\unified-tick.ps1:5 знак:90
+ ... line="[$ts][UNIFIED] $m"; Add-Content -Path $log -Value $line; Write- ...
+                               ~~~~~~~~~~~~~~~~~~~~~~~~~~~~~~~~~~~
    + CategoryInfo          : WriteError: (C:\Users\user\D...r\scheduler.log:String) [Add-Content], IOException
    + FullyQualifiedErrorId : GetContentWriterIOError,Microsoft.PowerShell.Commands.AddContentCommand
 
[2026-08-25 06:07:40][UNIFIED]   verify: [CONTROL_PLANE] PASS chaos-safety
Add-Content : Процесс не может получить доступ к файлу "C:\Users\user\Desktop\World_server\state\blocker-repair\schedul
er.log", так как этот файл используется другим процессом.
C:\Users\user\Desktop\World_server\state\blocker-repair\unified-tick.ps1:5 знак:90
+ ... line="[$ts][UNIFIED] $m"; Add-Content -Path $log -Value $line; Write- ...
+                               ~~~~~~~~~~~~~~~~~~~~~~~~~~~~~~~~~~~
    + CategoryInfo          : WriteError: (C:\Users\user\D...r\scheduler.log:String) [Add-Content], IOException
    + FullyQualifiedErrorId : GetContentWriterIOError,Microsoft.PowerShell.Commands.AddContentCommand
 
[2026-08-25 06:07:40][UNIFIED]   verify: [CONTROL_PLANE] PASS orchestrator-monitor-lifecycle
Add-Content : Процесс не может получить доступ к файлу "C:\Users\user\Desktop\World_server\state\blocker-repair\schedul
er.log", так как этот файл используется другим процессом.
C:\Users\user\Desktop\World_server\state\blocker-repair\unified-tick.ps1:5 знак:90
+ ... line="[$ts][UNIFIED] $m"; Add-Content -Path $log -Value $line; Write- ...
+                               ~~~~~~~~~~~~~~~~~~~~~~~~~~~~~~~~~~~
    + CategoryInfo          : WriteError: (C:\Users\user\D...r\scheduler.log:String) [Add-Content], IOException
    + FullyQualifiedErrorId : GetContentWriterIOError,Microsoft.PowerShell.Commands.AddContentCommand
 
[2026-08-25 06:07:40][UNIFIED]   verify: [CONTROL_PLANE] PASS orchestrator-patch-safety
Add-Content : Процесс не может получить доступ к файлу "C:\Users\user\Desktop\World_server\state\blocker-repair\schedul
er.log", так как этот файл используется другим процессом.
C:\Users\user\Desktop\World_server\state\blocker-repair\unified-tick.ps1:5 знак:90
+ ... line="[$ts][UNIFIED] $m"; Add-Content -Path $log -Value $line; Write- ...
+                               ~~~~~~~~~~~~~~~~~~~~~~~~~~~~~~~~~~~
    + CategoryInfo          : WriteError: (C:\Users\user\D...r\scheduler.log:String) [Add-Content], IOException
    + FullyQualifiedErrorId : GetContentWriterIOError,Microsoft.PowerShell.Commands.AddContentCommand
 
[2026-08-25 06:07:40][UNIFIED]   verify: [CONTROL_PLANE] PASS orchestrator-minimal-repro
Add-Content : Процесс не может получить доступ к файлу "C:\Users\user\Desktop\World_server\state\blocker-repair\schedul
er.log", так как этот файл используется другим процессом.
C:\Users\user\Desktop\World_server\state\blocker-repair\unified-tick.ps1:5 знак:90
+ ... line="[$ts][UNIFIED] $m"; Add-Content -Path $log -Value $line; Write- ...
+                               ~~~~~~~~~~~~~~~~~~~~~~~~~~~~~~~~~~~
    + CategoryInfo          : WriteError: (C:\Users\user\D...r\scheduler.log:String) [Add-Content], IOException
    + FullyQualifiedErrorId : GetContentWriterIOError,Microsoft.PowerShell.Commands.AddContentCommand
 
[2026-08-25 06:07:40][UNIFIED]   verify: [CONTROL_PLANE] PASS orchestrator-invariant-model
Add-Content : Процесс не может получить доступ к файлу "C:\Users\user\Desktop\World_server\state\blocker-repair\schedul
er.log", так как этот файл используется другим процессом.
C:\Users\user\Desktop\World_server\state\blocker-repair\unified-tick.ps1:5 знак:90
+ ... line="[$ts][UNIFIED] $m"; Add-Content -Path $log -Value $line; Write- ...
+                               ~~~~~~~~~~~~~~~~~~~~~~~~~~~~~~~~~~~
    + CategoryInfo          : WriteError: (C:\Users\user\D...r\scheduler.log:String) [Add-Content], IOException
    + FullyQualifiedErrorId : GetContentWriterIOError,Microsoft.PowerShell.Commands.AddContentCommand
 
[2026-08-25 06:07:41][UNIFIED]   verify: [CONTROL_PLANE] PASS orchestrator-supervisor-negative
Add-Content : Процесс не может получить доступ к файлу "C:\Users\user\Desktop\World_server\state\blocker-repair\schedul
er.log", так как этот файл используется другим процессом.
C:\Users\user\Desktop\World_server\state\blocker-repair\unified-tick.ps1:5 знак:90
+ ... line="[$ts][UNIFIED] $m"; Add-Content -Path $log -Value $line; Write- ...
+                               ~~~~~~~~~~~~~~~~~~~~~~~~~~~~~~~~~~~
    + CategoryInfo          : WriteError: (C:\Users\user\D...r\scheduler.log:String) [Add-Content], IOException
    + FullyQualifiedErrorId : GetContentWriterIOError,Microsoft.PowerShell.Commands.AddContentCommand
 
[2026-08-25 06:07:41][UNIFIED]   verify: [CONTROL_PLANE] PASS orchestrator-supervisor
Add-Content : Процесс не может получить доступ к файлу "C:\Users\user\Desktop\World_server\state\blocker-repair\schedul
er.log", так как этот файл используется другим процессом.
C:\Users\user\Desktop\World_server\state\blocker-repair\unified-tick.ps1:5 знак:90
+ ... line="[$ts][UNIFIED] $m"; Add-Content -Path $log -Value $line; Write- ...
+                               ~~~~~~~~~~~~~~~~~~~~~~~~~~~~~~~~~~~
    + CategoryInfo          : WriteError: (C:\Users\user\D...r\scheduler.log:String) [Add-Content], IOException
    + FullyQualifiedErrorId : GetContentWriterIOError,Microsoft.PowerShell.Commands.AddContentCommand
 
[2026-08-25 06:07:41][UNIFIED]   verify: [CONTROL_PLANE] PASS capability-scheduler
Add-Content : Процесс не может получить доступ к файлу "C:\Users\user\Desktop\World_server\state\blocker-repair\schedul
er.log", так как этот файл используется другим процессом.
C:\Users\user\Desktop\World_server\state\blocker-repair\unified-tick.ps1:5 знак:90
+ ... line="[$ts][UNIFIED] $m"; Add-Content -Path $log -Value $line; Write- ...
+                               ~~~~~~~~~~~~~~~~~~~~~~~~~~~~~~~~~~~
    + CategoryInfo          : WriteError: (C:\Users\user\D...r\scheduler.log:String) [Add-Content], IOException
    + FullyQualifiedErrorId : GetContentWriterIOError,Microsoft.PowerShell.Commands.AddContentCommand
 
[2026-08-25 06:07:41][UNIFIED]   verify: [CONTROL_PLANE] PASS cas-redundancy
Add-Content : Процесс не может получить доступ к файлу "C:\Users\user\Desktop\World_server\state\blocker-repair\schedul
er.log", так как этот файл используется другим процессом.
C:\Users\user\Desktop\World_server\state\blocker-repair\unified-tick.ps1:5 знак:90
+ ... line="[$ts][UNIFIED] $m"; Add-Content -Path $log -Value $line; Write- ...
+                               ~~~~~~~~~~~~~~~~~~~~~~~~~~~~~~~~~~~
    + CategoryInfo          : WriteError: (C:\Users\user\D...r\scheduler.log:String) [Add-Content], IOException
    + FullyQualifiedErrorId : GetContentWriterIOError,Microsoft.PowerShell.Commands.AddContentCommand
 
[2026-08-25 06:07:41][UNIFIED]   verify: [CONTROL_PLANE] PASS device-worker
Add-Content : Процесс не может получить доступ к файлу "C:\Users\user\Desktop\World_server\state\blocker-repair\schedul
er.log", так как этот файл используется другим процессом.
C:\Users\user\Desktop\World_server\state\blocker-repair\unified-tick.ps1:5 знак:90
+ ... line="[$ts][UNIFIED] $m"; Add-Content -Path $log -Value $line; Write- ...
+                               ~~~~~~~~~~~~~~~~~~~~~~~~~~~~~~~~~~~
    + CategoryInfo          : WriteError: (C:\Users\user\D...r\scheduler.log:String) [Add-Content], IOException
    + FullyQualifiedErrorId : GetContentWriterIOError,Microsoft.PowerShell.Commands.AddContentCommand
 
[2026-08-25 06:07:41][UNIFIED]   verify: [CONTROL_PLANE] PASS record-replay
Add-Content : Процесс не может получить доступ к файлу "C:\Users\user\Desktop\World_server\state\blocker-repair\schedul
er.log", так как этот файл используется другим процессом.
C:\Users\user\Desktop\World_server\state\blocker-repair\unified-tick.ps1:5 знак:90
+ ... line="[$ts][UNIFIED] $m"; Add-Content -Path $log -Value $line; Write- ...
+                               ~~~~~~~~~~~~~~~~~~~~~~~~~~~~~~~~~~~
    + CategoryInfo          : WriteError: (C:\Users\user\D...r\scheduler.log:String) [Add-Content], IOException
    + FullyQualifiedErrorId : GetContentWriterIOError,Microsoft.PowerShell.Commands.AddContentCommand
 
[2026-08-25 06:07:42][UNIFIED]   verify: [CONTROL_PLANE] PASS dependency-security
Add-Content : Процесс не может получить доступ к файлу "C:\Users\user\Desktop\World_server\state\blocker-repair\schedul
er.log", так как этот файл используется другим процессом.
C:\Users\user\Desktop\World_server\state\blocker-repair\unified-tick.ps1:5 знак:90
+ ... line="[$ts][UNIFIED] $m"; Add-Content -Path $log -Value $line; Write- ...
+                               ~~~~~~~~~~~~~~~~~~~~~~~~~~~~~~~~~~~
    + CategoryInfo          : WriteError: (C:\Users\user\D...r\scheduler.log:String) [Add-Content], IOException
    + FullyQualifiedErrorId : GetContentWriterIOError,Microsoft.PowerShell.Commands.AddContentCommand
 
[2026-08-25 06:07:42][UNIFIED]   verify: [CONTROL_PLANE] PASS transactional-deploy
Add-Content : Процесс не может получить доступ к файлу "C:\Users\user\Desktop\World_server\state\blocker-repair\schedul
er.log", так как этот файл используется другим процессом.
C:\Users\user\Desktop\World_server\state\blocker-repair\unified-tick.ps1:5 знак:90
+ ... line="[$ts][UNIFIED] $m"; Add-Content -Path $log -Value $line; Write- ...
+                               ~~~~~~~~~~~~~~~~~~~~~~~~~~~~~~~~~~~
    + CategoryInfo          : WriteError: (C:\Users\user\D...r\scheduler.log:String) [Add-Content], IOException
    + FullyQualifiedErrorId : GetContentWriterIOError,Microsoft.PowerShell.Commands.AddContentCommand
 
[2026-08-25 06:07:42][UNIFIED]   verify: [CONTROL_PLANE] PASS enhancement-orchestrator
Add-Content : Процесс не может получить доступ к файлу "C:\Users\user\Desktop\World_server\state\blocker-repair\schedul
er.log", так как этот файл используется другим процессом.
C:\Users\user\Desktop\World_server\state\blocker-repair\unified-tick.ps1:5 знак:90
+ ... line="[$ts][UNIFIED] $m"; Add-Content -Path $log -Value $line; Write- ...
+                               ~~~~~~~~~~~~~~~~~~~~~~~~~~~~~~~~~~~
    + CategoryInfo          : WriteError: (C:\Users\user\D...r\scheduler.log:String) [Add-Content], IOException
    + FullyQualifiedErrorId : GetContentWriterIOError,Microsoft.PowerShell.Commands.AddContentCommand
 
[2026-08-25 06:07:42][UNIFIED]   verify: [CONTROL_PLANE] PASS leader-lease-health
Add-Content : Процесс не может получить доступ к файлу "C:\Users\user\Desktop\World_server\state\blocker-repair\schedul
er.log", так как этот файл используется другим процессом.
C:\Users\user\Desktop\World_server\state\blocker-repair\unified-tick.ps1:5 знак:90
+ ... line="[$ts][UNIFIED] $m"; Add-Content -Path $log -Value $line; Write- ...
+                               ~~~~~~~~~~~~~~~~~~~~~~~~~~~~~~~~~~~
    + CategoryInfo          : WriteError: (C:\Users\user\D...r\scheduler.log:String) [Add-Content], IOException
    + FullyQualifiedErrorId : GetContentWriterIOError,Microsoft.PowerShell.Commands.AddContentCommand
 
[2026-08-25 06:07:42][UNIFIED]   verify: [CONTROL_PLANE] PASS leader-lease-selftest
Add-Content : Процесс не может получить доступ к файлу "C:\Users\user\Desktop\World_server\state\blocker-repair\schedul
er.log", так как этот файл используется другим процессом.
C:\Users\user\Desktop\World_server\state\blocker-repair\unified-tick.ps1:5 знак:90
+ ... line="[$ts][UNIFIED] $m"; Add-Content -Path $log -Value $line; Write- ...
+                               ~~~~~~~~~~~~~~~~~~~~~~~~~~~~~~~~~~~
    + CategoryInfo          : WriteError: (C:\Users\user\D...r\scheduler.log:String) [Add-Content], IOException
    + FullyQualifiedErrorId : GetContentWriterIOError,Microsoft.PowerShell.Commands.AddContentCommand
 
[2026-08-25 06:07:42][UNIFIED]   verify: [CONTROL_PLANE] PASS production-safety-health
Add-Content : Процесс не может получить доступ к файлу "C:\Users\user\Desktop\World_server\state\blocker-repair\schedul
er.log", так как этот файл используется другим процессом.
C:\Users\user\Desktop\World_server\state\blocker-repair\unified-tick.ps1:5 знак:90
+ ... line="[$ts][UNIFIED] $m"; Add-Content -Path $log -Value $line; Write- ...
+                               ~~~~~~~~~~~~~~~~~~~~~~~~~~~~~~~~~~~
    + CategoryInfo          : WriteError: (C:\Users\user\D...r\scheduler.log:String) [Add-Content], IOException
    + FullyQualifiedErrorId : GetContentWriterIOError,Microsoft.PowerShell.Commands.AddContentCommand
 
[2026-08-25 06:07:43][UNIFIED]   verify: [CONTROL_PLANE] PASS production-safety-selftest
Add-Content : Процесс не может получить доступ к файлу "C:\Users\user\Desktop\World_server\state\blocker-repair\schedul
er.log", так как этот файл используется другим процессом.
C:\Users\user\Desktop\World_server\state\blocker-repair\unified-tick.ps1:5 знак:90
+ ... line="[$ts][UNIFIED] $m"; Add-Content -Path $log -Value $line; Write- ...
+                               ~~~~~~~~~~~~~~~~~~~~~~~~~~~~~~~~~~~
    + CategoryInfo          : WriteError: (C:\Users\user\D...r\scheduler.log:String) [Add-Content], IOException
    + FullyQualifiedErrorId : GetContentWriterIOError,Microsoft.PowerShell.Commands.AddContentCommand
 
[2026-08-25 06:07:43][UNIFIED]   verify: [CONTROL_PLANE] PASS soak-chaos
Add-Content : Процесс не может получить доступ к файлу "C:\Users\user\Desktop\World_server\state\blocker-repair\schedul
er.log", так как этот файл используется другим процессом.
C:\Users\user\Desktop\World_server\state\blocker-repair\unified-tick.ps1:5 знак:90
+ ... line="[$ts][UNIFIED] $m"; Add-Content -Path $log -Value $line; Write- ...
+                               ~~~~~~~~~~~~~~~~~~~~~~~~~~~~~~~~~~~
    + CategoryInfo          : WriteError: (C:\Users\user\D...r\scheduler.log:String) [Add-Content], IOException
    + FullyQualifiedErrorId : GetContentWriterIOError,Microsoft.PowerShell.Commands.AddContentCommand
 
[2026-08-25 06:07:43][UNIFIED]   verify: [CONTROL_PLANE] PASS crash-diagnostics
Add-Content : Процесс не может получить доступ к файлу "C:\Users\user\Desktop\World_server\state\blocker-repair\schedul
er.log", так как этот файл используется другим процессом.
C:\Users\user\Desktop\World_server\state\blocker-repair\unified-tick.ps1:5 знак:90
+ ... line="[$ts][UNIFIED] $m"; Add-Content -Path $log -Value $line; Write- ...
+                               ~~~~~~~~~~~~~~~~~~~~~~~~~~~~~~~~~~~
    + CategoryInfo          : WriteError: (C:\Users\user\D...r\scheduler.log:String) [Add-Content], IOException
    + FullyQualifiedErrorId : GetContentWriterIOError,Microsoft.PowerShell.Commands.AddContentCommand
 
[2026-08-25 06:07:43][UNIFIED]   verify: [CONTROL_PLANE] PASS crash-diagnostics-selftest
Add-Content : Процесс не может получить доступ к файлу "C:\Users\user\Desktop\World_server\state\blocker-repair\schedul
er.log", так как этот файл используется другим процессом.
C:\Users\user\Desktop\World_server\state\blocker-repair\unified-tick.ps1:5 знак:90
+ ... line="[$ts][UNIFIED] $m"; Add-Content -Path $log -Value $line; Write- ...
+                               ~~~~~~~~~~~~~~~~~~~~~~~~~~~~~~~~~~~
    + CategoryInfo          : WriteError: (C:\Users\user\D...r\scheduler.log:String) [Add-Content], IOException
    + FullyQualifiedErrorId : GetContentWriterIOError,Microsoft.PowerShell.Commands.AddContentCommand
 
[2026-08-25 06:07:43][UNIFIED]   verify: [CONTROL_PLANE] PASS causal-debugger
Add-Content : Процесс не может получить доступ к файлу "C:\Users\user\Desktop\World_server\state\blocker-repair\schedul
er.log", так как этот файл используется другим процессом.
C:\Users\user\Desktop\World_server\state\blocker-repair\unified-tick.ps1:5 знак:90
+ ... line="[$ts][UNIFIED] $m"; Add-Content -Path $log -Value $line; Write- ...
+                               ~~~~~~~~~~~~~~~~~~~~~~~~~~~~~~~~~~~
    + CategoryInfo          : WriteError: (C:\Users\user\D...r\scheduler.log:String) [Add-Content], IOException
    + FullyQualifiedErrorId : GetContentWriterIOError,Microsoft.PowerShell.Commands.AddContentCommand
 
[2026-08-25 06:07:43][UNIFIED]   verify: [CONTROL_PLANE] PASS cas-replication-controller
Add-Content : Процесс не может получить доступ к файлу "C:\Users\user\Desktop\World_server\state\blocker-repair\schedul
er.log", так как этот файл используется другим процессом.
C:\Users\user\Desktop\World_server\state\blocker-repair\unified-tick.ps1:5 знак:90
+ ... line="[$ts][UNIFIED] $m"; Add-Content -Path $log -Value $line; Write- ...
+                               ~~~~~~~~~~~~~~~~~~~~~~~~~~~~~~~~~~~
    + CategoryInfo          : WriteError: (C:\Users\user\D...r\scheduler.log:String) [Add-Content], IOException
    + FullyQualifiedErrorId : GetContentWriterIOError,Microsoft.PowerShell.Commands.AddContentCommand
 
[2026-08-25 06:07:44][UNIFIED]   verify: [CONTROL_PLANE] PASS physical-device-fleet
Add-Content : Процесс не может получить доступ к файлу "C:\Users\user\Desktop\World_server\state\blocker-repair\schedul
er.log", так как этот файл используется другим процессом.
C:\Users\user\Desktop\World_server\state\blocker-repair\unified-tick.ps1:5 знак:90
+ ... line="[$ts][UNIFIED] $m"; Add-Content -Path $log -Value $line; Write- ...
+                               ~~~~~~~~~~~~~~~~~~~~~~~~~~~~~~~~~~~
    + CategoryInfo          : WriteError: (C:\Users\user\D...r\scheduler.log:String) [Add-Content], IOException
    + FullyQualifiedErrorId : GetContentWriterIOError,Microsoft.PowerShell.Commands.AddContentCommand
 
[2026-08-25 06:07:44][UNIFIED]   verify: [CONTROL_PLANE] PASS production-slo-autopilot
Add-Content : Процесс не может получить доступ к файлу "C:\Users\user\Desktop\World_server\state\blocker-repair\schedul
er.log", так как этот файл используется другим процессом.
C:\Users\user\Desktop\World_server\state\blocker-repair\unified-tick.ps1:5 знак:90
+ ... line="[$ts][UNIFIED] $m"; Add-Content -Path $log -Value $line; Write- ...
+                               ~~~~~~~~~~~~~~~~~~~~~~~~~~~~~~~~~~~
    + CategoryInfo          : WriteError: (C:\Users\user\D...r\scheduler.log:String) [Add-Content], IOException
    + FullyQualifiedErrorId : GetContentWriterIOError,Microsoft.PowerShell.Commands.AddContentCommand
 
[2026-08-25 06:07:44][UNIFIED]   verify: [CONTROL_PLANE] PASS migration-fencing-runtime
Add-Content : Процесс не может получить доступ к файлу "C:\Users\user\Desktop\World_server\state\blocker-repair\schedul
er.log", так как этот файл используется другим процессом.
C:\Users\user\Desktop\World_server\state\blocker-repair\unified-tick.ps1:5 знак:90
+ ... line="[$ts][UNIFIED] $m"; Add-Content -Path $log -Value $line; Write- ...
+                               ~~~~~~~~~~~~~~~~~~~~~~~~~~~~~~~~~~~
    + CategoryInfo          : WriteError: (C:\Users\user\D...r\scheduler.log:String) [Add-Content], IOException
    + FullyQualifiedErrorId : GetContentWriterIOError,Microsoft.PowerShell.Commands.AddContentCommand
 
[2026-08-25 06:07:44][UNIFIED]   verify: [CONTROL_PLANE] PASS long-soak-smoke
Add-Content : Процесс не может получить доступ к файлу "C:\Users\user\Desktop\World_server\state\blocker-repair\schedul
er.log", так как этот файл используется другим процессом.
C:\Users\user\Desktop\World_server\state\blocker-repair\unified-tick.ps1:5 знак:90
+ ... line="[$ts][UNIFIED] $m"; Add-Content -Path $log -Value $line; Write- ...
+                               ~~~~~~~~~~~~~~~~~~~~~~~~~~~~~~~~~~~
    + CategoryInfo          : WriteError: (C:\Users\user\D...r\scheduler.log:String) [Add-Content], IOException
    + FullyQualifiedErrorId : GetContentWriterIOError,Microsoft.PowerShell.Commands.AddContentCommand
 
[2026-08-25 06:07:45][UNIFIED]   verify: [CONTROL_PLANE] PASS native-causal-collector
Add-Content : Процесс не может получить доступ к файлу "C:\Users\user\Desktop\World_server\state\blocker-repair\schedul
er.log", так как этот файл используется другим процессом.
C:\Users\user\Desktop\World_server\state\blocker-repair\unified-tick.ps1:5 знак:90
+ ... line="[$ts][UNIFIED] $m"; Add-Content -Path $log -Value $line; Write- ...
+                               ~~~~~~~~~~~~~~~~~~~~~~~~~~~~~~~~~~~
    + CategoryInfo          : WriteError: (C:\Users\user\D...r\scheduler.log:String) [Add-Content], IOException
    + FullyQualifiedErrorId : GetContentWriterIOError,Microsoft.PowerShell.Commands.AddContentCommand
 
[2026-08-25 06:07:48][UNIFIED]   verify: [CONTROL_PLANE] FAIL selftest: Node.js v24.15.0
Add-Content : Процесс не может получить доступ к файлу "C:\Users\user\Desktop\World_server\state\blocker-repair\schedul
er.log", так как этот файл используется другим процессом.
C:\Users\user\Desktop\World_server\state\blocker-repair\unified-tick.ps1:5 знак:90
+ ... line="[$ts][UNIFIED] $m"; Add-Content -Path $log -Value $line; Write- ...
+                               ~~~~~~~~~~~~~~~~~~~~~~~~~~~~~~~~~~~
    + CategoryInfo          : WriteError: (C:\Users\user\D...r\scheduler.log:String) [Add-Content], IOException
    + FullyQualifiedErrorId : GetContentWriterIOError,Microsoft.PowerShell.Commands.AddContentCommand
 
[2026-08-25 06:07:49][UNIFIED]   verify: [CONTROL_PLANE] FAIL honest-100-functions: [HONEST_100] FAIL certified=70/76 discovered=146
Add-Content : Процесс не может получить доступ к файлу "C:\Users\user\Desktop\World_server\state\blocker-repair\schedul
er.log", так как этот файл используется другим процессом.
C:\Users\user\Desktop\World_server\state\blocker-repair\unified-tick.ps1:5 знак:90
+ ... line="[$ts][UNIFIED] $m"; Add-Content -Path $log -Value $line; Write- ...
+                               ~~~~~~~~~~~~~~~~~~~~~~~~~~~~~~~~~~~
    + CategoryInfo          : WriteError: (C:\Users\user\D...r\scheduler.log:String) [Add-Content], IOException
    + FullyQualifiedErrorId : GetContentWriterIOError,Microsoft.PowerShell.Commands.AddContentCommand
 
[2026-08-25 06:07:49][UNIFIED]   verify: [CONTROL_PLANE] PASS function-contract-coverage
Add-Content : Процесс не может получить доступ к файлу "C:\Users\user\Desktop\World_server\state\blocker-repair\schedul
er.log", так как этот файл используется другим процессом.
C:\Users\user\Desktop\World_server\state\blocker-repair\unified-tick.ps1:5 знак:90
+ ... line="[$ts][UNIFIED] $m"; Add-Content -Path $log -Value $line; Write- ...
+                               ~~~~~~~~~~~~~~~~~~~~~~~~~~~~~~~~~~~
    + CategoryInfo          : WriteError: (C:\Users\user\D...r\scheduler.log:String) [Add-Content], IOException
    + FullyQualifiedErrorId : GetContentWriterIOError,Microsoft.PowerShell.Commands.AddContentCommand
 
[2026-08-25 06:07:51][UNIFIED]   verify: [CONTROL_PLANE] FAIL monotonic-100-guard:     at node:internal/main/run_main_module:33:47
Add-Content : Процесс не может получить доступ к файлу "C:\Users\user\Desktop\World_server\state\blocker-repair\schedul
er.log", так как этот файл используется другим процессом.
C:\Users\user\Desktop\World_server\state\blocker-repair\unified-tick.ps1:5 знак:90
+ ... line="[$ts][UNIFIED] $m"; Add-Content -Path $log -Value $line; Write- ...
+                               ~~~~~~~~~~~~~~~~~~~~~~~~~~~~~~~~~~~
    + CategoryInfo          : WriteError: (C:\Users\user\D...r\scheduler.log:String) [Add-Content], IOException
    + FullyQualifiedErrorId : GetContentWriterIOError,Microsoft.PowerShell.Commands.AddContentCommand
 
[2026-08-25 06:07:51][UNIFIED]   verify: [CONTROL_PLANE] FAIL orchestrator-continuity: [ORCHESTRATOR_CONTINUITY] FAIL 5/8
Add-Content : Процесс не может получить доступ к файлу "C:\Users\user\Desktop\World_server\state\blocker-repair\schedul
er.log", так как этот файл используется другим процессом.
C:\Users\user\Desktop\World_server\state\blocker-repair\unified-tick.ps1:5 знак:90
+ ... line="[$ts][UNIFIED] $m"; Add-Content -Path $log -Value $line; Write- ...
+                               ~~~~~~~~~~~~~~~~~~~~~~~~~~~~~~~~~~~
    + CategoryInfo          : WriteError: (C:\Users\user\D...r\scheduler.log:String) [Add-Content], IOException
    + FullyQualifiedErrorId : GetContentWriterIOError,Microsoft.PowerShell.Commands.AddContentCommand
 
[2026-08-25 06:07:52][UNIFIED]   verify: [CONTROL_PLANE] FAIL release-promotion: [RELEASE_PROMOTION] BLOCK decision=BLOCK
Add-Content : Процесс не может получить доступ к файлу "C:\Users\user\Desktop\World_server\state\blocker-repair\schedul
er.log", так как этот файл используется другим процессом.
C:\Users\user\Desktop\World_server\state\blocker-repair\unified-tick.ps1:5 знак:90
+ ... line="[$ts][UNIFIED] $m"; Add-Content -Path $log -Value $line; Write- ...
+                               ~~~~~~~~~~~~~~~~~~~~~~~~~~~~~~~~~~~
    + CategoryInfo          : WriteError: (C:\Users\user\D...r\scheduler.log:String) [Add-Content], IOException
    + FullyQualifiedErrorId : GetContentWriterIOError,Microsoft.PowerShell.Commands.AddContentCommand
 
[2026-08-25 06:07:53][UNIFIED]   verify: [CONTROL_PLANE] FAIL readiness: [READINESS_V75] structural=84% operational=77% evidence=87% native=8%
Add-Content : Процесс не может получить доступ к файлу "C:\Users\user\Desktop\World_server\state\blocker-repair\schedul
er.log", так как этот файл используется другим процессом.
C:\Users\user\Desktop\World_server\state\blocker-repair\unified-tick.ps1:5 знак:90
+ ... line="[$ts][UNIFIED] $m"; Add-Content -Path $log -Value $line; Write- ...
+                               ~~~~~~~~~~~~~~~~~~~~~~~~~~~~~~~~~~~
    + CategoryInfo          : WriteError: (C:\Users\user\D...r\scheduler.log:String) [Add-Content], IOException
    + FullyQualifiedErrorId : GetContentWriterIOError,Microsoft.PowerShell.Commands.AddContentCommand
 
[2026-08-25 06:07:53][UNIFIED]   verify: [CONTROL_PLANE] FAIL 64/75 trace=4b7231024ebb791bf1723b0f24995c30
Add-Content : Процесс не может получить доступ к файлу "C:\Users\user\Desktop\World_server\state\blocker-repair\schedul
er.log", так как этот файл используется другим процессом.
C:\Users\user\Desktop\World_server\state\blocker-repair\unified-tick.ps1:5 знак:90
+ ... line="[$ts][UNIFIED] $m"; Add-Content -Path $log -Value $line; Write- ...
+                               ~~~~~~~~~~~~~~~~~~~~~~~~~~~~~~~~~~~
    + CategoryInfo          : WriteError: (C:\Users\user\D...r\scheduler.log:String) [Add-Content], IOException
    + FullyQualifiedErrorId : GetContentWriterIOError,Microsoft.PowerShell.Commands.AddContentCommand
 
[2026-08-25 06:07:53][UNIFIED] === UNIFIED TICK END ===
Add-Content : Процесс не может получить доступ к файлу "C:\Users\user\Desktop\World_server\state\blocker-repair\schedul
er.log", так как этот файл используется другим процессом.
C:\Users\user\Desktop\World_server\state\blocker-repair\unified-tick.ps1:5 знак:90
+ ... line="[$ts][UNIFIED] $m"; Add-Content -Path $log -Value $line; Write- ...
+                               ~~~~~~~~~~~~~~~~~~~~~~~~~~~~~~~~~~~
    + CategoryInfo          : WriteError: (C:\Users\user\D...r\scheduler.log:String) [Add-Content], IOException
    + FullyQualifiedErrorId : GetContentWriterIOError,Microsoft.PowerShell.Commands.AddContentCommand
 
[2026-08-25 06:07:53][UNIFIED] state nextRunAt=2026-08-25T02:51:09.241Z blockers pass= requires_ai= waiting= mergeSafe=False
Add-Content : Процесс не может получить доступ к файлу "C:\Users\user\Desktop\World_server\state\blocker-repair\schedul
er.log", так как этот файл используется другим процессом.
C:\Users\user\Desktop\World_server\state\blocker-repair\unified-tick.ps1:5 знак:90
+ ... line="[$ts][UNIFIED] $m"; Add-Content -Path $log -Value $line; Write- ...
+                               ~~~~~~~~~~~~~~~~~~~~~~~~~~~~~~~~~~~
    + CategoryInfo          : WriteError: (C:\Users\user\D...r\scheduler.log:String) [Add-Content], IOException
    + FullyQualifiedErrorId : GetContentWriterIOError,Microsoft.PowerShell.Commands.AddContentCommand
 
[2026-08-25 06:07:53][UNIFIED] LOCK released
[2026-08-28 08:41:02][UNIFIED] LOCK acquired C:\Users\user\Desktop\World_server\state\blocker-repair\unified.lock
[2026-08-28 08:41:02][UNIFIED] === UNIFIED TICK START quality_autoloop -> supervisor poll -> blocker-repair -> verification ===
[2026-08-28 08:41:02][UNIFIED] Step 1: quality_autoloop
[2026-08-28 08:41:02][UNIFIED]   autoloop: [2026-08-28 08:41:02] === AUTOLOOP TICK START ===
[2026-08-28 08:41:02][UNIFIED]   autoloop: [2026-08-28 08:41:02] localCount=8 localDigest=9ed7b5dda72cd5424a5ca8cfaea6e31bb4dcb7e062256319f00be6d708be083b expected=6775a559063525b6dfb9ef61181c7eb83c1a05fe5eea6e2180c83ea6185a5363
[2026-08-28 08:41:02][UNIFIED]   autoloop: [2026-08-28 08:41:02] DRIFT DETECTED -> auto-restore
[2026-08-28 08:41:06][UNIFIED]   autoloop: [2026-08-28 08:41:06] PUSHED healing commit
[2026-08-28 08:41:06][UNIFIED]   autoloop: [2026-08-28 08:41:06] commits ahead of master: 2 (need PR if >0)
[2026-08-28 08:41:40][UNIFIED]   autoloop: [2026-08-28 08:41:40] PLUGIN DISCOVER: [2026-08-28T05:41:06.529Z] CANDIDATE cannon-es (cannon-es) MIT impact +80% gap:stairs-collision-broken|wall-collision-broken -> Lightweight physics with stable step-up/wall collision, fixes 2 blockers
[2026-08-28 08:41:40][UNIFIED]   autoloop: [2026-08-28T05:41:06.535Z] AUTO-INSTALL cannon-es
[2026-08-28 08:41:40][UNIFIED]   autoloop: 
[2026-08-28 08:41:40][UNIFIED]   autoloop: added 1 package, and audited 380 packages in 6s
[2026-08-28 08:41:40][UNIFIED]   autoloop: 
[2026-08-28 08:41:40][UNIFIED]   autoloop: 30 packages are looking for funding
[2026-08-28 08:41:40][UNIFIED]   autoloop:   run `npm fund` for details
[2026-08-28 08:41:40][UNIFIED]   autoloop: 
[2026-08-28 08:41:40][UNIFIED]   autoloop: 10 vulnerabilities (2 low, 1 moderate, 7 high)
[2026-08-28 08:41:40][UNIFIED]   autoloop: 
[2026-08-28 08:41:40][UNIFIED]   autoloop: To address all issues (including breaking changes), run:
[2026-08-28 08:41:40][UNIFIED]   autoloop:   npm audit fix --force
[2026-08-28 08:41:40][UNIFIED]   autoloop: 
[2026-08-28 08:41:40][UNIFIED]   autoloop: Run `npm audit` for details.
[2026-08-28 08:41:40][UNIFIED]   autoloop: [2026-08-28T05:41:13.127Z] CANDIDATE comlink (comlink) Apache-2.0 impact +65% gap:quality.worker.queue.stuck -> Worker offload without main-thread jank
[2026-08-28 08:41:40][UNIFIED]   autoloop: [2026-08-28T05:41:13.128Z] AUTO-INSTALL comlink
[2026-08-28 08:41:40][UNIFIED]   autoloop: 
[2026-08-28 08:41:40][UNIFIED]   autoloop: added 1 package, and audited 381 packages in 3s
[2026-08-28 08:41:40][UNIFIED]   autoloop: 
[2026-08-28 08:41:40][UNIFIED]   autoloop: 30 packages are looking for funding
[2026-08-28 08:41:40][UNIFIED]   autoloop:   run `npm fund` for details
[2026-08-28 08:41:40][UNIFIED]   autoloop: 
[2026-08-28 08:41:40][UNIFIED]   autoloop: 10 vulnerabilities (2 low, 1 moderate, 7 high)
[2026-08-28 08:41:40][UNIFIED]   autoloop: 
[2026-08-28 08:41:40][UNIFIED]   autoloop: To address all issues (including breaking changes), run:
[2026-08-28 08:41:40][UNIFIED]   autoloop:   npm audit fix --force
[2026-08-28 08:41:40][UNIFIED]   autoloop: 
[2026-08-28 08:41:40][UNIFIED]   autoloop: Run `npm audit` for details.
[2026-08-28 08:41:40][UNIFIED]   autoloop: [2026-08-28T05:41:16.206Z] CANDIDATE idb-keyval (idb-keyval) Apache-2.0 impact +55% gap:runtime.real-device.evidence.missing -> Reliable IndexedDB persistence for device evidence
[2026-08-28 08:41:40][UNIFIED]   autoloop: [2026-08-28T05:41:16.207Z] AUTO-INSTALL idb-keyval
[2026-08-28 08:41:40][UNIFIED]   autoloop: 
[2026-08-28 08:41:40][UNIFIED]   autoloop: added 1 package, and audited 382 packages in 2s
[2026-08-28 08:41:40][UNIFIED]   autoloop: 
[2026-08-28 08:41:40][UNIFIED]   autoloop: 30 packages are looking for funding
[2026-08-28 08:41:40][UNIFIED]   autoloop:   run `npm fund` for details
[2026-08-28 08:41:40][UNIFIED]   autoloop: 
[2026-08-28 08:41:40][UNIFIED]   autoloop: 10 vulnerabilities (2 low, 1 moderate, 7 high)
[2026-08-28 08:41:40][UNIFIED]   autoloop: 
[2026-08-28 08:41:40][UNIFIED]   autoloop: To address all issues (including breaking changes), run:
[2026-08-28 08:41:40][UNIFIED]   autoloop:   npm audit fix --force
[2026-08-28 08:41:40][UNIFIED]   autoloop: 
[2026-08-28 08:41:40][UNIFIED]   autoloop: Run `npm audit` for details.
[2026-08-28 08:41:40][UNIFIED]   autoloop: [2026-08-28T05:41:18.945Z] CANDIDATE sharp (sharp) Apache-2.0 impact +70% gap:pixel.animation.atlas.missing -> Build pixel atlas 2x faster, enables streaming
[2026-08-28 08:41:40][UNIFIED]   autoloop: [2026-08-28T05:41:18.945Z] AUTO-INSTALL sharp
[2026-08-28 08:41:40][UNIFIED]   autoloop: 
[2026-08-28 08:41:40][UNIFIED]   autoloop: added 7 packages, and audited 389 packages in 7s
[2026-08-28 08:41:40][UNIFIED]   autoloop: 
[2026-08-28 08:41:40][UNIFIED]   autoloop: 32 packages are looking for funding
[2026-08-28 08:41:40][UNIFIED]   autoloop:   run `npm fund` for details
[2026-08-28 08:41:40][UNIFIED]   autoloop: 
[2026-08-28 08:41:40][UNIFIED]   autoloop: 10 vulnerabilities (2 low, 1 moderate, 7 high)
[2026-08-28 08:41:40][UNIFIED]   autoloop: 
[2026-08-28 08:41:40][UNIFIED]   autoloop: To address all issues (including breaking changes), run:
[2026-08-28 08:41:40][UNIFIED]   autoloop:   npm audit fix --force
[2026-08-28 08:41:40][UNIFIED]   autoloop: 
[2026-08-28 08:41:40][UNIFIED]   autoloop: Run `npm audit` for details.
[2026-08-28 08:41:40][UNIFIED]   autoloop: [2026-08-28T05:41:26.411Z] CANDIDATE msw (msw) MIT impact +60% gap:quality.test-gaps -> Mock Realtime/Supabase for deterministic regression tests
[2026-08-28 08:41:40][UNIFIED]   autoloop: [2026-08-28T05:41:26.411Z] AUTO-INSTALL msw
[2026-08-28 08:41:40][UNIFIED]   autoloop: 
[2026-08-28 08:41:40][UNIFIED]   autoloop: added 46 packages, and audited 435 packages in 14s
[2026-08-28 08:41:40][UNIFIED]   autoloop: 
[2026-08-28 08:41:40][UNIFIED]   autoloop: 38 packages are looking for funding
[2026-08-28 08:41:40][UNIFIED]   autoloop:   run `npm fund` for details
[2026-08-28 08:41:40][UNIFIED]   autoloop: 
[2026-08-28 08:41:40][UNIFIED]   autoloop: 10 vulnerabilities (2 low, 1 moderate, 7 high)
[2026-08-28 08:41:40][UNIFIED]   autoloop: 
[2026-08-28 08:41:40][UNIFIED]   autoloop: To address all issues (including breaking changes), run:
[2026-08-28 08:41:40][UNIFIED]   autoloop:   npm audit fix --force
[2026-08-28 08:41:40][UNIFIED]   autoloop: 
[2026-08-28 08:41:40][UNIFIED]   autoloop: Run `npm audit` for details.
[2026-08-28 08:41:40][UNIFIED]   autoloop: [2026-08-28T05:41:40.725Z] OK zod already installed (MIT) impact 55%
[2026-08-28 08:41:40][UNIFIED]   autoloop: [2026-08-28T05:41:40.728Z] Wrote QUALITY_PLUGIN_CANDIDATES.json
[2026-08-28 08:41:40][UNIFIED]   autoloop: 
[2026-08-28 08:41:40][UNIFIED]   autoloop: [2026-08-28 08:41:40] PLUGIN AUTO-WIRE tick done
[2026-08-28 08:41:42][UNIFIED]   autoloop: [2026-08-28 08:41:42] No autoloop task found
[2026-08-28 08:41:42][UNIFIED]   autoloop: [2026-08-28 08:41:42] === AUTOLOOP TICK END - next tick in 15 min (keep running until honest 100%) ===
[2026-08-28 08:41:42][UNIFIED] Step 1b: supervisor advisory poll
[2026-08-28 08:41:42][UNIFIED]   supervisor: ADVISORY READ: PASS (0 pending)
[2026-08-28 08:41:42][UNIFIED]   supervisor: No pending advisories
[2026-08-28 08:41:42][UNIFIED] Step 2: blocker-repair tick
[2026-08-28 08:43:28][UNIFIED]   blocker: {
[2026-08-28 08:43:28][UNIFIED]   blocker:   "pass": false,
[2026-08-28 08:43:28][UNIFIED]   blocker:   "version": "1.0.0",
[2026-08-28 08:43:28][UNIFIED]   blocker:   "cycle": 12,
[2026-08-28 08:43:28][UNIFIED]   blocker:   "counts": {
[2026-08-28 08:43:28][UNIFIED]   blocker:     "pass": 7,
[2026-08-28 08:43:28][UNIFIED]   blocker:     "waiting": 4,
[2026-08-28 08:43:28][UNIFIED]   blocker:     "requires_ai": 2
[2026-08-28 08:43:28][UNIFIED]   blocker:   },
[2026-08-28 08:43:28][UNIFIED]   blocker:   "gatesPass": false,
[2026-08-28 08:43:28][UNIFIED]   blocker:   "mergeSafe": false,
[2026-08-28 08:43:28][UNIFIED]   blocker:   "nextRunAt": "2026-08-28T05:56:54.835Z",
[2026-08-28 08:43:28][UNIFIED]   blocker:   "aiAction": "state\\blocker-repair\\DESKTOP_AI_NEXT_ACTION.md",
[2026-08-28 08:43:28][UNIFIED]   blocker:   "blockers": {
[2026-08-28 08:43:28][UNIFIED]   blocker:     "durable-scheduler": {
[2026-08-28 08:43:28][UNIFIED]   blocker:       "id": "durable-scheduler",
[2026-08-28 08:43:28][UNIFIED]   blocker:       "status": "pass",
[2026-08-28 08:43:28][UNIFIED]   blocker:       "updatedAt": "2026-08-25T18:26:36.133Z",
[2026-08-28 08:43:28][UNIFIED]   blocker:       "firstSeenAt": "2026-08-25T18:26:36.133Z",
[2026-08-28 08:43:28][UNIFIED]   blocker:       "attempts": 0,
[2026-08-28 08:43:28][UNIFIED]   blocker:       "reason": "Task Scheduler every 15 minutes"
[2026-08-28 08:43:28][UNIFIED]   blocker:     },
[2026-08-28 08:43:28][UNIFIED]   blocker:     "toolchain-bootstrap": {
[2026-08-28 08:43:28][UNIFIED]   blocker:       "id": "toolchain-bootstrap",
[2026-08-28 08:43:28][UNIFIED]   blocker:       "status": "pass",
[2026-08-28 08:43:28][UNIFIED]   blocker:       "updatedAt": "2026-08-28T05:41:43.690Z",
[2026-08-28 08:43:28][UNIFIED]   blocker:       "firstSeenAt": "2026-08-25T18:26:37.199Z",
[2026-08-28 08:43:28][UNIFIED]   blocker:       "attempts": 3,
[2026-08-28 08:43:28][UNIFIED]   blocker:       "reason": "Existing bootstrap PASS",
[2026-08-28 08:43:28][UNIFIED]   blocker:       "attempted": true,
[2026-08-28 08:43:28][UNIFIED]   blocker:       "outputTail": "[TOOLCHAIN_V6] FAIL TypeError: Cannot read properties of undefined (reading 'typescript')\n    at main (C:\\Users\\user\\Desktop\\World_server\\scripts\\toolchain-bootstrap.cjs:16:468)\n    at Object.<anonymous> (C:\\Users\\user\\Desktop\\World_server\\scripts\\toolchain-bootstrap.cjs:17:26)\n    at Module._compile (node:internal/modules/cjs/loader:1830:14)\n    at Object..js (node:internal/modules/cjs/loader:1961:10)\n    at Module.load (node:internal/modules/cjs/loader:1553:32)\n    at Module._load (node:internal/modules/cjs/loader:1355:12)\n    at wrapModuleLoad (node:internal/modules/cjs/loader:255:19)\n    at Module.executeUserEntryPoint [as runMain] (node:internal/modules/run_main:154:5)\n    at node:internal/main/run_main_module:33:47",
[2026-08-28 08:43:28][UNIFIED]   blocker:       "nextRunAt": null
[2026-08-28 08:43:28][UNIFIED]   blocker:     },
[2026-08-28 08:43:28][UNIFIED]   blocker:     "wasmtime": {
[2026-08-28 08:43:28][UNIFIED]   blocker:       "id": "wasmtime",
[2026-08-28 08:43:28][UNIFIED]   blocker:       "status": "pass",
[2026-08-28 08:43:28][UNIFIED]   blocker:       "updatedAt": "2026-08-28T05:41:43.724Z",
[2026-08-28 08:43:28][UNIFIED]   blocker:       "firstSeenAt": "2026-08-25T18:26:37.249Z",
[2026-08-28 08:43:28][UNIFIED]   blocker:       "attempts": 0,
[2026-08-28 08:43:28][UNIFIED]   blocker:       "reason": "wasmtime 27.0.0 (8eefa236f 2024-11-20)"
[2026-08-28 08:43:28][UNIFIED]   blocker:     },
[2026-08-28 08:43:28][UNIFIED]   blocker:     "tlc": {
[2026-08-28 08:43:28][UNIFIED]   blocker:       "id": "tlc",
[2026-08-28 08:43:28][UNIFIED]   blocker:       "status": "pass",
[2026-08-28 08:43:28][UNIFIED]   blocker:       "updatedAt": "2026-08-28T05:41:44.141Z",
[2026-08-28 08:43:28][UNIFIED]   blocker:       "firstSeenAt": "2026-08-25T18:26:37.249Z",
[2026-08-28 08:43:28][UNIFIED]   blocker:       "attempts": 0,
[2026-08-28 08:43:28][UNIFIED]   blocker:       "reason": "TLC native Java invocation verified"
[2026-08-28 08:43:28][UNIFIED]   blocker:     },
[2026-08-28 08:43:28][UNIFIED]   blocker:     "native-cosign": {
[2026-08-28 08:43:28][UNIFIED]   blocker:       "id": "native-cosign",
[2026-08-28 08:43:28][UNIFIED]   blocker:       "status": "pass",
[2026-08-28 08:43:28][UNIFIED]   blocker:       "updatedAt": "2026-08-28T05:41:44.245Z",
[2026-08-28 08:43:28][UNIFIED]   blocker:       "firstSeenAt": "2026-08-25T18:26:37.555Z",
[2026-08-28 08:43:28][UNIFIED]   blocker:       "attempts": 0,
[2026-08-28 08:43:28][UNIFIED]   blocker:       "reason": "Compiler:      gc\nPlatform:      windows/amd64"
[2026-08-28 08:43:28][UNIFIED]   blocker:     },
[2026-08-28 08:43:28][UNIFIED]   blocker:     "etw-ebpf-perf": {
[2026-08-28 08:43:28][UNIFIED]   blocker:       "id": "etw-ebpf-perf",
[2026-08-28 08:43:28][UNIFIED]   blocker:       "status": "pass",
[2026-08-28 08:43:28][UNIFIED]   blocker:       "updatedAt": "2026-08-28T05:41:54.693Z",
[2026-08-28 08:43:28][UNIFIED]   blocker:       "firstSeenAt": "2026-08-25T18:26:48.732Z",
[2026-08-28 08:43:28][UNIFIED]   blocker:       "attempts": 0,
[2026-08-28 08:43:28][UNIFIED]   blocker:       "reason": "Real Windows ETW/WPR capability evidence collected; eBPF/perf not falsely required on Windows"
[2026-08-28 08:43:28][UNIFIED]   blocker:     },
[2026-08-28 08:43:28][UNIFIED]   blocker:     "fresh-android-device": {
[2026-08-28 08:43:28][UNIFIED]   blocker:       "id": "fresh-android-device",
[2026-08-28 08:43:28][UNIFIED]   blocker:       "status": "waiting",
[2026-08-28 08:43:28][UNIFIED]   blocker:       "updatedAt": "2026-08-28T05:41:54.835Z",
[2026-08-28 08:43:28][UNIFIED]   blocker:       "firstSeenAt": "2026-08-25T18:26:48.908Z",
[2026-08-28 08:43:28][UNIFIED]   blocker:       "attempts": 0,
[2026-08-28 08:43:28][UNIFIED]   blocker:       "reason": "adb is not available or no physical Android evidence can be collected",
[2026-08-28 08:43:28][UNIFIED]   blocker:       "nextRunAt": "2026-08-28T05:56:54.835Z"
[2026-08-28 08:43:28][UNIFIED]   blocker:     },
[2026-08-28 08:43:28][UNIFIED]   blocker:     "fresh-ios-device": {
[2026-08-28 08:43:28][UNIFIED]   blocker:       "id": "fresh-ios-device",
[2026-08-28 08:43:28][UNIFIED]   blocker:       "status": "waiting",
[2026-08-28 08:43:28][UNIFIED]   blocker:       "updatedAt": "2026-08-28T05:41:54.986Z",
[2026-08-28 08:43:28][UNIFIED]   blocker:       "firstSeenAt": "2026-08-25T18:26:49.092Z",
[2026-08-28 08:43:28][UNIFIED]   blocker:       "attempts": 0,
[2026-08-28 08:43:28][UNIFIED]   blocker:       "reason": "No physical iOS probe available on win32; simulator/fake evidence is forbidden",
[2026-08-28 08:43:28][UNIFIED]   blocker:       "nextRunAt": "2026-08-28T05:56:54.986Z"
[2026-08-28 08:43:28][UNIFIED]   blocker:     },
[2026-08-28 08:43:28][UNIFIED]   blocker:     "remote-cas-peer": {
[2026-08-28 08:43:28][UNIFIED]   blocker:       "id": "remote-cas-peer",
[2026-08-28 08:43:28][UNIFIED]   blocker:       "status": "waiting",
[2026-08-28 08:43:28][UNIFIED]   blocker:       "updatedAt": "2026-08-28T05:41:54.987Z",
[2026-08-28 08:43:28][UNIFIED]   blocker:       "firstSeenAt": "2026-08-25T18:26:49.094Z",
[2026-08-28 08:43:28][UNIFIED]   blocker:       "attempts": 0,
[2026-08-28 08:43:28][UNIFIED]   blocker:       "reason": "WORLD_SERVER_REMOTE_CAS_URL/REMOTE_CAS_URL not configured; localhost is not accepted as remote evidence",
[2026-08-28 08:43:28][UNIFIED]   blocker:       "nextRunAt": "2026-08-28T05:56:54.987Z"
[2026-08-28 08:43:28][UNIFIED]   blocker:     },
[2026-08-28 08:43:28][UNIFIED]   blocker:     "fenced-migration": {
[2026-08-28 08:43:28][UNIFIED]   blocker:       "id": "fenced-migration",
[2026-08-28 08:43:28][UNIFIED]   blocker:       "status": "pass",
[2026-08-28 08:43:28][UNIFIED]   blocker:       "updatedAt": "2026-08-28T05:41:55.090Z",
[2026-08-28 08:43:28][UNIFIED]   blocker:       "firstSeenAt": "2026-08-25T18:26:49.096Z",
[2026-08-28 08:43:28][UNIFIED]   blocker:       "attempts": 2,
[2026-08-28 08:43:28][UNIFIED]   blocker:       "reason": "C:\\Program Files\\nodejs\\node.exe C:\\Users\\user\\Desktop\\World_server\\scripts\\migration-fencing-verifier.cjs PASS",
[2026-08-28 08:43:28][UNIFIED]   blocker:       "attempted": true,
[2026-08-28 08:43:28][UNIFIED]   blocker:       "outputTail": "{\n  \"schemaVersion\": \"7.5.0\",\n  \"generatedAt\": \"2026-08-26T00:52:32.557Z\",\n  \"pass\": false,\n  \"selftest\": {\n    \"pass\": false,\n    \"ok\": {\n      \"pass\": false,\n      \"errors\": [\n        \"wrong-migration-strategy\"\n      ],\n      \"currentFencingToken\": 8,\n      \"callerFencingToken\": 8\n    },\n    \"stale\": {\n      \"pass\": false,\n      \"errors\": [\n        \"wrong-migration-strategy\"\n      ],\n      \"currentFencingToken\": 8,\n      \"callerFencingToken\": 7\n    },\n    \"early\": {\n      \"pass\": false,\n      \"errors\": [\n        \"wrong-migration-strategy\"\n      ],\n      \"currentFencingToken\": 8,\n      \"callerFencingToken\": 8\n    }\n  },\n  \"liveConfigured\": false,\n  \"liveVerified\": false,\n  \"live\": {\n    \"pass\": false,\n    \"errors\": [\n      \"no-live-migration-plan\"\n    ]\n  }\n}"
[2026-08-28 08:43:28][UNIFIED]   blocker:     },
[2026-08-28 08:43:28][UNIFIED]   blocker:     "local-gates": {
[2026-08-28 08:43:28][UNIFIED]   blocker:       "id": "local-gates",
[2026-08-28 08:43:28][UNIFIED]   blocker:       "status": "requires_ai",
[2026-08-28 08:43:28][UNIFIED]   blocker:       "updatedAt": "2026-08-28T05:43:27.864Z",
[2026-08-28 08:43:28][UNIFIED]   blocker:       "firstSeenAt": "2026-08-25T18:26:49.102Z",
[2026-08-28 08:43:28][UNIFIED]   blocker:       "attempts": 0,
[2026-08-28 08:43:28][UNIFIED]   blocker:       "reason": "2/6 gates PASS"
[2026-08-28 08:43:28][UNIFIED]   blocker:     },
[2026-08-28 08:43:28][UNIFIED]   blocker:     "vercel-deployment": {
[2026-08-28 08:43:28][UNIFIED]   blocker:       "id": "vercel-deployment",
[2026-08-28 08:43:28][UNIFIED]   blocker:       "status": "requires_ai",
[2026-08-28 08:43:28][UNIFIED]   blocker:       "updatedAt": "2026-08-28T05:43:28.443Z",
[2026-08-28 08:43:28][UNIFIED]   blocker:       "firstSeenAt": "2026-08-25T18:26:49.867Z",
[2026-08-28 08:43:28][UNIFIED]   blocker:       "attempts": 1,
[2026-08-28 08:43:28][UNIFIED]   blocker:       "reason": "Vercel state=failure: Deployment has failed тАФ run this Vercel CLI command: npx vercel inspect dpl_5RTJJZEoajhLytkpRqNvi1ADT7rh --logs",
[2026-08-28 08:43:28][UNIFIED]   blocker:       "targetUrl": "https://vercel.com/improve-world/improve-world-home/5RTJJZEoajhLytkpRqNvi1ADT7rh",
[2026-08-28 08:43:28][UNIFIED]   blocker:       "attempted": true,
[2026-08-28 08:43:28][UNIFIED]   blocker:       "deploymentId": "dpl_5RTJJZEoajhLytkpRqNvi1ADT7rh",
[2026-08-28 08:43:28][UNIFIED]   blocker:       "outputTail": "",
[2026-08-28 08:43:28][UNIFIED]   blocker:       "nextRunAt": null
[2026-08-28 08:43:28][UNIFIED]   blocker:     },
[2026-08-28 08:43:28][UNIFIED]   blocker:     "8h-long-soak": {
[2026-08-28 08:43:28][UNIFIED]   blocker:       "id": "8h-long-soak",
[2026-08-28 08:43:28][UNIFIED]   blocker:       "status": "waiting",
[2026-08-28 08:43:28][UNIFIED]   blocker:       "updatedAt": "2026-08-28T05:43:28.449Z",
[2026-08-28 08:43:28][UNIFIED]   blocker:       "firstSeenAt": "2026-08-25T18:26:49.872Z",
[2026-08-28 08:43:28][UNIFIED]   blocker:       "attempts": 2,
[2026-08-28 08:43:28][UNIFIED]   blocker:       "reason": "Long-soak will start only after deterministic local prerequisites are green",
[2026-08-28 08:43:28][UNIFIED]   blocker:       "nextRunAt": "2026-08-28T05:58:28.449Z",
[2026-08-28 08:43:28][UNIFIED]   blocker:       "attempted": true
[2026-08-28 08:43:28][UNIFIED]   blocker:     }
[2026-08-28 08:43:28][UNIFIED]   blocker:   }
[2026-08-28 08:43:28][UNIFIED]   blocker: }
[2026-08-28 08:43:28][UNIFIED] Step 3: verification
[2026-08-28 08:43:28][UNIFIED]   verify: [CONTROL_PLANE] PASS toolchain-security
[2026-08-28 08:43:29][UNIFIED]   verify: [CONTROL_PLANE] PASS toolchain-health
[2026-08-28 08:43:29][UNIFIED]   verify: [CONTROL_PLANE] PASS telemetry
[2026-08-28 08:43:31][UNIFIED]   verify: [CONTROL_PLANE] FAIL snapshot:     at Module._load (node:internal/modules/cjs/loader:1355:12)
[2026-08-28 08:43:32][UNIFIED]   verify: [CONTROL_PLANE] PASS native-ast-dataflow
[2026-08-28 08:43:32][UNIFIED]   verify: [CONTROL_PLANE] PASS semantic-graph
[2026-08-28 08:43:33][UNIFIED]   verify: [CONTROL_PLANE] PASS change-impact
[2026-08-28 08:43:33][UNIFIED]   verify: [CONTROL_PLANE] PASS assets
[2026-08-28 08:43:33][UNIFIED]   verify: [CONTROL_PLANE] PASS project-directives
[2026-08-28 08:43:34][UNIFIED]   verify: [CONTROL_PLANE] PASS asset-ingestion-plan
[2026-08-28 08:43:34][UNIFIED]   verify: [CONTROL_PLANE] PASS technology-lock
[2026-08-28 08:43:34][UNIFIED]   verify: [CONTROL_PLANE] PASS graphics-ratchet
[2026-08-28 08:43:34][UNIFIED]   verify: [CONTROL_PLANE] PASS audio-variation
[2026-08-28 08:43:34][UNIFIED]   verify: [CONTROL_PLANE] PASS gameplay-spatial-contract
[2026-08-28 08:43:34][UNIFIED]   verify: [CONTROL_PLANE] PASS desktop-ai-report-contract
[2026-08-28 08:43:34][UNIFIED]   verify: [CONTROL_PLANE] PASS queue
[2026-08-28 08:43:35][UNIFIED]   verify: [CONTROL_PLANE] PASS config-contract
[2026-08-28 08:43:35][UNIFIED]   verify: [CONTROL_PLANE] PASS feature-flags
[2026-08-28 08:43:35][UNIFIED]   verify: [CONTROL_PLANE] PASS wit-component-contract
[2026-08-28 08:43:35][UNIFIED]   verify: [CONTROL_PLANE] PASS adapter-sandbox
[2026-08-28 08:43:35][UNIFIED]   verify: [CONTROL_PLANE] PASS secure-update
[2026-08-28 08:43:38][UNIFIED]   verify: [CONTROL_PLANE] FAIL reproducible-build: Node.js v24.15.0
[2026-08-28 08:43:38][UNIFIED]   verify: [CONTROL_PLANE] PASS model-check
[2026-08-28 08:43:39][UNIFIED]   verify: [CONTROL_PLANE] PASS cas-peer-discovery
[2026-08-28 08:43:39][UNIFIED]   verify: [CONTROL_PLANE] PASS distributed-cas
[2026-08-28 08:43:40][UNIFIED]   verify: [CONTROL_PLANE] PASS device-lab
[2026-08-28 08:43:40][UNIFIED]   verify: [CONTROL_PLANE] PASS device-executor
[2026-08-28 08:43:40][UNIFIED]   verify: [CONTROL_PLANE] PASS wit-bindings
[2026-08-28 08:43:40][UNIFIED]   verify: [CONTROL_PLANE] PASS rekor-monitor
[2026-08-28 08:43:41][UNIFIED]   verify: [CONTROL_PLANE] PASS technology-consensus
[2026-08-28 08:43:41][UNIFIED]   verify: [CONTROL_PLANE] PASS sbom
[2026-08-28 08:43:45][UNIFIED]   verify: [CONTROL_PLANE] PASS legacy-evidence-factory
[2026-08-28 08:43:46][UNIFIED]   verify: [CONTROL_PLANE] PASS slo-error-budget
[2026-08-28 08:43:46][UNIFIED]   verify: [CONTROL_PLANE] PASS db-migration-coordinator
[2026-08-28 08:43:46][UNIFIED]   verify: [CONTROL_PLANE] PASS asset-delta
[2026-08-28 08:43:46][UNIFIED]   verify: [CONTROL_PLANE] FAIL integration-gate: [SYSTEM_INTEGRATION_V7] 99% FAIL 126/127 leader-lease-migration
[2026-08-28 08:43:48][UNIFIED]   verify: [CONTROL_PLANE] PASS disaster-recovery-verify
[2026-08-28 08:43:49][UNIFIED]   verify: [CONTROL_PLANE] PASS provenance
[2026-08-28 08:43:49][UNIFIED]   verify: [CONTROL_PLANE] PASS supply-chain-signing
[2026-08-28 08:43:50][UNIFIED]   verify: [CONTROL_PLANE] FAIL policy: warning: in the working copy of 'test/ai3d-voxel-serverless.test.js', LF will be replaced by CRLF the next time Git touches it
[2026-08-28 08:43:50][UNIFIED]   verify: [CONTROL_PLANE] PASS chaos-safety
[2026-08-28 08:43:50][UNIFIED]   verify: [CONTROL_PLANE] PASS orchestrator-monitor-lifecycle
[2026-08-28 08:43:50][UNIFIED]   verify: [CONTROL_PLANE] PASS orchestrator-patch-safety
[2026-08-28 08:43:50][UNIFIED]   verify: [CONTROL_PLANE] PASS orchestrator-minimal-repro
[2026-08-28 08:43:51][UNIFIED]   verify: [CONTROL_PLANE] PASS orchestrator-invariant-model
[2026-08-28 08:43:51][UNIFIED]   verify: [CONTROL_PLANE] PASS orchestrator-supervisor-negative
[2026-08-28 08:43:51][UNIFIED]   verify: [CONTROL_PLANE] PASS orchestrator-supervisor
[2026-08-28 08:43:51][UNIFIED]   verify: [CONTROL_PLANE] PASS capability-scheduler
[2026-08-28 08:43:51][UNIFIED]   verify: [CONTROL_PLANE] PASS cas-redundancy
[2026-08-28 08:43:51][UNIFIED]   verify: [CONTROL_PLANE] PASS device-worker
[2026-08-28 08:43:52][UNIFIED]   verify: [CONTROL_PLANE] PASS record-replay
[2026-08-28 08:43:52][UNIFIED]   verify: [CONTROL_PLANE] PASS dependency-security
[2026-08-28 08:43:52][UNIFIED]   verify: [CONTROL_PLANE] PASS transactional-deploy
[2026-08-28 08:43:52][UNIFIED]   verify: [CONTROL_PLANE] PASS enhancement-orchestrator
[2026-08-28 08:43:52][UNIFIED]   verify: [CONTROL_PLANE] PASS leader-lease-health
[2026-08-28 08:43:52][UNIFIED]   verify: [CONTROL_PLANE] PASS leader-lease-selftest
[2026-08-28 08:43:52][UNIFIED]   verify: [CONTROL_PLANE] PASS production-safety-health
[2026-08-28 08:43:52][UNIFIED]   verify: [CONTROL_PLANE] PASS production-safety-selftest
[2026-08-28 08:43:53][UNIFIED]   verify: [CONTROL_PLANE] PASS soak-chaos
[2026-08-28 08:43:53][UNIFIED]   verify: [CONTROL_PLANE] PASS crash-diagnostics
[2026-08-28 08:43:53][UNIFIED]   verify: [CONTROL_PLANE] PASS crash-diagnostics-selftest
[2026-08-28 08:43:53][UNIFIED]   verify: [CONTROL_PLANE] PASS causal-debugger
[2026-08-28 08:43:53][UNIFIED]   verify: [CONTROL_PLANE] PASS cas-replication-controller
[2026-08-28 08:43:54][UNIFIED]   verify: [CONTROL_PLANE] PASS physical-device-fleet
[2026-08-28 08:43:54][UNIFIED]   verify: [CONTROL_PLANE] PASS production-slo-autopilot
[2026-08-28 08:43:54][UNIFIED]   verify: [CONTROL_PLANE] PASS migration-fencing-runtime
[2026-08-28 08:43:54][UNIFIED]   verify: [CONTROL_PLANE] PASS long-soak-smoke
[2026-08-28 08:43:55][UNIFIED]   verify: [CONTROL_PLANE] PASS native-causal-collector
[2026-08-28 08:43:58][UNIFIED]   verify: [CONTROL_PLANE] FAIL selftest: Node.js v24.15.0
[2026-08-28 08:43:59][UNIFIED]   verify: [CONTROL_PLANE] FAIL honest-100-functions: [HONEST_100] FAIL certified=73/76 discovered=146
[2026-08-28 08:43:59][UNIFIED]   verify: [CONTROL_PLANE] PASS function-contract-coverage
[2026-08-28 08:44:00][UNIFIED]   verify: [CONTROL_PLANE] FAIL monotonic-100-guard: [MONOTONIC_100] BLOCK previous=68 current=73 addedCaps=0
[2026-08-28 08:44:00][UNIFIED]   verify: [CONTROL_PLANE] FAIL orchestrator-continuity: [ORCHESTRATOR_CONTINUITY] FAIL 5/8
[2026-08-28 08:44:00][UNIFIED]   verify: [CONTROL_PLANE] FAIL release-promotion: [RELEASE_PROMOTION] BLOCK decision=BLOCK
[2026-08-28 08:44:01][UNIFIED]   verify: [CONTROL_PLANE] FAIL readiness: [READINESS_V75] structural=88% operational=80% evidence=91% native=8%
[2026-08-28 08:44:01][UNIFIED]   verify: [CONTROL_PLANE] FAIL 65/75 trace=9d719aaed69ce37104d3abb18b4a3289
[2026-08-28 08:44:01][UNIFIED] === UNIFIED TICK END ===
[2026-08-28 08:44:01][UNIFIED] state nextRunAt=2026-08-28T05:56:54.835Z blockers pass= requires_ai= waiting= mergeSafe=False
[2026-08-28 08:44:01][UNIFIED] LOCK released
[2026-08-28 08:56:01][UNIFIED] LOCK acquired C:\Users\user\Desktop\World_server\state\blocker-repair\unified.lock
[2026-08-28 08:56:01][UNIFIED] === UNIFIED TICK START quality_autoloop -> supervisor poll -> blocker-repair -> verification ===
[2026-08-28 08:56:01][UNIFIED] Step 1: quality_autoloop
[2026-08-28 08:56:01][UNIFIED]   autoloop: [2026-08-28 08:56:01] === AUTOLOOP TICK START ===
[2026-08-28 08:56:01][UNIFIED]   autoloop: [2026-08-28 08:56:01] localCount=110 localDigest=0d2ff23384ea9c887b0c2a6f5c6627a287008dfd70cebeebfcbb5a6d1f45096d expected=6775a559063525b6dfb9ef61181c7eb83c1a05fe5eea6e2180c83ea6185a5363
[2026-08-28 08:56:01][UNIFIED]   autoloop: [2026-08-28 08:56:01] DRIFT DETECTED -> auto-restore
[2026-08-28 08:56:04][UNIFIED]   autoloop: [2026-08-28 08:56:04] PUSHED healing commit
[2026-08-28 08:56:04][UNIFIED]   autoloop: [2026-08-28 08:56:04] commits ahead of master: 4 (need PR if >0)
[2026-08-28 08:56:05][UNIFIED]   autoloop: [2026-08-28 08:56:04] PLUGIN DISCOVER: [2026-08-28T05:56:04.978Z] OK cannon-es already installed (MIT) impact 80%
[2026-08-28 08:56:05][UNIFIED]   autoloop: [2026-08-28T05:56:04.983Z] OK comlink already installed (Apache-2.0) impact 65%
[2026-08-28 08:56:05][UNIFIED]   autoloop: [2026-08-28T05:56:04.984Z] OK idb-keyval already installed (Apache-2.0) impact 55%
[2026-08-28 08:56:05][UNIFIED]   autoloop: [2026-08-28T05:56:04.985Z] OK sharp already installed (Apache-2.0) impact 70%
[2026-08-28 08:56:05][UNIFIED]   autoloop: [2026-08-28T05:56:04.986Z] OK msw already installed (MIT) impact 60%
[2026-08-28 08:56:05][UNIFIED]   autoloop: [2026-08-28T05:56:04.986Z] OK zod already installed (MIT) impact 55%
[2026-08-28 08:56:05][UNIFIED]   autoloop: [2026-08-28T05:56:04.987Z] Wrote QUALITY_PLUGIN_CANDIDATES.json
[2026-08-28 08:56:05][UNIFIED]   autoloop: 
[2026-08-28 08:56:05][UNIFIED]   autoloop: [2026-08-28 08:56:05] PLUGIN AUTO-WIRE tick done
[2026-08-28 08:56:06][UNIFIED]   autoloop: [2026-08-28 08:56:06] No autoloop task found
[2026-08-28 08:56:06][UNIFIED]   autoloop: [2026-08-28 08:56:06] === AUTOLOOP TICK END - next tick in 15 min (keep running until honest 100%) ===
[2026-08-28 08:56:06][UNIFIED] Step 1b: supervisor advisory poll
[2026-08-28 08:56:06][UNIFIED]   supervisor: ADVISORY READ: PASS (0 pending)
[2026-08-28 08:56:06][UNIFIED]   supervisor: No pending advisories
[2026-08-28 08:56:06][UNIFIED] Step 2: blocker-repair tick
[2026-08-28 08:57:37][UNIFIED]   blocker: {
[2026-08-28 08:57:37][UNIFIED]   blocker:   "pass": false,
[2026-08-28 08:57:37][UNIFIED]   blocker:   "version": "1.0.0",
[2026-08-28 08:57:37][UNIFIED]   blocker:   "cycle": 13,
[2026-08-28 08:57:37][UNIFIED]   blocker:   "counts": {
[2026-08-28 08:57:37][UNIFIED]   blocker:     "pass": 7,
[2026-08-28 08:57:37][UNIFIED]   blocker:     "waiting": 4,
[2026-08-28 08:57:37][UNIFIED]   blocker:     "requires_ai": 2
[2026-08-28 08:57:37][UNIFIED]   blocker:   },
[2026-08-28 08:57:37][UNIFIED]   blocker:   "gatesPass": false,
[2026-08-28 08:57:37][UNIFIED]   blocker:   "mergeSafe": false,
[2026-08-28 08:57:37][UNIFIED]   blocker:   "nextRunAt": "2026-08-28T06:11:12.506Z",
[2026-08-28 08:57:37][UNIFIED]   blocker:   "aiAction": "state\\blocker-repair\\DESKTOP_AI_NEXT_ACTION.md",
[2026-08-28 08:57:37][UNIFIED]   blocker:   "blockers": {
[2026-08-28 08:57:37][UNIFIED]   blocker:     "durable-scheduler": {
[2026-08-28 08:57:37][UNIFIED]   blocker:       "id": "durable-scheduler",
[2026-08-28 08:57:37][UNIFIED]   blocker:       "status": "pass",
[2026-08-28 08:57:37][UNIFIED]   blocker:       "updatedAt": "2026-08-25T18:26:36.133Z",
[2026-08-28 08:57:37][UNIFIED]   blocker:       "firstSeenAt": "2026-08-25T18:26:36.133Z",
[2026-08-28 08:57:37][UNIFIED]   blocker:       "attempts": 0,
[2026-08-28 08:57:37][UNIFIED]   blocker:       "reason": "Task Scheduler every 15 minutes"
[2026-08-28 08:57:37][UNIFIED]   blocker:     },
[2026-08-28 08:57:37][UNIFIED]   blocker:     "toolchain-bootstrap": {
[2026-08-28 08:57:37][UNIFIED]   blocker:       "id": "toolchain-bootstrap",
[2026-08-28 08:57:37][UNIFIED]   blocker:       "status": "pass",
[2026-08-28 08:57:37][UNIFIED]   blocker:       "updatedAt": "2026-08-28T05:56:06.644Z",
[2026-08-28 08:57:37][UNIFIED]   blocker:       "firstSeenAt": "2026-08-25T18:26:37.199Z",
[2026-08-28 08:57:37][UNIFIED]   blocker:       "attempts": 3,
[2026-08-28 08:57:37][UNIFIED]   blocker:       "reason": "Existing bootstrap PASS",
[2026-08-28 08:57:37][UNIFIED]   blocker:       "attempted": true,
[2026-08-28 08:57:37][UNIFIED]   blocker:       "outputTail": "[TOOLCHAIN_V6] FAIL TypeError: Cannot read properties of undefined (reading 'typescript')\n    at main (C:\\Users\\user\\Desktop\\World_server\\scripts\\toolchain-bootstrap.cjs:16:468)\n    at Object.<anonymous> (C:\\Users\\user\\Desktop\\World_server\\scripts\\toolchain-bootstrap.cjs:17:26)\n    at Module._compile (node:internal/modules/cjs/loader:1830:14)\n    at Object..js (node:internal/modules/cjs/loader:1961:10)\n    at Module.load (node:internal/modules/cjs/loader:1553:32)\n    at Module._load (node:internal/modules/cjs/loader:1355:12)\n    at wrapModuleLoad (node:internal/modules/cjs/loader:255:19)\n    at Module.executeUserEntryPoint [as runMain] (node:internal/modules/run_main:154:5)\n    at node:internal/main/run_main_module:33:47",
[2026-08-28 08:57:37][UNIFIED]   blocker:       "nextRunAt": null
[2026-08-28 08:57:37][UNIFIED]   blocker:     },
[2026-08-28 08:57:37][UNIFIED]   blocker:     "wasmtime": {
[2026-08-28 08:57:37][UNIFIED]   blocker:       "id": "wasmtime",
[2026-08-28 08:57:37][UNIFIED]   blocker:       "status": "pass",
[2026-08-28 08:57:37][UNIFIED]   blocker:       "updatedAt": "2026-08-28T05:56:06.678Z",
[2026-08-28 08:57:37][UNIFIED]   blocker:       "firstSeenAt": "2026-08-25T18:26:37.249Z",
[2026-08-28 08:57:37][UNIFIED]   blocker:       "attempts": 0,
[2026-08-28 08:57:37][UNIFIED]   blocker:       "reason": "wasmtime 27.0.0 (8eefa236f 2024-11-20)"
[2026-08-28 08:57:37][UNIFIED]   blocker:     },
[2026-08-28 08:57:37][UNIFIED]   blocker:     "tlc": {
[2026-08-28 08:57:37][UNIFIED]   blocker:       "id": "tlc",
[2026-08-28 08:57:37][UNIFIED]   blocker:       "status": "pass",
[2026-08-28 08:57:37][UNIFIED]   blocker:       "updatedAt": "2026-08-28T05:56:07.043Z",
[2026-08-28 08:57:37][UNIFIED]   blocker:       "firstSeenAt": "2026-08-25T18:26:37.249Z",
[2026-08-28 08:57:37][UNIFIED]   blocker:       "attempts": 0,
[2026-08-28 08:57:37][UNIFIED]   blocker:       "reason": "TLC native Java invocation verified"
[2026-08-28 08:57:37][UNIFIED]   blocker:     },
[2026-08-28 08:57:37][UNIFIED]   blocker:     "native-cosign": {
[2026-08-28 08:57:37][UNIFIED]   blocker:       "id": "native-cosign",
[2026-08-28 08:57:37][UNIFIED]   blocker:       "status": "pass",
[2026-08-28 08:57:37][UNIFIED]   blocker:       "updatedAt": "2026-08-28T05:56:07.130Z",
[2026-08-28 08:57:37][UNIFIED]   blocker:       "firstSeenAt": "2026-08-25T18:26:37.555Z",
[2026-08-28 08:57:37][UNIFIED]   blocker:       "attempts": 0,
[2026-08-28 08:57:37][UNIFIED]   blocker:       "reason": "Compiler:      gc\nPlatform:      windows/amd64"
[2026-08-28 08:57:37][UNIFIED]   blocker:     },
[2026-08-28 08:57:37][UNIFIED]   blocker:     "etw-ebpf-perf": {
[2026-08-28 08:57:37][UNIFIED]   blocker:       "id": "etw-ebpf-perf",
[2026-08-28 08:57:37][UNIFIED]   blocker:       "status": "pass",
[2026-08-28 08:57:37][UNIFIED]   blocker:       "updatedAt": "2026-08-28T05:56:12.369Z",
[2026-08-28 08:57:37][UNIFIED]   blocker:       "firstSeenAt": "2026-08-25T18:26:48.732Z",
[2026-08-28 08:57:37][UNIFIED]   blocker:       "attempts": 0,
[2026-08-28 08:57:37][UNIFIED]   blocker:       "reason": "Real Windows ETW/WPR capability evidence collected; eBPF/perf not falsely required on Windows"
[2026-08-28 08:57:37][UNIFIED]   blocker:     },
[2026-08-28 08:57:37][UNIFIED]   blocker:     "fresh-android-device": {
[2026-08-28 08:57:37][UNIFIED]   blocker:       "id": "fresh-android-device",
[2026-08-28 08:57:37][UNIFIED]   blocker:       "status": "waiting",
[2026-08-28 08:57:37][UNIFIED]   blocker:       "updatedAt": "2026-08-28T05:56:12.506Z",
[2026-08-28 08:57:37][UNIFIED]   blocker:       "firstSeenAt": "2026-08-25T18:26:48.908Z",
[2026-08-28 08:57:37][UNIFIED]   blocker:       "attempts": 0,
[2026-08-28 08:57:37][UNIFIED]   blocker:       "reason": "adb is not available or no physical Android evidence can be collected",
[2026-08-28 08:57:37][UNIFIED]   blocker:       "nextRunAt": "2026-08-28T06:11:12.506Z"
[2026-08-28 08:57:37][UNIFIED]   blocker:     },
[2026-08-28 08:57:37][UNIFIED]   blocker:     "fresh-ios-device": {
[2026-08-28 08:57:37][UNIFIED]   blocker:       "id": "fresh-ios-device",
[2026-08-28 08:57:37][UNIFIED]   blocker:       "status": "waiting",
[2026-08-28 08:57:37][UNIFIED]   blocker:       "updatedAt": "2026-08-28T05:56:12.657Z",
[2026-08-28 08:57:37][UNIFIED]   blocker:       "firstSeenAt": "2026-08-25T18:26:49.092Z",
[2026-08-28 08:57:37][UNIFIED]   blocker:       "attempts": 0,
[2026-08-28 08:57:37][UNIFIED]   blocker:       "reason": "No physical iOS probe available on win32; simulator/fake evidence is forbidden",
[2026-08-28 08:57:37][UNIFIED]   blocker:       "nextRunAt": "2026-08-28T06:11:12.657Z"
[2026-08-28 08:57:37][UNIFIED]   blocker:     },
[2026-08-28 08:57:37][UNIFIED]   blocker:     "remote-cas-peer": {
[2026-08-28 08:57:37][UNIFIED]   blocker:       "id": "remote-cas-peer",
[2026-08-28 08:57:37][UNIFIED]   blocker:       "status": "waiting",
[2026-08-28 08:57:37][UNIFIED]   blocker:       "updatedAt": "2026-08-28T05:56:12.658Z",
[2026-08-28 08:57:37][UNIFIED]   blocker:       "firstSeenAt": "2026-08-25T18:26:49.094Z",
[2026-08-28 08:57:37][UNIFIED]   blocker:       "attempts": 0,
[2026-08-28 08:57:37][UNIFIED]   blocker:       "reason": "WORLD_SERVER_REMOTE_CAS_URL/REMOTE_CAS_URL not configured; localhost is not accepted as remote evidence",
[2026-08-28 08:57:37][UNIFIED]   blocker:       "nextRunAt": "2026-08-28T06:11:12.658Z"
[2026-08-28 08:57:37][UNIFIED]   blocker:     },
[2026-08-28 08:57:37][UNIFIED]   blocker:     "fenced-migration": {
[2026-08-28 08:57:37][UNIFIED]   blocker:       "id": "fenced-migration",
[2026-08-28 08:57:37][UNIFIED]   blocker:       "status": "pass",
[2026-08-28 08:57:37][UNIFIED]   blocker:       "updatedAt": "2026-08-28T05:56:12.777Z",
[2026-08-28 08:57:37][UNIFIED]   blocker:       "firstSeenAt": "2026-08-25T18:26:49.096Z",
[2026-08-28 08:57:37][UNIFIED]   blocker:       "attempts": 2,
[2026-08-28 08:57:37][UNIFIED]   blocker:       "reason": "C:\\Program Files\\nodejs\\node.exe C:\\Users\\user\\Desktop\\World_server\\scripts\\migration-fencing-verifier.cjs PASS",
[2026-08-28 08:57:37][UNIFIED]   blocker:       "attempted": true,
[2026-08-28 08:57:37][UNIFIED]   blocker:       "outputTail": "{\n  \"schemaVersion\": \"7.5.0\",\n  \"generatedAt\": \"2026-08-26T00:52:32.557Z\",\n  \"pass\": false,\n  \"selftest\": {\n    \"pass\": false,\n    \"ok\": {\n      \"pass\": false,\n      \"errors\": [\n        \"wrong-migration-strategy\"\n      ],\n      \"currentFencingToken\": 8,\n      \"callerFencingToken\": 8\n    },\n    \"stale\": {\n      \"pass\": false,\n      \"errors\": [\n        \"wrong-migration-strategy\"\n      ],\n      \"currentFencingToken\": 8,\n      \"callerFencingToken\": 7\n    },\n    \"early\": {\n      \"pass\": false,\n      \"errors\": [\n        \"wrong-migration-strategy\"\n      ],\n      \"currentFencingToken\": 8,\n      \"callerFencingToken\": 8\n    }\n  },\n  \"liveConfigured\": false,\n  \"liveVerified\": false,\n  \"live\": {\n    \"pass\": false,\n    \"errors\": [\n      \"no-live-migration-plan\"\n    ]\n  }\n}"
[2026-08-28 08:57:37][UNIFIED]   blocker:     },
[2026-08-28 08:57:37][UNIFIED]   blocker:     "local-gates": {
[2026-08-28 08:57:37][UNIFIED]   blocker:       "id": "local-gates",
[2026-08-28 08:57:37][UNIFIED]   blocker:       "status": "requires_ai",
[2026-08-28 08:57:37][UNIFIED]   blocker:       "updatedAt": "2026-08-28T05:57:36.713Z",
[2026-08-28 08:57:37][UNIFIED]   blocker:       "firstSeenAt": "2026-08-25T18:26:49.102Z",
[2026-08-28 08:57:37][UNIFIED]   blocker:       "attempts": 0,
[2026-08-28 08:57:37][UNIFIED]   blocker:       "reason": "2/6 gates PASS"
[2026-08-28 08:57:37][UNIFIED]   blocker:     },
[2026-08-28 08:57:37][UNIFIED]   blocker:     "vercel-deployment": {
[2026-08-28 08:57:37][UNIFIED]   blocker:       "id": "vercel-deployment",
[2026-08-28 08:57:37][UNIFIED]   blocker:       "status": "requires_ai",
[2026-08-28 08:57:37][UNIFIED]   blocker:       "updatedAt": "2026-08-28T05:57:37.346Z",
[2026-08-28 08:57:37][UNIFIED]   blocker:       "firstSeenAt": "2026-08-25T18:26:49.867Z",
[2026-08-28 08:57:37][UNIFIED]   blocker:       "attempts": 2,
[2026-08-28 08:57:37][UNIFIED]   blocker:       "reason": "Vercel state=failure: Deployment has failed тАФ run this Vercel CLI command: npx vercel inspect dpl_GfK9zWTTxbwu874rpjwidrnb6wTG --logs",
[2026-08-28 08:57:37][UNIFIED]   blocker:       "targetUrl": "https://vercel.com/improve-world/improve-world-home-git/GfK9zWTTxbwu874rpjwidrnb6wTG",
[2026-08-28 08:57:37][UNIFIED]   blocker:       "attempted": true,
[2026-08-28 08:57:37][UNIFIED]   blocker:       "deploymentId": "dpl_GfK9zWTTxbwu874rpjwidrnb6wTG",
[2026-08-28 08:57:37][UNIFIED]   blocker:       "outputTail": "",
[2026-08-28 08:57:37][UNIFIED]   blocker:       "nextRunAt": null
[2026-08-28 08:57:37][UNIFIED]   blocker:     },
[2026-08-28 08:57:37][UNIFIED]   blocker:     "8h-long-soak": {
[2026-08-28 08:57:37][UNIFIED]   blocker:       "id": "8h-long-soak",
[2026-08-28 08:57:37][UNIFIED]   blocker:       "status": "waiting",
[2026-08-28 08:57:37][UNIFIED]   blocker:       "updatedAt": "2026-08-28T05:57:37.354Z",
[2026-08-28 08:57:37][UNIFIED]   blocker:       "firstSeenAt": "2026-08-25T18:26:49.872Z",
[2026-08-28 08:57:37][UNIFIED]   blocker:       "attempts": 2,
[2026-08-28 08:57:37][UNIFIED]   blocker:       "reason": "Long-soak will start only after deterministic local prerequisites are green",
[2026-08-28 08:57:37][UNIFIED]   blocker:       "nextRunAt": "2026-08-28T06:12:37.354Z",
[2026-08-28 08:57:37][UNIFIED]   blocker:       "attempted": true
[2026-08-28 08:57:37][UNIFIED]   blocker:     }
[2026-08-28 08:57:37][UNIFIED]   blocker:   }
[2026-08-28 08:57:37][UNIFIED]   blocker: }
[2026-08-28 08:57:37][UNIFIED] Step 3: verification
[2026-08-28 08:57:37][UNIFIED]   verify: [CONTROL_PLANE] PASS toolchain-security
[2026-08-28 08:57:38][UNIFIED]   verify: [CONTROL_PLANE] PASS toolchain-health
[2026-08-28 08:57:38][UNIFIED]   verify: [CONTROL_PLANE] PASS telemetry
[2026-08-28 08:57:39][UNIFIED]   verify: [CONTROL_PLANE] FAIL snapshot:     at Module._load (node:internal/modules/cjs/loader:1355:12)
[2026-08-28 08:57:39][UNIFIED]   verify: [CONTROL_PLANE] PASS native-ast-dataflow
[2026-08-28 08:57:40][UNIFIED]   verify: [CONTROL_PLANE] PASS semantic-graph
[2026-08-28 08:57:40][UNIFIED]   verify: [CONTROL_PLANE] PASS change-impact
[2026-08-28 08:57:40][UNIFIED]   verify: [CONTROL_PLANE] PASS assets
[2026-08-28 08:57:41][UNIFIED]   verify: [CONTROL_PLANE] PASS project-directives
[2026-08-28 08:57:41][UNIFIED]   verify: [CONTROL_PLANE] PASS asset-ingestion-plan
[2026-08-28 08:57:41][UNIFIED]   verify: [CONTROL_PLANE] PASS technology-lock
[2026-08-28 08:57:41][UNIFIED]   verify: [CONTROL_PLANE] PASS graphics-ratchet
[2026-08-28 08:57:41][UNIFIED]   verify: [CONTROL_PLANE] PASS audio-variation
[2026-08-28 08:57:42][UNIFIED]   verify: [CONTROL_PLANE] PASS gameplay-spatial-contract
[2026-08-28 08:57:42][UNIFIED]   verify: [CONTROL_PLANE] PASS desktop-ai-report-contract
[2026-08-28 08:57:42][UNIFIED]   verify: [CONTROL_PLANE] PASS queue
[2026-08-28 08:57:42][UNIFIED]   verify: [CONTROL_PLANE] PASS config-contract
[2026-08-28 08:57:42][UNIFIED]   verify: [CONTROL_PLANE] PASS feature-flags
[2026-08-28 08:57:42][UNIFIED]   verify: [CONTROL_PLANE] PASS wit-component-contract
[2026-08-28 08:57:43][UNIFIED]   verify: [CONTROL_PLANE] PASS adapter-sandbox
[2026-08-28 08:57:43][UNIFIED]   verify: [CONTROL_PLANE] PASS secure-update
[2026-08-28 08:57:43][UNIFIED]   verify: [CONTROL_PLANE] FAIL reproducible-build: Node.js v24.15.0
[2026-08-28 08:57:43][UNIFIED]   verify: [CONTROL_PLANE] PASS model-check
[2026-08-28 08:57:44][UNIFIED]   verify: [CONTROL_PLANE] PASS cas-peer-discovery
[2026-08-28 08:57:45][UNIFIED]   verify: [CONTROL_PLANE] PASS distributed-cas
[2026-08-28 08:57:45][UNIFIED]   verify: [CONTROL_PLANE] PASS device-lab
[2026-08-28 08:57:45][UNIFIED]   verify: [CONTROL_PLANE] PASS device-executor
[2026-08-28 08:57:45][UNIFIED]   verify: [CONTROL_PLANE] PASS wit-bindings
[2026-08-28 08:57:45][UNIFIED]   verify: [CONTROL_PLANE] PASS rekor-monitor
[2026-08-28 08:57:46][UNIFIED]   verify: [CONTROL_PLANE] PASS technology-consensus
[2026-08-28 08:57:46][UNIFIED]   verify: [CONTROL_PLANE] PASS sbom
[2026-08-28 08:57:51][UNIFIED]   verify: [CONTROL_PLANE] PASS legacy-evidence-factory
[2026-08-28 08:57:51][UNIFIED]   verify: [CONTROL_PLANE] PASS slo-error-budget
[2026-08-28 08:57:51][UNIFIED]   verify: [CONTROL_PLANE] PASS db-migration-coordinator
[2026-08-28 08:57:51][UNIFIED]   verify: [CONTROL_PLANE] PASS asset-delta
[2026-08-28 08:57:52][UNIFIED]   verify: [CONTROL_PLANE] FAIL integration-gate: [SYSTEM_INTEGRATION_V7] 99% FAIL 126/127 leader-lease-migration
[2026-08-28 08:57:54][UNIFIED]   verify: [CONTROL_PLANE] PASS disaster-recovery-verify
[2026-08-28 08:57:54][UNIFIED]   verify: [CONTROL_PLANE] PASS provenance
[2026-08-28 08:57:55][UNIFIED]   verify: [CONTROL_PLANE] PASS supply-chain-signing
[2026-08-28 08:57:55][UNIFIED]   verify: [CONTROL_PLANE] FAIL policy: warning: in the working copy of 'state/multi-ai-peer-review.json', LF will be replaced by CRLF the next time Git touches it
[2026-08-28 08:57:56][UNIFIED]   verify: [CONTROL_PLANE] PASS chaos-safety
[2026-08-28 08:57:56][UNIFIED]   verify: [CONTROL_PLANE] PASS orchestrator-monitor-lifecycle
[2026-08-28 08:57:56][UNIFIED]   verify: [CONTROL_PLANE] PASS orchestrator-patch-safety
[2026-08-28 08:57:56][UNIFIED]   verify: [CONTROL_PLANE] PASS orchestrator-minimal-repro
[2026-08-28 08:57:56][UNIFIED]   verify: [CONTROL_PLANE] PASS orchestrator-invariant-model
[2026-08-28 08:57:57][UNIFIED]   verify: [CONTROL_PLANE] PASS orchestrator-supervisor-negative
[2026-08-28 08:57:57][UNIFIED]   verify: [CONTROL_PLANE] PASS orchestrator-supervisor
[2026-08-28 08:57:57][UNIFIED]   verify: [CONTROL_PLANE] PASS capability-scheduler
[2026-08-28 08:57:57][UNIFIED]   verify: [CONTROL_PLANE] PASS cas-redundancy
[2026-08-28 08:57:57][UNIFIED]   verify: [CONTROL_PLANE] PASS device-worker
[2026-08-28 08:57:57][UNIFIED]   verify: [CONTROL_PLANE] PASS record-replay
[2026-08-28 08:57:57][UNIFIED]   verify: [CONTROL_PLANE] PASS dependency-security
[2026-08-28 08:57:58][UNIFIED]   verify: [CONTROL_PLANE] PASS transactional-deploy
[2026-08-28 08:57:58][UNIFIED]   verify: [CONTROL_PLANE] PASS enhancement-orchestrator
[2026-08-28 08:57:58][UNIFIED]   verify: [CONTROL_PLANE] PASS leader-lease-health
[2026-08-28 08:57:58][UNIFIED]   verify: [CONTROL_PLANE] PASS leader-lease-selftest
[2026-08-28 08:57:58][UNIFIED]   verify: [CONTROL_PLANE] PASS production-safety-health
[2026-08-28 08:57:58][UNIFIED]   verify: [CONTROL_PLANE] PASS production-safety-selftest
[2026-08-28 08:57:58][UNIFIED]   verify: [CONTROL_PLANE] PASS soak-chaos
[2026-08-28 08:57:58][UNIFIED]   verify: [CONTROL_PLANE] PASS crash-diagnostics
[2026-08-28 08:57:58][UNIFIED]   verify: [CONTROL_PLANE] PASS crash-diagnostics-selftest
[2026-08-28 08:57:59][UNIFIED]   verify: [CONTROL_PLANE] PASS causal-debugger
[2026-08-28 08:57:59][UNIFIED]   verify: [CONTROL_PLANE] PASS cas-replication-controller
[2026-08-28 08:57:59][UNIFIED]   verify: [CONTROL_PLANE] PASS physical-device-fleet
[2026-08-28 08:57:59][UNIFIED]   verify: [CONTROL_PLANE] PASS production-slo-autopilot
[2026-08-28 08:57:59][UNIFIED]   verify: [CONTROL_PLANE] PASS migration-fencing-runtime
[2026-08-28 08:57:59][UNIFIED]   verify: [CONTROL_PLANE] PASS long-soak-smoke
[2026-08-28 08:58:01][UNIFIED]   verify: [CONTROL_PLANE] PASS native-causal-collector
[2026-08-28 08:58:03][UNIFIED]   verify: [CONTROL_PLANE] FAIL selftest: Node.js v24.15.0
[2026-08-28 08:58:04][UNIFIED]   verify: [CONTROL_PLANE] FAIL honest-100-functions: [HONEST_100] FAIL certified=73/76 discovered=146
[2026-08-28 08:58:04][UNIFIED]   verify: [CONTROL_PLANE] PASS function-contract-coverage
[2026-08-28 08:58:05][UNIFIED]   verify: [CONTROL_PLANE] FAIL monotonic-100-guard: [MONOTONIC_100] BLOCK previous=68 current=73 addedCaps=0
[2026-08-28 08:58:05][UNIFIED]   verify: [CONTROL_PLANE] FAIL orchestrator-continuity: [ORCHESTRATOR_CONTINUITY] FAIL 5/8
[2026-08-28 08:58:05][UNIFIED]   verify: [CONTROL_PLANE] FAIL release-promotion: [RELEASE_PROMOTION] BLOCK decision=BLOCK
[2026-08-28 08:58:05][UNIFIED]   verify: [CONTROL_PLANE] FAIL readiness: [READINESS_V75] structural=88% operational=80% evidence=91% native=8%
[2026-08-28 08:58:05][UNIFIED]   verify: [CONTROL_PLANE] FAIL 65/75 trace=f094976ee02a43e3d582af0ba5f83d12
[2026-08-28 08:58:05][UNIFIED] === UNIFIED TICK END ===
[2026-08-28 08:58:06][UNIFIED] state nextRunAt=2026-08-28T06:11:12.506Z blockers pass= requires_ai= waiting= mergeSafe=False
[2026-08-28 08:58:06][UNIFIED] LOCK released
[2026-08-28 09:04:34][UNIFIED] LOCK acquired C:\Users\user\Desktop\World_server\state\blocker-repair\unified.lock
[2026-08-28 09:04:34][UNIFIED] === UNIFIED TICK START quality_autoloop -> supervisor poll -> blocker-repair -> verification ===
[2026-08-28 09:04:34][UNIFIED] Step 1: quality_autoloop
[2026-08-28 09:04:35][UNIFIED]   autoloop: [2026-08-28 09:04:35] === AUTOLOOP TICK START ===
[2026-08-28 09:04:35][UNIFIED]   autoloop: [2026-08-28 09:04:35]   guard: [MIGRATION_GUARD] PASS 110 migrations digest 36bdee3ba6de92a5b277da9c94cf03259534603b94db1b5890b0555a14204ede latest 20260826140000_ai_supervisor_control_plane.sql
[2026-08-28 09:04:35][UNIFIED]   autoloop: [2026-08-28 09:04:35] LOCAL migrations match the committed guard (scripts/check-supabase-migrations.js) - OK
[2026-08-28 09:04:35][UNIFIED]   autoloop: [2026-08-28 09:04:35] commits ahead of master: 5 (need PR if >0)
[2026-08-28 09:04:35][UNIFIED]   autoloop: [2026-08-28 09:04:35] PLUGIN DISCOVER: [2026-08-28T06:04:35.372Z] OK cannon-es already installed (MIT) impact 80%
[2026-08-28 09:04:35][UNIFIED]   autoloop: [2026-08-28T06:04:35.377Z] OK comlink already installed (Apache-2.0) impact 65%
[2026-08-28 09:04:35][UNIFIED]   autoloop: [2026-08-28T06:04:35.378Z] OK idb-keyval already installed (Apache-2.0) impact 55%
[2026-08-28 09:04:35][UNIFIED]   autoloop: [2026-08-28T06:04:35.378Z] OK sharp already installed (Apache-2.0) impact 70%
[2026-08-28 09:04:35][UNIFIED]   autoloop: [2026-08-28T06:04:35.379Z] OK msw already installed (MIT) impact 60%
[2026-08-28 09:04:35][UNIFIED]   autoloop: [2026-08-28T06:04:35.380Z] OK zod already installed (MIT) impact 55%
[2026-08-28 09:04:35][UNIFIED]   autoloop: [2026-08-28T06:04:35.381Z] Wrote QUALITY_PLUGIN_CANDIDATES.json
[2026-08-28 09:04:35][UNIFIED]   autoloop: 
[2026-08-28 09:04:35][UNIFIED]   autoloop: [2026-08-28 09:04:35] PLUGIN AUTO-WIRE tick done
[2026-08-28 09:04:35][UNIFIED]   autoloop: [2026-08-28 09:04:35] === AUTOLOOP TICK END ===
[2026-08-28 09:04:35][UNIFIED] Step 1b: supervisor advisory poll
[2026-08-28 09:04:35][UNIFIED]   supervisor: ADVISORY READ: PASS (0 pending)
[2026-08-28 09:04:35][UNIFIED]   supervisor: No pending advisories
[2026-08-28 09:04:35][UNIFIED] Step 2: blocker-repair tick
[2026-08-28 09:07:06][UNIFIED]   blocker: {
[2026-08-28 09:07:06][UNIFIED]   blocker:   "pass": false,
[2026-08-28 09:07:06][UNIFIED]   blocker:   "version": "1.0.0",
[2026-08-28 09:07:06][UNIFIED]   blocker:   "cycle": 14,
[2026-08-28 09:07:06][UNIFIED]   blocker:   "counts": {
[2026-08-28 09:07:06][UNIFIED]   blocker:     "pass": 7,
[2026-08-28 09:07:06][UNIFIED]   blocker:     "waiting": 5,
[2026-08-28 09:07:06][UNIFIED]   blocker:     "requires_ai": 1
[2026-08-28 09:07:06][UNIFIED]   blocker:   },
[2026-08-28 09:07:06][UNIFIED]   blocker:   "gatesPass": false,
[2026-08-28 09:07:06][UNIFIED]   blocker:   "mergeSafe": false,
[2026-08-28 09:07:06][UNIFIED]   blocker:   "nextRunAt": "2026-08-28T06:17:06.129Z",
[2026-08-28 09:07:06][UNIFIED]   blocker:   "aiAction": "state\\blocker-repair\\DESKTOP_AI_NEXT_ACTION.md",
[2026-08-28 09:07:06][UNIFIED]   blocker:   "blockers": {
[2026-08-28 09:07:06][UNIFIED]   blocker:     "durable-scheduler": {
[2026-08-28 09:07:06][UNIFIED]   blocker:       "id": "durable-scheduler",
[2026-08-28 09:07:06][UNIFIED]   blocker:       "status": "pass",
[2026-08-28 09:07:06][UNIFIED]   blocker:       "updatedAt": "2026-08-25T18:26:36.133Z",
[2026-08-28 09:07:06][UNIFIED]   blocker:       "firstSeenAt": "2026-08-25T18:26:36.133Z",
[2026-08-28 09:07:06][UNIFIED]   blocker:       "attempts": 0,
[2026-08-28 09:07:06][UNIFIED]   blocker:       "reason": "Task Scheduler every 15 minutes"
[2026-08-28 09:07:06][UNIFIED]   blocker:     },
[2026-08-28 09:07:06][UNIFIED]   blocker:     "toolchain-bootstrap": {
[2026-08-28 09:07:06][UNIFIED]   blocker:       "id": "toolchain-bootstrap",
[2026-08-28 09:07:06][UNIFIED]   blocker:       "status": "pass",
[2026-08-28 09:07:06][UNIFIED]   blocker:       "updatedAt": "2026-08-28T06:04:36.180Z",
[2026-08-28 09:07:06][UNIFIED]   blocker:       "firstSeenAt": "2026-08-25T18:26:37.199Z",
[2026-08-28 09:07:06][UNIFIED]   blocker:       "attempts": 3,
[2026-08-28 09:07:06][UNIFIED]   blocker:       "reason": "Existing bootstrap PASS",
[2026-08-28 09:07:06][UNIFIED]   blocker:       "attempted": true,
[2026-08-28 09:07:06][UNIFIED]   blocker:       "outputTail": "[TOOLCHAIN_V6] FAIL TypeError: Cannot read properties of undefined (reading 'typescript')\n    at main (C:\\Users\\user\\Desktop\\World_server\\scripts\\toolchain-bootstrap.cjs:16:468)\n    at Object.<anonymous> (C:\\Users\\user\\Desktop\\World_server\\scripts\\toolchain-bootstrap.cjs:17:26)\n    at Module._compile (node:internal/modules/cjs/loader:1830:14)\n    at Object..js (node:internal/modules/cjs/loader:1961:10)\n    at Module.load (node:internal/modules/cjs/loader:1553:32)\n    at Module._load (node:internal/modules/cjs/loader:1355:12)\n    at wrapModuleLoad (node:internal/modules/cjs/loader:255:19)\n    at Module.executeUserEntryPoint [as runMain] (node:internal/modules/run_main:154:5)\n    at node:internal/main/run_main_module:33:47",
[2026-08-28 09:07:06][UNIFIED]   blocker:       "nextRunAt": null
[2026-08-28 09:07:06][UNIFIED]   blocker:     },
[2026-08-28 09:07:06][UNIFIED]   blocker:     "wasmtime": {
[2026-08-28 09:07:06][UNIFIED]   blocker:       "id": "wasmtime",
[2026-08-28 09:07:06][UNIFIED]   blocker:       "status": "pass",
[2026-08-28 09:07:06][UNIFIED]   blocker:       "updatedAt": "2026-08-28T06:04:36.218Z",
[2026-08-28 09:07:06][UNIFIED]   blocker:       "firstSeenAt": "2026-08-25T18:26:37.249Z",
[2026-08-28 09:07:06][UNIFIED]   blocker:       "attempts": 0,
[2026-08-28 09:07:06][UNIFIED]   blocker:       "reason": "wasmtime 27.0.0 (8eefa236f 2024-11-20)"
[2026-08-28 09:07:06][UNIFIED]   blocker:     },
[2026-08-28 09:07:06][UNIFIED]   blocker:     "tlc": {
[2026-08-28 09:07:06][UNIFIED]   blocker:       "id": "tlc",
[2026-08-28 09:07:06][UNIFIED]   blocker:       "status": "pass",
[2026-08-28 09:07:06][UNIFIED]   blocker:       "updatedAt": "2026-08-28T06:04:36.612Z",
[2026-08-28 09:07:06][UNIFIED]   blocker:       "firstSeenAt": "2026-08-25T18:26:37.249Z",
[2026-08-28 09:07:06][UNIFIED]   blocker:       "attempts": 0,
[2026-08-28 09:07:06][UNIFIED]   blocker:       "reason": "TLC native Java invocation verified"
[2026-08-28 09:07:06][UNIFIED]   blocker:     },
[2026-08-28 09:07:06][UNIFIED]   blocker:     "native-cosign": {
[2026-08-28 09:07:06][UNIFIED]   blocker:       "id": "native-cosign",
[2026-08-28 09:07:06][UNIFIED]   blocker:       "status": "pass",
[2026-08-28 09:07:06][UNIFIED]   blocker:       "updatedAt": "2026-08-28T06:04:36.707Z",
[2026-08-28 09:07:06][UNIFIED]   blocker:       "firstSeenAt": "2026-08-25T18:26:37.555Z",
[2026-08-28 09:07:06][UNIFIED]   blocker:       "attempts": 0,
[2026-08-28 09:07:06][UNIFIED]   blocker:       "reason": "Compiler:      gc\nPlatform:      windows/amd64"
[2026-08-28 09:07:06][UNIFIED]   blocker:     },
[2026-08-28 09:07:06][UNIFIED]   blocker:     "etw-ebpf-perf": {
[2026-08-28 09:07:06][UNIFIED]   blocker:       "id": "etw-ebpf-perf",
[2026-08-28 09:07:06][UNIFIED]   blocker:       "status": "pass",
[2026-08-28 09:07:06][UNIFIED]   blocker:       "updatedAt": "2026-08-28T06:04:42.436Z",
[2026-08-28 09:07:06][UNIFIED]   blocker:       "firstSeenAt": "2026-08-25T18:26:48.732Z",
[2026-08-28 09:07:06][UNIFIED]   blocker:       "attempts": 0,
[2026-08-28 09:07:06][UNIFIED]   blocker:       "reason": "Real Windows ETW/WPR capability evidence collected; eBPF/perf not falsely required on Windows"
[2026-08-28 09:07:06][UNIFIED]   blocker:     },
[2026-08-28 09:07:06][UNIFIED]   blocker:     "fresh-android-device": {
[2026-08-28 09:07:06][UNIFIED]   blocker:       "id": "fresh-android-device",
[2026-08-28 09:07:06][UNIFIED]   blocker:       "status": "waiting",
[2026-08-28 09:07:06][UNIFIED]   blocker:       "updatedAt": "2026-08-28T06:04:42.606Z",
[2026-08-28 09:07:06][UNIFIED]   blocker:       "firstSeenAt": "2026-08-25T18:26:48.908Z",
[2026-08-28 09:07:06][UNIFIED]   blocker:       "attempts": 0,
[2026-08-28 09:07:06][UNIFIED]   blocker:       "reason": "adb is not available or no physical Android evidence can be collected",
[2026-08-28 09:07:06][UNIFIED]   blocker:       "nextRunAt": "2026-08-28T06:19:42.606Z"
[2026-08-28 09:07:06][UNIFIED]   blocker:     },
[2026-08-28 09:07:06][UNIFIED]   blocker:     "fresh-ios-device": {
[2026-08-28 09:07:06][UNIFIED]   blocker:       "id": "fresh-ios-device",
[2026-08-28 09:07:06][UNIFIED]   blocker:       "status": "waiting",
[2026-08-28 09:07:06][UNIFIED]   blocker:       "updatedAt": "2026-08-28T06:04:42.788Z",
[2026-08-28 09:07:06][UNIFIED]   blocker:       "firstSeenAt": "2026-08-25T18:26:49.092Z",
[2026-08-28 09:07:06][UNIFIED]   blocker:       "attempts": 0,
[2026-08-28 09:07:06][UNIFIED]   blocker:       "reason": "No physical iOS probe available on win32; simulator/fake evidence is forbidden",
[2026-08-28 09:07:06][UNIFIED]   blocker:       "nextRunAt": "2026-08-28T06:19:42.788Z"
[2026-08-28 09:07:06][UNIFIED]   blocker:     },
[2026-08-28 09:07:06][UNIFIED]   blocker:     "remote-cas-peer": {
[2026-08-28 09:07:06][UNIFIED]   blocker:       "id": "remote-cas-peer",
[2026-08-28 09:07:06][UNIFIED]   blocker:       "status": "waiting",
[2026-08-28 09:07:06][UNIFIED]   blocker:       "updatedAt": "2026-08-28T06:04:42.789Z",
[2026-08-28 09:07:06][UNIFIED]   blocker:       "firstSeenAt": "2026-08-25T18:26:49.094Z",
[2026-08-28 09:07:06][UNIFIED]   blocker:       "attempts": 0,
[2026-08-28 09:07:06][UNIFIED]   blocker:       "reason": "WORLD_SERVER_REMOTE_CAS_URL/REMOTE_CAS_URL not configured; localhost is not accepted as remote evidence",
[2026-08-28 09:07:06][UNIFIED]   blocker:       "nextRunAt": "2026-08-28T06:19:42.789Z"
[2026-08-28 09:07:06][UNIFIED]   blocker:     },
[2026-08-28 09:07:06][UNIFIED]   blocker:     "fenced-migration": {
[2026-08-28 09:07:06][UNIFIED]   blocker:       "id": "fenced-migration",
[2026-08-28 09:07:06][UNIFIED]   blocker:       "status": "pass",
[2026-08-28 09:07:06][UNIFIED]   blocker:       "updatedAt": "2026-08-28T06:04:42.906Z",
[2026-08-28 09:07:06][UNIFIED]   blocker:       "firstSeenAt": "2026-08-25T18:26:49.096Z",
[2026-08-28 09:07:06][UNIFIED]   blocker:       "attempts": 2,
[2026-08-28 09:07:06][UNIFIED]   blocker:       "reason": "C:\\Program Files\\nodejs\\node.exe C:\\Users\\user\\Desktop\\World_server\\scripts\\migration-fencing-verifier.cjs PASS",
[2026-08-28 09:07:06][UNIFIED]   blocker:       "attempted": true,
[2026-08-28 09:07:06][UNIFIED]   blocker:       "outputTail": "{\n  \"schemaVersion\": \"7.5.0\",\n  \"generatedAt\": \"2026-08-26T00:52:32.557Z\",\n  \"pass\": false,\n  \"selftest\": {\n    \"pass\": false,\n    \"ok\": {\n      \"pass\": false,\n      \"errors\": [\n        \"wrong-migration-strategy\"\n      ],\n      \"currentFencingToken\": 8,\n      \"callerFencingToken\": 8\n    },\n    \"stale\": {\n      \"pass\": false,\n      \"errors\": [\n        \"wrong-migration-strategy\"\n      ],\n      \"currentFencingToken\": 8,\n      \"callerFencingToken\": 7\n    },\n    \"early\": {\n      \"pass\": false,\n      \"errors\": [\n        \"wrong-migration-strategy\"\n      ],\n      \"currentFencingToken\": 8,\n      \"callerFencingToken\": 8\n    }\n  },\n  \"liveConfigured\": false,\n  \"liveVerified\": false,\n  \"live\": {\n    \"pass\": false,\n    \"errors\": [\n      \"no-live-migration-plan\"\n    ]\n  }\n}"
[2026-08-28 09:07:06][UNIFIED]   blocker:     },
[2026-08-28 09:07:06][UNIFIED]   blocker:     "local-gates": {
[2026-08-28 09:07:06][UNIFIED]   blocker:       "id": "local-gates",
[2026-08-28 09:07:06][UNIFIED]   blocker:       "status": "requires_ai",
[2026-08-28 09:07:06][UNIFIED]   blocker:       "updatedAt": "2026-08-28T06:07:05.541Z",
[2026-08-28 09:07:06][UNIFIED]   blocker:       "firstSeenAt": "2026-08-25T18:26:49.102Z",
[2026-08-28 09:07:06][UNIFIED]   blocker:       "attempts": 0,
[2026-08-28 09:07:06][UNIFIED]   blocker:       "reason": "3/6 gates PASS"
[2026-08-28 09:07:06][UNIFIED]   blocker:     },
[2026-08-28 09:07:06][UNIFIED]   blocker:     "vercel-deployment": {
[2026-08-28 09:07:06][UNIFIED]   blocker:       "id": "vercel-deployment",
[2026-08-28 09:07:06][UNIFIED]   blocker:       "status": "waiting",
[2026-08-28 09:07:06][UNIFIED]   blocker:       "updatedAt": "2026-08-28T06:07:06.129Z",
[2026-08-28 09:07:06][UNIFIED]   blocker:       "firstSeenAt": "2026-08-25T18:26:49.867Z",
[2026-08-28 09:07:06][UNIFIED]   blocker:       "attempts": 2,
[2026-08-28 09:07:06][UNIFIED]   blocker:       "reason": "Vercel state=pending: Vercel is deploying your app",
[2026-08-28 09:07:06][UNIFIED]   blocker:       "targetUrl": "https://vercel.com/improve-world/improve-world-home/7fDSrmcgf8gqM4EshL15qW2xNsko",
[2026-08-28 09:07:06][UNIFIED]   blocker:       "attempted": false,
[2026-08-28 09:07:06][UNIFIED]   blocker:       "deploymentId": null,
[2026-08-28 09:07:06][UNIFIED]   blocker:       "outputTail": null,
[2026-08-28 09:07:06][UNIFIED]   blocker:       "nextRunAt": "2026-08-28T06:17:06.129Z"
[2026-08-28 09:07:06][UNIFIED]   blocker:     },
[2026-08-28 09:07:06][UNIFIED]   blocker:     "8h-long-soak": {
[2026-08-28 09:07:06][UNIFIED]   blocker:       "id": "8h-long-soak",
[2026-08-28 09:07:06][UNIFIED]   blocker:       "status": "waiting",
[2026-08-28 09:07:06][UNIFIED]   blocker:       "updatedAt": "2026-08-28T06:07:06.136Z",
[2026-08-28 09:07:06][UNIFIED]   blocker:       "firstSeenAt": "2026-08-25T18:26:49.872Z",
[2026-08-28 09:07:06][UNIFIED]   blocker:       "attempts": 2,
[2026-08-28 09:07:06][UNIFIED]   blocker:       "reason": "Long-soak will start only after deterministic local prerequisites are green",
[2026-08-28 09:07:06][UNIFIED]   blocker:       "nextRunAt": "2026-08-28T06:22:06.136Z",
[2026-08-28 09:07:06][UNIFIED]   blocker:       "attempted": true
[2026-08-28 09:07:06][UNIFIED]   blocker:     }
[2026-08-28 09:07:06][UNIFIED]   blocker:   }
[2026-08-28 09:07:06][UNIFIED]   blocker: }
[2026-08-28 09:07:06][UNIFIED] Step 3: verification
[2026-08-28 09:07:06][UNIFIED]   verify: [CONTROL_PLANE] PASS toolchain-security
[2026-08-28 09:07:06][UNIFIED]   verify: [CONTROL_PLANE] PASS toolchain-health
[2026-08-28 09:07:07][UNIFIED]   verify: [CONTROL_PLANE] PASS telemetry
[2026-08-28 09:07:08][UNIFIED]   verify: [CONTROL_PLANE] FAIL snapshot:     at Module._load (node:internal/modules/cjs/loader:1355:12)
[2026-08-28 09:07:08][UNIFIED]   verify: [CONTROL_PLANE] PASS native-ast-dataflow
[2026-08-28 09:07:08][UNIFIED]   verify: [CONTROL_PLANE] PASS semantic-graph
[2026-08-28 09:07:09][UNIFIED]   verify: [CONTROL_PLANE] PASS change-impact
[2026-08-28 09:07:09][UNIFIED]   verify: [CONTROL_PLANE] PASS assets
[2026-08-28 09:07:10][UNIFIED]   verify: [CONTROL_PLANE] PASS project-directives
[2026-08-28 09:07:10][UNIFIED]   verify: [CONTROL_PLANE] PASS asset-ingestion-plan
[2026-08-28 09:07:10][UNIFIED]   verify: [CONTROL_PLANE] PASS technology-lock
[2026-08-28 09:07:10][UNIFIED]   verify: [CONTROL_PLANE] PASS graphics-ratchet
[2026-08-28 09:07:10][UNIFIED]   verify: [CONTROL_PLANE] PASS audio-variation
[2026-08-28 09:07:10][UNIFIED]   verify: [CONTROL_PLANE] PASS gameplay-spatial-contract
[2026-08-28 09:07:11][UNIFIED]   verify: [CONTROL_PLANE] PASS desktop-ai-report-contract
[2026-08-28 09:07:11][UNIFIED]   verify: [CONTROL_PLANE] PASS queue
[2026-08-28 09:07:11][UNIFIED]   verify: [CONTROL_PLANE] PASS config-contract
[2026-08-28 09:07:11][UNIFIED]   verify: [CONTROL_PLANE] PASS feature-flags
[2026-08-28 09:07:11][UNIFIED]   verify: [CONTROL_PLANE] PASS wit-component-contract
[2026-08-28 09:07:12][UNIFIED]   verify: [CONTROL_PLANE] PASS adapter-sandbox
[2026-08-28 09:07:12][UNIFIED]   verify: [CONTROL_PLANE] PASS secure-update
[2026-08-28 09:07:12][UNIFIED]   verify: [CONTROL_PLANE] FAIL reproducible-build: Node.js v24.15.0
[2026-08-28 09:07:12][UNIFIED]   verify: [CONTROL_PLANE] PASS model-check
[2026-08-28 09:07:14][UNIFIED]   verify: [CONTROL_PLANE] PASS cas-peer-discovery
[2026-08-28 09:07:14][UNIFIED]   verify: [CONTROL_PLANE] PASS distributed-cas
[2026-08-28 09:07:14][UNIFIED]   verify: [CONTROL_PLANE] PASS device-lab
[2026-08-28 09:07:14][UNIFIED]   verify: [CONTROL_PLANE] PASS device-executor
[2026-08-28 09:07:14][UNIFIED]   verify: [CONTROL_PLANE] PASS wit-bindings
[2026-08-28 09:07:14][UNIFIED]   verify: [CONTROL_PLANE] PASS rekor-monitor
[2026-08-28 09:07:16][UNIFIED]   verify: [CONTROL_PLANE] PASS technology-consensus
[2026-08-28 09:07:16][UNIFIED]   verify: [CONTROL_PLANE] PASS sbom
[2026-08-28 09:07:21][UNIFIED]   verify: [CONTROL_PLANE] PASS legacy-evidence-factory
[2026-08-28 09:07:21][UNIFIED]   verify: [CONTROL_PLANE] PASS slo-error-budget
[2026-08-28 09:07:21][UNIFIED]   verify: [CONTROL_PLANE] PASS db-migration-coordinator
[2026-08-28 09:07:21][UNIFIED]   verify: [CONTROL_PLANE] PASS asset-delta
[2026-08-28 09:07:21][UNIFIED]   verify: [CONTROL_PLANE] PASS integration-gate
[2026-08-28 09:07:24][UNIFIED]   verify: [CONTROL_PLANE] PASS disaster-recovery-verify
[2026-08-28 09:07:24][UNIFIED]   verify: [CONTROL_PLANE] PASS provenance
[2026-08-28 09:07:25][UNIFIED]   verify: [CONTROL_PLANE] PASS supply-chain-signing
[2026-08-28 09:07:25][UNIFIED]   verify: [CONTROL_PLANE] PASS policy
[2026-08-28 09:07:26][UNIFIED]   verify: [CONTROL_PLANE] PASS chaos-safety
[2026-08-28 09:07:26][UNIFIED]   verify: [CONTROL_PLANE] PASS orchestrator-monitor-lifecycle
[2026-08-28 09:07:26][UNIFIED]   verify: [CONTROL_PLANE] PASS orchestrator-patch-safety
[2026-08-28 09:07:26][UNIFIED]   verify: [CONTROL_PLANE] PASS orchestrator-minimal-repro
[2026-08-28 09:07:26][UNIFIED]   verify: [CONTROL_PLANE] PASS orchestrator-invariant-model
[2026-08-28 09:07:26][UNIFIED]   verify: [CONTROL_PLANE] PASS orchestrator-supervisor-negative
[2026-08-28 09:07:27][UNIFIED]   verify: [CONTROL_PLANE] PASS orchestrator-supervisor
[2026-08-28 09:07:27][UNIFIED]   verify: [CONTROL_PLANE] PASS capability-scheduler
[2026-08-28 09:07:27][UNIFIED]   verify: [CONTROL_PLANE] PASS cas-redundancy
[2026-08-28 09:07:27][UNIFIED]   verify: [CONTROL_PLANE] PASS device-worker
[2026-08-28 09:07:27][UNIFIED]   verify: [CONTROL_PLANE] PASS record-replay
[2026-08-28 09:07:27][UNIFIED]   verify: [CONTROL_PLANE] PASS dependency-security
[2026-08-28 09:07:28][UNIFIED]   verify: [CONTROL_PLANE] PASS transactional-deploy
[2026-08-28 09:07:28][UNIFIED]   verify: [CONTROL_PLANE] PASS enhancement-orchestrator
[2026-08-28 09:07:28][UNIFIED]   verify: [CONTROL_PLANE] PASS leader-lease-health
[2026-08-28 09:07:28][UNIFIED]   verify: [CONTROL_PLANE] PASS leader-lease-selftest
[2026-08-28 09:07:28][UNIFIED]   verify: [CONTROL_PLANE] PASS production-safety-health
[2026-08-28 09:07:28][UNIFIED]   verify: [CONTROL_PLANE] PASS production-safety-selftest
[2026-08-28 09:07:28][UNIFIED]   verify: [CONTROL_PLANE] PASS soak-chaos
[2026-08-28 09:07:28][UNIFIED]   verify: [CONTROL_PLANE] PASS crash-diagnostics
[2026-08-28 09:07:28][UNIFIED]   verify: [CONTROL_PLANE] PASS crash-diagnostics-selftest
[2026-08-28 09:07:29][UNIFIED]   verify: [CONTROL_PLANE] PASS causal-debugger
[2026-08-28 09:07:29][UNIFIED]   verify: [CONTROL_PLANE] PASS cas-replication-controller
[2026-08-28 09:07:29][UNIFIED]   verify: [CONTROL_PLANE] PASS physical-device-fleet
[2026-08-28 09:07:29][UNIFIED]   verify: [CONTROL_PLANE] PASS production-slo-autopilot
[2026-08-28 09:07:29][UNIFIED]   verify: [CONTROL_PLANE] PASS migration-fencing-runtime
[2026-08-28 09:07:30][UNIFIED]   verify: [CONTROL_PLANE] PASS long-soak-smoke
[2026-08-28 09:07:31][UNIFIED]   verify: [CONTROL_PLANE] PASS native-causal-collector
[2026-08-28 09:07:35][UNIFIED]   verify: [CONTROL_PLANE] PASS selftest
[2026-08-28 09:07:36][UNIFIED]   verify: [CONTROL_PLANE] PASS honest-100-functions
[2026-08-28 09:07:36][UNIFIED]   verify: [CONTROL_PLANE] PASS function-contract-coverage
[2026-08-28 09:07:37][UNIFIED]   verify: [CONTROL_PLANE] PASS monotonic-100-guard
[2026-08-28 09:07:37][UNIFIED]   verify: [CONTROL_PLANE] PASS orchestrator-continuity
[2026-08-28 09:07:37][UNIFIED]   verify: [CONTROL_PLANE] PASS release-promotion
[2026-08-28 09:07:37][UNIFIED]   verify: [CONTROL_PLANE] PASS readiness
[2026-08-28 09:07:37][UNIFIED]   verify: [CONTROL_PLANE] FAIL 73/75 trace=adc366c0d2e490440529f84e0dddc03b
[2026-08-28 09:07:37][UNIFIED] === UNIFIED TICK END ===
[2026-08-28 09:07:37][UNIFIED] state nextRunAt=2026-08-28T06:17:06.129Z blockers pass= requires_ai= waiting= mergeSafe=False
[2026-08-28 09:07:37][UNIFIED] LOCK released
[2026-08-28 09:11:01][UNIFIED] LOCK acquired C:\Users\user\Desktop\World_server\state\blocker-repair\unified.lock
[2026-08-28 09:11:01][UNIFIED] === UNIFIED TICK START quality_autoloop -> supervisor poll -> blocker-repair -> verification ===
[2026-08-28 09:11:01][UNIFIED] Step 1: quality_autoloop
[2026-08-28 09:11:01][UNIFIED]   autoloop: [2026-08-28 09:11:01] === AUTOLOOP TICK START ===
[2026-08-28 09:11:01][UNIFIED]   autoloop: [2026-08-28 09:11:01]   guard: [MIGRATION_GUARD] PASS 110 migrations digest 36bdee3ba6de92a5b277da9c94cf03259534603b94db1b5890b0555a14204ede latest 20260826140000_ai_supervisor_control_plane.sql
[2026-08-28 09:11:01][UNIFIED]   autoloop: [2026-08-28 09:11:01] LOCAL migrations match the committed guard (scripts/check-supabase-migrations.js) - OK
[2026-08-28 09:11:01][UNIFIED]   autoloop: [2026-08-28 09:11:01] commits ahead of master: 8 (need PR if >0)
[2026-08-28 09:11:01][UNIFIED]   autoloop: [2026-08-28 09:11:01] PLUGIN DISCOVER: [2026-08-28T06:11:01.851Z] OK cannon-es already installed (MIT) impact 80%
[2026-08-28 09:11:01][UNIFIED]   autoloop: [2026-08-28T06:11:01.858Z] OK comlink already installed (Apache-2.0) impact 65%
[2026-08-28 09:11:01][UNIFIED]   autoloop: [2026-08-28T06:11:01.859Z] OK idb-keyval already installed (Apache-2.0) impact 55%
[2026-08-28 09:11:01][UNIFIED]   autoloop: [2026-08-28T06:11:01.860Z] OK sharp already installed (Apache-2.0) impact 70%
[2026-08-28 09:11:01][UNIFIED]   autoloop: [2026-08-28T06:11:01.861Z] OK msw already installed (MIT) impact 60%
[2026-08-28 09:11:01][UNIFIED]   autoloop: [2026-08-28T06:11:01.862Z] OK zod already installed (MIT) impact 55%
[2026-08-28 09:11:01][UNIFIED]   autoloop: [2026-08-28T06:11:01.863Z] Wrote QUALITY_PLUGIN_CANDIDATES.json
[2026-08-28 09:11:01][UNIFIED]   autoloop: 
[2026-08-28 09:11:02][UNIFIED]   autoloop: [2026-08-28 09:11:02] PLUGIN AUTO-WIRE tick done
[2026-08-28 09:11:02][UNIFIED]   autoloop: [2026-08-28 09:11:02] === AUTOLOOP TICK END ===
[2026-08-28 09:11:02][UNIFIED] Step 1b: supervisor advisory poll
[2026-08-28 09:11:02][UNIFIED]   supervisor: ADVISORY READ: PASS (0 pending)
[2026-08-28 09:11:02][UNIFIED]   supervisor: No pending advisories
[2026-08-28 09:11:02][UNIFIED] Step 2: blocker-repair tick
[2026-08-28 09:12:38][UNIFIED]   blocker: {
[2026-08-28 09:12:38][UNIFIED]   blocker:   "pass": false,
[2026-08-28 09:12:38][UNIFIED]   blocker:   "version": "1.0.0",
[2026-08-28 09:12:38][UNIFIED]   blocker:   "cycle": 15,
[2026-08-28 09:12:38][UNIFIED]   blocker:   "counts": {
[2026-08-28 09:12:38][UNIFIED]   blocker:     "pass": 7,
[2026-08-28 09:12:38][UNIFIED]   blocker:     "waiting": 4,
[2026-08-28 09:12:38][UNIFIED]   blocker:     "requires_ai": 2
[2026-08-28 09:12:38][UNIFIED]   blocker:   },
[2026-08-28 09:12:38][UNIFIED]   blocker:   "gatesPass": false,
[2026-08-28 09:12:38][UNIFIED]   blocker:   "mergeSafe": false,
[2026-08-28 09:12:38][UNIFIED]   blocker:   "nextRunAt": "2026-08-28T06:26:09.234Z",
[2026-08-28 09:12:38][UNIFIED]   blocker:   "aiAction": "state\\blocker-repair\\DESKTOP_AI_NEXT_ACTION.md",
[2026-08-28 09:12:38][UNIFIED]   blocker:   "blockers": {
[2026-08-28 09:12:38][UNIFIED]   blocker:     "durable-scheduler": {
[2026-08-28 09:12:38][UNIFIED]   blocker:       "id": "durable-scheduler",
[2026-08-28 09:12:38][UNIFIED]   blocker:       "status": "pass",
[2026-08-28 09:12:38][UNIFIED]   blocker:       "updatedAt": "2026-08-25T18:26:36.133Z",
[2026-08-28 09:12:38][UNIFIED]   blocker:       "firstSeenAt": "2026-08-25T18:26:36.133Z",
[2026-08-28 09:12:38][UNIFIED]   blocker:       "attempts": 0,
[2026-08-28 09:12:38][UNIFIED]   blocker:       "reason": "Task Scheduler every 15 minutes"
[2026-08-28 09:12:38][UNIFIED]   blocker:     },
[2026-08-28 09:12:38][UNIFIED]   blocker:     "toolchain-bootstrap": {
[2026-08-28 09:12:38][UNIFIED]   blocker:       "id": "toolchain-bootstrap",
[2026-08-28 09:12:38][UNIFIED]   blocker:       "status": "pass",
[2026-08-28 09:12:38][UNIFIED]   blocker:       "updatedAt": "2026-08-28T06:11:02.708Z",
[2026-08-28 09:12:38][UNIFIED]   blocker:       "firstSeenAt": "2026-08-25T18:26:37.199Z",
[2026-08-28 09:12:38][UNIFIED]   blocker:       "attempts": 3,
[2026-08-28 09:12:39][UNIFIED]   blocker:       "reason": "Existing bootstrap PASS",
[2026-08-28 09:12:39][UNIFIED]   blocker:       "attempted": true,
[2026-08-28 09:12:39][UNIFIED]   blocker:       "outputTail": "[TOOLCHAIN_V6] FAIL TypeError: Cannot read properties of undefined (reading 'typescript')\n    at main (C:\\Users\\user\\Desktop\\World_server\\scripts\\toolchain-bootstrap.cjs:16:468)\n    at Object.<anonymous> (C:\\Users\\user\\Desktop\\World_server\\scripts\\toolchain-bootstrap.cjs:17:26)\n    at Module._compile (node:internal/modules/cjs/loader:1830:14)\n    at Object..js (node:internal/modules/cjs/loader:1961:10)\n    at Module.load (node:internal/modules/cjs/loader:1553:32)\n    at Module._load (node:internal/modules/cjs/loader:1355:12)\n    at wrapModuleLoad (node:internal/modules/cjs/loader:255:19)\n    at Module.executeUserEntryPoint [as runMain] (node:internal/modules/run_main:154:5)\n    at node:internal/main/run_main_module:33:47",
[2026-08-28 09:12:39][UNIFIED]   blocker:       "nextRunAt": null
[2026-08-28 09:12:39][UNIFIED]   blocker:     },
[2026-08-28 09:12:39][UNIFIED]   blocker:     "wasmtime": {
[2026-08-28 09:12:39][UNIFIED]   blocker:       "id": "wasmtime",
[2026-08-28 09:12:39][UNIFIED]   blocker:       "status": "pass",
[2026-08-28 09:12:39][UNIFIED]   blocker:       "updatedAt": "2026-08-28T06:11:02.743Z",
[2026-08-28 09:12:39][UNIFIED]   blocker:       "firstSeenAt": "2026-08-25T18:26:37.249Z",
[2026-08-28 09:12:39][UNIFIED]   blocker:       "attempts": 0,
[2026-08-28 09:12:39][UNIFIED]   blocker:       "reason": "wasmtime 27.0.0 (8eefa236f 2024-11-20)"
[2026-08-28 09:12:39][UNIFIED]   blocker:     },
[2026-08-28 09:12:39][UNIFIED]   blocker:     "tlc": {
[2026-08-28 09:12:39][UNIFIED]   blocker:       "id": "tlc",
[2026-08-28 09:12:39][UNIFIED]   blocker:       "status": "pass",
[2026-08-28 09:12:39][UNIFIED]   blocker:       "updatedAt": "2026-08-28T06:11:03.131Z",
[2026-08-28 09:12:39][UNIFIED]   blocker:       "firstSeenAt": "2026-08-25T18:26:37.249Z",
[2026-08-28 09:12:39][UNIFIED]   blocker:       "attempts": 0,
[2026-08-28 09:12:39][UNIFIED]   blocker:       "reason": "TLC native Java invocation verified"
[2026-08-28 09:12:39][UNIFIED]   blocker:     },
[2026-08-28 09:12:39][UNIFIED]   blocker:     "native-cosign": {
[2026-08-28 09:12:39][UNIFIED]   blocker:       "id": "native-cosign",
[2026-08-28 09:12:39][UNIFIED]   blocker:       "status": "pass",
[2026-08-28 09:12:39][UNIFIED]   blocker:       "updatedAt": "2026-08-28T06:11:03.224Z",
[2026-08-28 09:12:39][UNIFIED]   blocker:       "firstSeenAt": "2026-08-25T18:26:37.555Z",
[2026-08-28 09:12:39][UNIFIED]   blocker:       "attempts": 0,
[2026-08-28 09:12:39][UNIFIED]   blocker:       "reason": "Compiler:      gc\nPlatform:      windows/amd64"
[2026-08-28 09:12:39][UNIFIED]   blocker:     },
[2026-08-28 09:12:39][UNIFIED]   blocker:     "etw-ebpf-perf": {
[2026-08-28 09:12:39][UNIFIED]   blocker:       "id": "etw-ebpf-perf",
[2026-08-28 09:12:39][UNIFIED]   blocker:       "status": "pass",
[2026-08-28 09:12:39][UNIFIED]   blocker:       "updatedAt": "2026-08-28T06:11:09.083Z",
[2026-08-28 09:12:39][UNIFIED]   blocker:       "firstSeenAt": "2026-08-25T18:26:48.732Z",
[2026-08-28 09:12:39][UNIFIED]   blocker:       "attempts": 0,
[2026-08-28 09:12:39][UNIFIED]   blocker:       "reason": "Real Windows ETW/WPR capability evidence collected; eBPF/perf not falsely required on Windows"
[2026-08-28 09:12:39][UNIFIED]   blocker:     },
[2026-08-28 09:12:39][UNIFIED]   blocker:     "fresh-android-device": {
[2026-08-28 09:12:39][UNIFIED]   blocker:       "id": "fresh-android-device",
[2026-08-28 09:12:39][UNIFIED]   blocker:       "status": "waiting",
[2026-08-28 09:12:39][UNIFIED]   blocker:       "updatedAt": "2026-08-28T06:11:09.234Z",
[2026-08-28 09:12:39][UNIFIED]   blocker:       "firstSeenAt": "2026-08-25T18:26:48.908Z",
[2026-08-28 09:12:39][UNIFIED]   blocker:       "attempts": 0,
[2026-08-28 09:12:39][UNIFIED]   blocker:       "reason": "adb is not available or no physical Android evidence can be collected",
[2026-08-28 09:12:39][UNIFIED]   blocker:       "nextRunAt": "2026-08-28T06:26:09.234Z"
[2026-08-28 09:12:39][UNIFIED]   blocker:     },
[2026-08-28 09:12:39][UNIFIED]   blocker:     "fresh-ios-device": {
[2026-08-28 09:12:39][UNIFIED]   blocker:       "id": "fresh-ios-device",
[2026-08-28 09:12:39][UNIFIED]   blocker:       "status": "waiting",
[2026-08-28 09:12:39][UNIFIED]   blocker:       "updatedAt": "2026-08-28T06:11:09.382Z",
[2026-08-28 09:12:39][UNIFIED]   blocker:       "firstSeenAt": "2026-08-25T18:26:49.092Z",
[2026-08-28 09:12:39][UNIFIED]   blocker:       "attempts": 0,
[2026-08-28 09:12:39][UNIFIED]   blocker:       "reason": "No physical iOS probe available on win32; simulator/fake evidence is forbidden",
[2026-08-28 09:12:39][UNIFIED]   blocker:       "nextRunAt": "2026-08-28T06:26:09.382Z"
[2026-08-28 09:12:39][UNIFIED]   blocker:     },
[2026-08-28 09:12:39][UNIFIED]   blocker:     "remote-cas-peer": {
[2026-08-28 09:12:39][UNIFIED]   blocker:       "id": "remote-cas-peer",
[2026-08-28 09:12:39][UNIFIED]   blocker:       "status": "waiting",
[2026-08-28 09:12:39][UNIFIED]   blocker:       "updatedAt": "2026-08-28T06:11:09.383Z",
[2026-08-28 09:12:39][UNIFIED]   blocker:       "firstSeenAt": "2026-08-25T18:26:49.094Z",
[2026-08-28 09:12:39][UNIFIED]   blocker:       "attempts": 0,
[2026-08-28 09:12:39][UNIFIED]   blocker:       "reason": "WORLD_SERVER_REMOTE_CAS_URL/REMOTE_CAS_URL not configured; localhost is not accepted as remote evidence",
[2026-08-28 09:12:39][UNIFIED]   blocker:       "nextRunAt": "2026-08-28T06:26:09.383Z"
[2026-08-28 09:12:39][UNIFIED]   blocker:     },
[2026-08-28 09:12:39][UNIFIED]   blocker:     "fenced-migration": {
[2026-08-28 09:12:39][UNIFIED]   blocker:       "id": "fenced-migration",
[2026-08-28 09:12:39][UNIFIED]   blocker:       "status": "pass",
[2026-08-28 09:12:39][UNIFIED]   blocker:       "updatedAt": "2026-08-28T06:11:09.485Z",
[2026-08-28 09:12:39][UNIFIED]   blocker:       "firstSeenAt": "2026-08-25T18:26:49.096Z",
[2026-08-28 09:12:39][UNIFIED]   blocker:       "attempts": 2,
[2026-08-28 09:12:39][UNIFIED]   blocker:       "reason": "C:\\Program Files\\nodejs\\node.exe C:\\Users\\user\\Desktop\\World_server\\scripts\\migration-fencing-verifier.cjs PASS",
[2026-08-28 09:12:39][UNIFIED]   blocker:       "attempted": true,
[2026-08-28 09:12:39][UNIFIED]   blocker:       "outputTail": "{\n  \"schemaVersion\": \"7.5.0\",\n  \"generatedAt\": \"2026-08-26T00:52:32.557Z\",\n  \"pass\": false,\n  \"selftest\": {\n    \"pass\": false,\n    \"ok\": {\n      \"pass\": false,\n      \"errors\": [\n        \"wrong-migration-strategy\"\n      ],\n      \"currentFencingToken\": 8,\n      \"callerFencingToken\": 8\n    },\n    \"stale\": {\n      \"pass\": false,\n      \"errors\": [\n        \"wrong-migration-strategy\"\n      ],\n      \"currentFencingToken\": 8,\n      \"callerFencingToken\": 7\n    },\n    \"early\": {\n      \"pass\": false,\n      \"errors\": [\n        \"wrong-migration-strategy\"\n      ],\n      \"currentFencingToken\": 8,\n      \"callerFencingToken\": 8\n    }\n  },\n  \"liveConfigured\": false,\n  \"liveVerified\": false,\n  \"live\": {\n    \"pass\": false,\n    \"errors\": [\n      \"no-live-migration-plan\"\n    ]\n  }\n}"
[2026-08-28 09:12:39][UNIFIED]   blocker:     },
[2026-08-28 09:12:39][UNIFIED]   blocker:     "local-gates": {
[2026-08-28 09:12:39][UNIFIED]   blocker:       "id": "local-gates",
[2026-08-28 09:12:39][UNIFIED]   blocker:       "status": "requires_ai",
[2026-08-28 09:12:39][UNIFIED]   blocker:       "updatedAt": "2026-08-28T06:12:38.283Z",
[2026-08-28 09:12:39][UNIFIED]   blocker:       "firstSeenAt": "2026-08-25T18:26:49.102Z",
[2026-08-28 09:12:39][UNIFIED]   blocker:       "attempts": 0,
[2026-08-28 09:12:39][UNIFIED]   blocker:       "reason": "3/6 gates PASS"
[2026-08-28 09:12:39][UNIFIED]   blocker:     },
[2026-08-28 09:12:39][UNIFIED]   blocker:     "vercel-deployment": {
[2026-08-28 09:12:39][UNIFIED]   blocker:       "id": "vercel-deployment",
[2026-08-28 09:12:39][UNIFIED]   blocker:       "status": "requires_ai",
[2026-08-28 09:12:39][UNIFIED]   blocker:       "updatedAt": "2026-08-28T06:12:38.902Z",
[2026-08-28 09:12:39][UNIFIED]   blocker:       "firstSeenAt": "2026-08-25T18:26:49.867Z",
[2026-08-28 09:12:39][UNIFIED]   blocker:       "attempts": 3,
[2026-08-28 09:12:39][UNIFIED]   blocker:       "reason": "Vercel state=failure: Deployment has failed тАФ run this Vercel CLI command: npx vercel inspect dpl_Aj3i3utqGYSh85RWWd7nTqUaUF5S --logs",
[2026-08-28 09:12:39][UNIFIED]   blocker:       "targetUrl": "https://vercel.com/improve-world/improve-world-home/Aj3i3utqGYSh85RWWd7nTqUaUF5S",
[2026-08-28 09:12:39][UNIFIED]   blocker:       "attempted": true,
[2026-08-28 09:12:39][UNIFIED]   blocker:       "deploymentId": "dpl_Aj3i3utqGYSh85RWWd7nTqUaUF5S",
[2026-08-28 09:12:39][UNIFIED]   blocker:       "outputTail": "",
[2026-08-28 09:12:39][UNIFIED]   blocker:       "nextRunAt": null
[2026-08-28 09:12:39][UNIFIED]   blocker:     },
[2026-08-28 09:12:39][UNIFIED]   blocker:     "8h-long-soak": {
[2026-08-28 09:12:39][UNIFIED]   blocker:       "id": "8h-long-soak",
[2026-08-28 09:12:39][UNIFIED]   blocker:       "status": "waiting",
[2026-08-28 09:12:39][UNIFIED]   blocker:       "updatedAt": "2026-08-28T06:12:38.913Z",
[2026-08-28 09:12:39][UNIFIED]   blocker:       "firstSeenAt": "2026-08-25T18:26:49.872Z",
[2026-08-28 09:12:39][UNIFIED]   blocker:       "attempts": 2,
[2026-08-28 09:12:39][UNIFIED]   blocker:       "reason": "Long-soak will start only after deterministic local prerequisites are green",
[2026-08-28 09:12:39][UNIFIED]   blocker:       "nextRunAt": "2026-08-28T06:27:38.912Z",
[2026-08-28 09:12:39][UNIFIED]   blocker:       "attempted": true
[2026-08-28 09:12:39][UNIFIED]   blocker:     }
[2026-08-28 09:12:39][UNIFIED]   blocker:   }
[2026-08-28 09:12:39][UNIFIED]   blocker: }
[2026-08-28 09:12:39][UNIFIED] Step 3: verification
[2026-08-28 09:12:39][UNIFIED]   verify: [CONTROL_PLANE] PASS toolchain-security
[2026-08-28 09:12:39][UNIFIED]   verify: [CONTROL_PLANE] PASS toolchain-health
[2026-08-28 09:12:39][UNIFIED]   verify: [CONTROL_PLANE] PASS telemetry
[2026-08-28 09:12:40][UNIFIED]   verify: [CONTROL_PLANE] FAIL snapshot:     at Module._load (node:internal/modules/cjs/loader:1355:12)
[2026-08-28 09:12:40][UNIFIED]   verify: [CONTROL_PLANE] PASS native-ast-dataflow
[2026-08-28 09:12:41][UNIFIED]   verify: [CONTROL_PLANE] PASS semantic-graph
[2026-08-28 09:12:41][UNIFIED]   verify: [CONTROL_PLANE] PASS change-impact
[2026-08-28 09:12:42][UNIFIED]   verify: [CONTROL_PLANE] PASS assets
[2026-08-28 09:12:42][UNIFIED]   verify: [CONTROL_PLANE] PASS project-directives
[2026-08-28 09:12:42][UNIFIED]   verify: [CONTROL_PLANE] PASS asset-ingestion-plan
[2026-08-28 09:12:42][UNIFIED]   verify: [CONTROL_PLANE] PASS technology-lock
[2026-08-28 09:12:43][UNIFIED]   verify: [CONTROL_PLANE] PASS graphics-ratchet
[2026-08-28 09:12:43][UNIFIED]   verify: [CONTROL_PLANE] PASS audio-variation
[2026-08-28 09:12:43][UNIFIED]   verify: [CONTROL_PLANE] PASS gameplay-spatial-contract
[2026-08-28 09:12:43][UNIFIED]   verify: [CONTROL_PLANE] PASS desktop-ai-report-contract
[2026-08-28 09:12:43][UNIFIED]   verify: [CONTROL_PLANE] PASS queue
[2026-08-28 09:12:44][UNIFIED]   verify: [CONTROL_PLANE] PASS config-contract
[2026-08-28 09:12:44][UNIFIED]   verify: [CONTROL_PLANE] PASS feature-flags
[2026-08-28 09:12:44][UNIFIED]   verify: [CONTROL_PLANE] PASS wit-component-contract
[2026-08-28 09:12:44][UNIFIED]   verify: [CONTROL_PLANE] PASS adapter-sandbox
[2026-08-28 09:12:44][UNIFIED]   verify: [CONTROL_PLANE] PASS secure-update
[2026-08-28 09:12:45][UNIFIED]   verify: [CONTROL_PLANE] FAIL reproducible-build: Node.js v24.15.0
[2026-08-28 09:12:45][UNIFIED]   verify: [CONTROL_PLANE] PASS model-check
[2026-08-28 09:12:46][UNIFIED]   verify: [CONTROL_PLANE] PASS cas-peer-discovery
[2026-08-28 09:12:46][UNIFIED]   verify: [CONTROL_PLANE] PASS distributed-cas
[2026-08-28 09:12:47][UNIFIED]   verify: [CONTROL_PLANE] PASS device-lab
[2026-08-28 09:12:47][UNIFIED]   verify: [CONTROL_PLANE] PASS device-executor
[2026-08-28 09:12:47][UNIFIED]   verify: [CONTROL_PLANE] PASS wit-bindings
[2026-08-28 09:12:47][UNIFIED]   verify: [CONTROL_PLANE] PASS rekor-monitor
[2026-08-28 09:12:48][UNIFIED]   verify: [CONTROL_PLANE] PASS technology-consensus
[2026-08-28 09:12:48][UNIFIED]   verify: [CONTROL_PLANE] PASS sbom
[2026-08-28 09:12:52][UNIFIED]   verify: [CONTROL_PLANE] PASS legacy-evidence-factory
[2026-08-28 09:12:52][UNIFIED]   verify: [CONTROL_PLANE] PASS slo-error-budget
[2026-08-28 09:12:53][UNIFIED]   verify: [CONTROL_PLANE] PASS db-migration-coordinator
[2026-08-28 09:12:53][UNIFIED]   verify: [CONTROL_PLANE] PASS asset-delta
[2026-08-28 09:12:53][UNIFIED]   verify: [CONTROL_PLANE] PASS integration-gate
[2026-08-28 09:12:55][UNIFIED]   verify: [CONTROL_PLANE] PASS disaster-recovery-verify
[2026-08-28 09:12:55][UNIFIED]   verify: [CONTROL_PLANE] PASS provenance
[2026-08-28 09:12:56][UNIFIED]   verify: [CONTROL_PLANE] PASS supply-chain-signing
[2026-08-28 09:12:56][UNIFIED]   verify: [CONTROL_PLANE] PASS policy
[2026-08-28 09:12:57][UNIFIED]   verify: [CONTROL_PLANE] PASS chaos-safety
[2026-08-28 09:12:57][UNIFIED]   verify: [CONTROL_PLANE] PASS orchestrator-monitor-lifecycle
[2026-08-28 09:12:57][UNIFIED]   verify: [CONTROL_PLANE] PASS orchestrator-patch-safety
[2026-08-28 09:12:57][UNIFIED]   verify: [CONTROL_PLANE] PASS orchestrator-minimal-repro
[2026-08-28 09:12:57][UNIFIED]   verify: [CONTROL_PLANE] PASS orchestrator-invariant-model
[2026-08-28 09:12:57][UNIFIED]   verify: [CONTROL_PLANE] PASS orchestrator-supervisor-negative
[2026-08-28 09:12:57][UNIFIED]   verify: [CONTROL_PLANE] PASS orchestrator-supervisor
[2026-08-28 09:12:58][UNIFIED]   verify: [CONTROL_PLANE] PASS capability-scheduler
[2026-08-28 09:12:58][UNIFIED]   verify: [CONTROL_PLANE] PASS cas-redundancy
[2026-08-28 09:12:58][UNIFIED]   verify: [CONTROL_PLANE] PASS device-worker
[2026-08-28 09:12:58][UNIFIED]   verify: [CONTROL_PLANE] PASS record-replay
[2026-08-28 09:12:58][UNIFIED]   verify: [CONTROL_PLANE] PASS dependency-security
[2026-08-28 09:12:58][UNIFIED]   verify: [CONTROL_PLANE] PASS transactional-deploy
[2026-08-28 09:12:58][UNIFIED]   verify: [CONTROL_PLANE] PASS enhancement-orchestrator
[2026-08-28 09:12:58][UNIFIED]   verify: [CONTROL_PLANE] PASS leader-lease-health
[2026-08-28 09:12:59][UNIFIED]   verify: [CONTROL_PLANE] PASS leader-lease-selftest
[2026-08-28 09:12:59][UNIFIED]   verify: [CONTROL_PLANE] PASS production-safety-health
[2026-08-28 09:12:59][UNIFIED]   verify: [CONTROL_PLANE] PASS production-safety-selftest
[2026-08-28 09:12:59][UNIFIED]   verify: [CONTROL_PLANE] PASS soak-chaos
[2026-08-28 09:12:59][UNIFIED]   verify: [CONTROL_PLANE] PASS crash-diagnostics
[2026-08-28 09:12:59][UNIFIED]   verify: [CONTROL_PLANE] PASS crash-diagnostics-selftest
[2026-08-28 09:12:59][UNIFIED]   verify: [CONTROL_PLANE] PASS causal-debugger
[2026-08-28 09:12:59][UNIFIED]   verify: [CONTROL_PLANE] PASS cas-replication-controller
[2026-08-28 09:13:00][UNIFIED]   verify: [CONTROL_PLANE] PASS physical-device-fleet
[2026-08-28 09:13:00][UNIFIED]   verify: [CONTROL_PLANE] PASS production-slo-autopilot
[2026-08-28 09:13:00][UNIFIED]   verify: [CONTROL_PLANE] PASS migration-fencing-runtime
[2026-08-28 09:13:00][UNIFIED]   verify: [CONTROL_PLANE] PASS long-soak-smoke
[2026-08-28 09:13:01][UNIFIED]   verify: [CONTROL_PLANE] PASS native-causal-collector
[2026-08-28 09:13:04][UNIFIED]   verify: [CONTROL_PLANE] PASS selftest
[2026-08-28 09:13:05][UNIFIED]   verify: [CONTROL_PLANE] PASS honest-100-functions
[2026-08-28 09:13:05][UNIFIED]   verify: [CONTROL_PLANE] PASS function-contract-coverage
[2026-08-28 09:13:06][UNIFIED]   verify: [CONTROL_PLANE] PASS monotonic-100-guard
[2026-08-28 09:13:06][UNIFIED]   verify: [CONTROL_PLANE] PASS orchestrator-continuity
[2026-08-28 09:13:06][UNIFIED]   verify: [CONTROL_PLANE] PASS release-promotion
[2026-08-28 09:13:07][UNIFIED]   verify: [CONTROL_PLANE] PASS readiness
[2026-08-28 09:13:07][UNIFIED]   verify: [CONTROL_PLANE] FAIL 73/75 trace=380361ef9da238f9540f71a072936ca5
[2026-08-28 09:13:07][UNIFIED] === UNIFIED TICK END ===
[2026-08-28 09:13:07][UNIFIED] state nextRunAt=2026-08-28T06:26:09.234Z blockers pass= requires_ai= waiting= mergeSafe=False
[2026-08-28 09:13:07][UNIFIED] LOCK released
[2026-08-28 09:21:17][UNIFIED] LOCK acquired C:\Users\user\Desktop\World_server\state\blocker-repair\unified.lock
[2026-08-28 09:21:17][UNIFIED] === UNIFIED TICK START quality_autoloop -> supervisor poll -> blocker-repair -> verification ===
[2026-08-28 09:21:17][UNIFIED] Step 1: quality_autoloop
[2026-08-28 09:21:17][UNIFIED]   autoloop: [2026-08-28 09:21:17] === AUTOLOOP TICK START ===
[2026-08-28 09:21:17][UNIFIED]   autoloop: [2026-08-28 09:21:17]   guard: [MIGRATION_GUARD] PASS 110 migrations digest 36bdee3ba6de92a5b277da9c94cf03259534603b94db1b5890b0555a14204ede latest 20260826140000_ai_supervisor_control_plane.sql
[2026-08-28 09:21:17][UNIFIED]   autoloop: [2026-08-28 09:21:17] LOCAL migrations match the committed guard (scripts/check-supabase-migrations.js) - OK
[2026-08-28 09:21:17][UNIFIED]   autoloop: [2026-08-28 09:21:17] commits ahead of master: 10 (need PR if >0)
[2026-08-28 09:21:17][UNIFIED]   autoloop: [2026-08-28 09:21:17] PLUGIN DISCOVER: [2026-08-28T06:21:17.671Z] OK cannon-es already installed (MIT) impact 80%
[2026-08-28 09:21:17][UNIFIED]   autoloop: [2026-08-28T06:21:17.676Z] OK comlink already installed (Apache-2.0) impact 65%
[2026-08-28 09:21:17][UNIFIED]   autoloop: [2026-08-28T06:21:17.677Z] OK idb-keyval already installed (Apache-2.0) impact 55%
[2026-08-28 09:21:17][UNIFIED]   autoloop: [2026-08-28T06:21:17.677Z] OK sharp already installed (Apache-2.0) impact 70%
[2026-08-28 09:21:17][UNIFIED]   autoloop: [2026-08-28T06:21:17.678Z] OK msw already installed (MIT) impact 60%
[2026-08-28 09:21:17][UNIFIED]   autoloop: [2026-08-28T06:21:17.678Z] OK zod already installed (MIT) impact 55%
[2026-08-28 09:21:17][UNIFIED]   autoloop: [2026-08-28T06:21:17.679Z] Wrote QUALITY_PLUGIN_CANDIDATES.json
[2026-08-28 09:21:17][UNIFIED]   autoloop: 
[2026-08-28 09:21:17][UNIFIED]   autoloop: [2026-08-28 09:21:17] PLUGIN AUTO-WIRE tick done
[2026-08-28 09:21:17][UNIFIED]   autoloop: [2026-08-28 09:21:17] === AUTOLOOP TICK END ===
[2026-08-28 09:23:44][UNIFIED]   autoloop: {
[2026-08-28 09:23:44][UNIFIED]   autoloop:   "pass": false,
[2026-08-28 09:23:44][UNIFIED]   autoloop:   "version": "1.0.0",
[2026-08-28 09:23:44][UNIFIED]   autoloop:   "cycle": 16,
[2026-08-28 09:23:44][UNIFIED]   autoloop:   "counts": {
[2026-08-28 09:23:44][UNIFIED]   autoloop:     "pass": 7,
[2026-08-28 09:23:44][UNIFIED]   autoloop:     "waiting": 4,
[2026-08-28 09:23:44][UNIFIED]   autoloop:     "requires_ai": 2
[2026-08-28 09:23:44][UNIFIED]   autoloop:   },
[2026-08-28 09:23:44][UNIFIED]   autoloop:   "gatesPass": false,
[2026-08-28 09:23:44][UNIFIED]   autoloop:   "mergeSafe": false,
[2026-08-28 09:23:44][UNIFIED]   autoloop:   "nextRunAt": "2026-08-28T06:36:24.814Z",
[2026-08-28 09:23:44][UNIFIED]   autoloop:   "aiAction": "state\\blocker-repair\\DESKTOP_AI_NEXT_ACTION.md",
[2026-08-28 09:23:44][UNIFIED]   autoloop:   "blockers": {
[2026-08-28 09:23:44][UNIFIED]   autoloop:     "durable-scheduler": {
[2026-08-28 09:23:44][UNIFIED]   autoloop:       "id": "durable-scheduler",
[2026-08-28 09:23:44][UNIFIED]   autoloop:       "status": "pass",
[2026-08-28 09:23:44][UNIFIED]   autoloop:       "updatedAt": "2026-08-28T06:19:04.187Z",
[2026-08-28 09:23:44][UNIFIED]   autoloop:       "firstSeenAt": "2026-08-25T18:26:36.133Z",
[2026-08-28 09:23:44][UNIFIED]   autoloop:       "attempts": 0,
[2026-08-28 09:23:44][UNIFIED]   autoloop:       "reason": "Reused existing autoloop scripts\\quality-autoloop-tick.ps1"
[2026-08-28 09:23:44][UNIFIED]   autoloop:     },
[2026-08-28 09:23:44][UNIFIED]   autoloop:     "toolchain-bootstrap": {
[2026-08-28 09:23:44][UNIFIED]   autoloop:       "id": "toolchain-bootstrap",
[2026-08-28 09:23:44][UNIFIED]   autoloop:       "status": "pass",
[2026-08-28 09:23:44][UNIFIED]   autoloop:       "updatedAt": "2026-08-28T06:21:18.331Z",
[2026-08-28 09:23:44][UNIFIED]   autoloop:       "firstSeenAt": "2026-08-25T18:26:37.199Z",
[2026-08-28 09:23:44][UNIFIED]   autoloop:       "attempts": 3,
[2026-08-28 09:23:44][UNIFIED]   autoloop:       "reason": "Existing bootstrap PASS",
[2026-08-28 09:23:44][UNIFIED]   autoloop:       "attempted": true,
[2026-08-28 09:23:44][UNIFIED]   autoloop:       "outputTail": "[TOOLCHAIN_V6] FAIL TypeError: Cannot read properties of undefined (reading 'typescript')\n    at main (C:\\Users\\user\\Desktop\\World_server\\scripts\\toolchain-bootstrap.cjs:16:468)\n    at Object.<anonymous> (C:\\Users\\user\\Desktop\\World_server\\scripts\\toolchain-bootstrap.cjs:17:26)\n    at Module._compile (node:internal/modules/cjs/loader:1830:14)\n    at Object..js (node:internal/modules/cjs/loader:1961:10)\n    at Module.load (node:internal/modules/cjs/loader:1553:32)\n    at Module._load (node:internal/modules/cjs/loader:1355:12)\n    at wrapModuleLoad (node:internal/modules/cjs/loader:255:19)\n    at Module.executeUserEntryPoint [as runMain] (node:internal/modules/run_main:154:5)\n    at node:internal/main/run_main_module:33:47",
[2026-08-28 09:23:44][UNIFIED]   autoloop:       "nextRunAt": null
[2026-08-28 09:23:44][UNIFIED]   autoloop:     },
[2026-08-28 09:23:44][UNIFIED]   autoloop:     "wasmtime": {
[2026-08-28 09:23:44][UNIFIED]   autoloop:       "id": "wasmtime",
[2026-08-28 09:23:44][UNIFIED]   autoloop:       "status": "pass",
[2026-08-28 09:23:44][UNIFIED]   autoloop:       "updatedAt": "2026-08-28T06:21:18.363Z",
[2026-08-28 09:23:44][UNIFIED]   autoloop:       "firstSeenAt": "2026-08-25T18:26:37.249Z",
[2026-08-28 09:23:44][UNIFIED]   autoloop:       "attempts": 0,
[2026-08-28 09:23:44][UNIFIED]   autoloop:       "reason": "wasmtime 27.0.0 (8eefa236f 2024-11-20)"
[2026-08-28 09:23:44][UNIFIED]   autoloop:     },
[2026-08-28 09:23:44][UNIFIED]   autoloop:     "tlc": {
[2026-08-28 09:23:44][UNIFIED]   autoloop:       "id": "tlc",
[2026-08-28 09:23:44][UNIFIED]   autoloop:       "status": "pass",
[2026-08-28 09:23:44][UNIFIED]   autoloop:       "updatedAt": "2026-08-28T06:21:18.751Z",
[2026-08-28 09:23:44][UNIFIED]   autoloop:       "firstSeenAt": "2026-08-25T18:26:37.249Z",
[2026-08-28 09:23:44][UNIFIED]   autoloop:       "attempts": 0,
[2026-08-28 09:23:44][UNIFIED]   autoloop:       "reason": "TLC native Java invocation verified"
[2026-08-28 09:23:44][UNIFIED]   autoloop:     },
[2026-08-28 09:23:44][UNIFIED]   autoloop:     "native-cosign": {
[2026-08-28 09:23:44][UNIFIED]   autoloop:       "id": "native-cosign",
[2026-08-28 09:23:44][UNIFIED]   autoloop:       "status": "pass",
[2026-08-28 09:23:44][UNIFIED]   autoloop:       "updatedAt": "2026-08-28T06:21:18.846Z",
[2026-08-28 09:23:44][UNIFIED]   autoloop:       "firstSeenAt": "2026-08-25T18:26:37.555Z",
[2026-08-28 09:23:44][UNIFIED]   autoloop:       "attempts": 0,
[2026-08-28 09:23:44][UNIFIED]   autoloop:       "reason": "Compiler:      gc\nPlatform:      windows/amd64"
[2026-08-28 09:23:44][UNIFIED]   autoloop:     },
[2026-08-28 09:23:44][UNIFIED]   autoloop:     "etw-ebpf-perf": {
[2026-08-28 09:23:44][UNIFIED]   autoloop:       "id": "etw-ebpf-perf",
[2026-08-28 09:23:44][UNIFIED]   autoloop:       "status": "pass",
[2026-08-28 09:23:44][UNIFIED]   autoloop:       "updatedAt": "2026-08-28T06:21:24.536Z",
[2026-08-28 09:23:44][UNIFIED]   autoloop:       "firstSeenAt": "2026-08-25T18:26:48.732Z",
[2026-08-28 09:23:44][UNIFIED]   autoloop:       "attempts": 0,
[2026-08-28 09:23:44][UNIFIED]   autoloop:       "reason": "Real Windows ETW/WPR capability evidence collected; eBPF/perf not falsely required on Windows"
[2026-08-28 09:23:44][UNIFIED]   autoloop:     },
[2026-08-28 09:23:44][UNIFIED]   autoloop:     "fresh-android-device": {
[2026-08-28 09:23:44][UNIFIED]   autoloop:       "id": "fresh-android-device",
[2026-08-28 09:23:44][UNIFIED]   autoloop:       "status": "waiting",
[2026-08-28 09:23:44][UNIFIED]   autoloop:       "updatedAt": "2026-08-28T06:21:24.814Z",
[2026-08-28 09:23:44][UNIFIED]   autoloop:       "firstSeenAt": "2026-08-25T18:26:48.908Z",
[2026-08-28 09:23:44][UNIFIED]   autoloop:       "attempts": 0,
[2026-08-28 09:23:44][UNIFIED]   autoloop:       "reason": "adb is not available or no physical Android evidence can be collected",
[2026-08-28 09:23:44][UNIFIED]   autoloop:       "nextRunAt": "2026-08-28T06:36:24.814Z"
[2026-08-28 09:23:44][UNIFIED]   autoloop:     },
[2026-08-28 09:23:44][UNIFIED]   autoloop:     "fresh-ios-device": {
[2026-08-28 09:23:44][UNIFIED]   autoloop:       "id": "fresh-ios-device",
[2026-08-28 09:23:44][UNIFIED]   autoloop:       "status": "waiting",
[2026-08-28 09:23:44][UNIFIED]   autoloop:       "updatedAt": "2026-08-28T06:21:25.017Z",
[2026-08-28 09:23:44][UNIFIED]   autoloop:       "firstSeenAt": "2026-08-25T18:26:49.092Z",
[2026-08-28 09:23:44][UNIFIED]   autoloop:       "attempts": 0,
[2026-08-28 09:23:44][UNIFIED]   autoloop:       "reason": "No physical iOS probe available on win32; simulator/fake evidence is forbidden",
[2026-08-28 09:23:44][UNIFIED]   autoloop:       "nextRunAt": "2026-08-28T06:36:25.017Z"
[2026-08-28 09:23:44][UNIFIED]   autoloop:     },
[2026-08-28 09:23:44][UNIFIED]   autoloop:     "remote-cas-peer": {
[2026-08-28 09:23:44][UNIFIED]   autoloop:       "id": "remote-cas-peer",
[2026-08-28 09:23:44][UNIFIED]   autoloop:       "status": "waiting",
[2026-08-28 09:23:44][UNIFIED]   autoloop:       "updatedAt": "2026-08-28T06:21:25.019Z",
[2026-08-28 09:23:44][UNIFIED]   autoloop:       "firstSeenAt": "2026-08-25T18:26:49.094Z",
[2026-08-28 09:23:44][UNIFIED]   autoloop:       "attempts": 0,
[2026-08-28 09:23:44][UNIFIED]   autoloop:       "reason": "WORLD_SERVER_REMOTE_CAS_URL/REMOTE_CAS_URL not configured; localhost is not accepted as remote evidence",
[2026-08-28 09:23:44][UNIFIED]   autoloop:       "nextRunAt": "2026-08-28T06:36:25.019Z"
[2026-08-28 09:23:44][UNIFIED]   autoloop:     },
[2026-08-28 09:23:44][UNIFIED]   autoloop:     "fenced-migration": {
[2026-08-28 09:23:44][UNIFIED]   autoloop:       "id": "fenced-migration",
[2026-08-28 09:23:44][UNIFIED]   autoloop:       "status": "pass",
[2026-08-28 09:23:44][UNIFIED]   autoloop:       "updatedAt": "2026-08-28T06:21:25.156Z",
[2026-08-28 09:23:44][UNIFIED]   autoloop:       "firstSeenAt": "2026-08-25T18:26:49.096Z",
[2026-08-28 09:23:44][UNIFIED]   autoloop:       "attempts": 2,
[2026-08-28 09:23:44][UNIFIED]   autoloop:       "reason": "C:\\Program Files\\nodejs\\node.exe C:\\Users\\user\\Desktop\\World_server\\scripts\\migration-fencing-verifier.cjs PASS",
[2026-08-28 09:23:44][UNIFIED]   autoloop:       "attempted": true,
[2026-08-28 09:23:44][UNIFIED]   autoloop:       "outputTail": "{\n  \"schemaVersion\": \"7.5.0\",\n  \"generatedAt\": \"2026-08-26T00:52:32.557Z\",\n  \"pass\": false,\n  \"selftest\": {\n    \"pass\": false,\n    \"ok\": {\n      \"pass\": false,\n      \"errors\": [\n        \"wrong-migration-strategy\"\n      ],\n      \"currentFencingToken\": 8,\n      \"callerFencingToken\": 8\n    },\n    \"stale\": {\n      \"pass\": false,\n      \"errors\": [\n        \"wrong-migration-strategy\"\n      ],\n      \"currentFencingToken\": 8,\n      \"callerFencingToken\": 7\n    },\n    \"early\": {\n      \"pass\": false,\n      \"errors\": [\n        \"wrong-migration-strategy\"\n      ],\n      \"currentFencingToken\": 8,\n      \"callerFencingToken\": 8\n    }\n  },\n  \"liveConfigured\": false,\n  \"liveVerified\": false,\n  \"live\": {\n    \"pass\": false,\n    \"errors\": [\n      \"no-live-migration-plan\"\n    ]\n  }\n}"
[2026-08-28 09:23:44][UNIFIED]   autoloop:     },
[2026-08-28 09:23:44][UNIFIED]   autoloop:     "local-gates": {
[2026-08-28 09:23:44][UNIFIED]   autoloop:       "id": "local-gates",
[2026-08-28 09:23:44][UNIFIED]   autoloop:       "status": "requires_ai",
[2026-08-28 09:23:44][UNIFIED]   autoloop:       "updatedAt": "2026-08-28T06:23:43.771Z",
[2026-08-28 09:23:44][UNIFIED]   autoloop:       "firstSeenAt": "2026-08-25T18:26:49.102Z",
[2026-08-28 09:23:44][UNIFIED]   autoloop:       "attempts": 0,
[2026-08-28 09:23:44][UNIFIED]   autoloop:       "reason": "2/6 gates PASS"
[2026-08-28 09:23:44][UNIFIED]   autoloop:     },
[2026-08-28 09:23:44][UNIFIED]   autoloop:     "vercel-deployment": {
[2026-08-28 09:23:44][UNIFIED]   autoloop:       "id": "vercel-deployment",
[2026-08-28 09:23:44][UNIFIED]   autoloop:       "status": "requires_ai",
[2026-08-28 09:23:44][UNIFIED]   autoloop:       "updatedAt": "2026-08-28T06:23:44.368Z",
[2026-08-28 09:23:44][UNIFIED]   autoloop:       "firstSeenAt": "2026-08-25T18:26:49.867Z",
[2026-08-28 09:23:44][UNIFIED]   autoloop:       "attempts": 4,
[2026-08-28 09:23:44][UNIFIED]   autoloop:       "reason": "Vercel state=failure: Deployment has failed тАФ run this Vercel CLI command: npx vercel inspect dpl_9NR4ew4CkcmFxdhgMMmG4hYvxD3D --logs",
[2026-08-28 09:23:44][UNIFIED]   autoloop:       "targetUrl": "https://vercel.com/improve-world/improve-world-home-git/9NR4ew4CkcmFxdhgMMmG4hYvxD3D",
[2026-08-28 09:23:44][UNIFIED]   autoloop:       "attempted": true,
[2026-08-28 09:23:44][UNIFIED]   autoloop:       "deploymentId": "dpl_9NR4ew4CkcmFxdhgMMmG4hYvxD3D",
[2026-08-28 09:23:44][UNIFIED]   autoloop:       "outputTail": "",
[2026-08-28 09:23:44][UNIFIED]   autoloop:       "nextRunAt": null
[2026-08-28 09:23:44][UNIFIED]   autoloop:     },
[2026-08-28 09:23:44][UNIFIED]   autoloop:     "8h-long-soak": {
[2026-08-28 09:23:44][UNIFIED]   autoloop:       "id": "8h-long-soak",
[2026-08-28 09:23:44][UNIFIED]   autoloop:       "status": "waiting",
[2026-08-28 09:23:44][UNIFIED]   autoloop:       "updatedAt": "2026-08-28T06:23:44.377Z",
[2026-08-28 09:23:44][UNIFIED]   autoloop:       "firstSeenAt": "2026-08-25T18:26:49.872Z",
[2026-08-28 09:23:44][UNIFIED]   autoloop:       "attempts": 2,
[2026-08-28 09:23:44][UNIFIED]   autoloop:       "reason": "Long-soak will start only after deterministic local prerequisites are green",
[2026-08-28 09:23:44][UNIFIED]   autoloop:       "nextRunAt": "2026-08-28T06:38:44.377Z",
[2026-08-28 09:23:44][UNIFIED]   autoloop:       "attempted": true
[2026-08-28 09:23:44][UNIFIED]   autoloop:     }
[2026-08-28 09:23:44][UNIFIED]   autoloop:   }
[2026-08-28 09:23:44][UNIFIED]   autoloop: }
[2026-08-28 09:23:44][UNIFIED] Step 1b: supervisor advisory poll
[2026-08-28 09:23:44][UNIFIED]   supervisor: ADVISORY READ: PASS (0 pending)
[2026-08-28 09:23:44][UNIFIED]   supervisor: No pending advisories
[2026-08-28 09:23:44][UNIFIED] Step 2: blocker-repair tick
[2026-08-28 09:26:10][UNIFIED]   blocker: {
[2026-08-28 09:26:10][UNIFIED]   blocker:   "pass": false,
[2026-08-28 09:26:10][UNIFIED]   blocker:   "version": "1.0.0",
[2026-08-28 09:26:10][UNIFIED]   blocker:   "cycle": 17,
[2026-08-28 09:26:10][UNIFIED]   blocker:   "counts": {
[2026-08-28 09:26:10][UNIFIED]   blocker:     "pass": 7,
[2026-08-28 09:26:10][UNIFIED]   blocker:     "waiting": 4,
[2026-08-28 09:26:10][UNIFIED]   blocker:     "requires_ai": 2
[2026-08-28 09:26:10][UNIFIED]   blocker:   },
[2026-08-28 09:26:10][UNIFIED]   blocker:   "gatesPass": false,
[2026-08-28 09:26:10][UNIFIED]   blocker:   "mergeSafe": false,
[2026-08-28 09:26:10][UNIFIED]   blocker:   "nextRunAt": "2026-08-28T06:38:51.501Z",
[2026-08-28 09:26:10][UNIFIED]   blocker:   "aiAction": "state\\blocker-repair\\DESKTOP_AI_NEXT_ACTION.md",
[2026-08-28 09:26:10][UNIFIED]   blocker:   "blockers": {
[2026-08-28 09:26:10][UNIFIED]   blocker:     "durable-scheduler": {
[2026-08-28 09:26:10][UNIFIED]   blocker:       "id": "durable-scheduler",
[2026-08-28 09:26:10][UNIFIED]   blocker:       "status": "pass",
[2026-08-28 09:26:10][UNIFIED]   blocker:       "updatedAt": "2026-08-28T06:19:04.187Z",
[2026-08-28 09:26:10][UNIFIED]   blocker:       "firstSeenAt": "2026-08-25T18:26:36.133Z",
[2026-08-28 09:26:10][UNIFIED]   blocker:       "attempts": 0,
[2026-08-28 09:26:10][UNIFIED]   blocker:       "reason": "Reused existing autoloop scripts\\quality-autoloop-tick.ps1"
[2026-08-28 09:26:10][UNIFIED]   blocker:     },
[2026-08-28 09:26:10][UNIFIED]   blocker:     "toolchain-bootstrap": {
[2026-08-28 09:26:10][UNIFIED]   blocker:       "id": "toolchain-bootstrap",
[2026-08-28 09:26:10][UNIFIED]   blocker:       "status": "pass",
[2026-08-28 09:26:10][UNIFIED]   blocker:       "updatedAt": "2026-08-28T06:23:45.253Z",
[2026-08-28 09:26:10][UNIFIED]   blocker:       "firstSeenAt": "2026-08-25T18:26:37.199Z",
[2026-08-28 09:26:10][UNIFIED]   blocker:       "attempts": 3,
[2026-08-28 09:26:10][UNIFIED]   blocker:       "reason": "Existing bootstrap PASS",
[2026-08-28 09:26:10][UNIFIED]   blocker:       "attempted": true,
[2026-08-28 09:26:10][UNIFIED]   blocker:       "outputTail": "[TOOLCHAIN_V6] FAIL TypeError: Cannot read properties of undefined (reading 'typescript')\n    at main (C:\\Users\\user\\Desktop\\World_server\\scripts\\toolchain-bootstrap.cjs:16:468)\n    at Object.<anonymous> (C:\\Users\\user\\Desktop\\World_server\\scripts\\toolchain-bootstrap.cjs:17:26)\n    at Module._compile (node:internal/modules/cjs/loader:1830:14)\n    at Object..js (node:internal/modules/cjs/loader:1961:10)\n    at Module.load (node:internal/modules/cjs/loader:1553:32)\n    at Module._load (node:internal/modules/cjs/loader:1355:12)\n    at wrapModuleLoad (node:internal/modules/cjs/loader:255:19)\n    at Module.executeUserEntryPoint [as runMain] (node:internal/modules/run_main:154:5)\n    at node:internal/main/run_main_module:33:47",
[2026-08-28 09:26:10][UNIFIED]   blocker:       "nextRunAt": null
[2026-08-28 09:26:10][UNIFIED]   blocker:     },
[2026-08-28 09:26:10][UNIFIED]   blocker:     "wasmtime": {
[2026-08-28 09:26:10][UNIFIED]   blocker:       "id": "wasmtime",
[2026-08-28 09:26:10][UNIFIED]   blocker:       "status": "pass",
[2026-08-28 09:26:10][UNIFIED]   blocker:       "updatedAt": "2026-08-28T06:23:45.286Z",
[2026-08-28 09:26:10][UNIFIED]   blocker:       "firstSeenAt": "2026-08-25T18:26:37.249Z",
[2026-08-28 09:26:10][UNIFIED]   blocker:       "attempts": 0,
[2026-08-28 09:26:10][UNIFIED]   blocker:       "reason": "wasmtime 27.0.0 (8eefa236f 2024-11-20)"
[2026-08-28 09:26:10][UNIFIED]   blocker:     },
[2026-08-28 09:26:10][UNIFIED]   blocker:     "tlc": {
[2026-08-28 09:26:10][UNIFIED]   blocker:       "id": "tlc",
[2026-08-28 09:26:10][UNIFIED]   blocker:       "status": "pass",
[2026-08-28 09:26:10][UNIFIED]   blocker:       "updatedAt": "2026-08-28T06:23:45.671Z",
[2026-08-28 09:26:10][UNIFIED]   blocker:       "firstSeenAt": "2026-08-25T18:26:37.249Z",
[2026-08-28 09:26:10][UNIFIED]   blocker:       "attempts": 0,
[2026-08-28 09:26:10][UNIFIED]   blocker:       "reason": "TLC native Java invocation verified"
[2026-08-28 09:26:10][UNIFIED]   blocker:     },
[2026-08-28 09:26:10][UNIFIED]   blocker:     "native-cosign": {
[2026-08-28 09:26:10][UNIFIED]   blocker:       "id": "native-cosign",
[2026-08-28 09:26:10][UNIFIED]   blocker:       "status": "pass",
[2026-08-28 09:26:10][UNIFIED]   blocker:       "updatedAt": "2026-08-28T06:23:45.760Z",
[2026-08-28 09:26:10][UNIFIED]   blocker:       "firstSeenAt": "2026-08-25T18:26:37.555Z",
[2026-08-28 09:26:10][UNIFIED]   blocker:       "attempts": 0,
[2026-08-28 09:26:10][UNIFIED]   blocker:       "reason": "Compiler:      gc\nPlatform:      windows/amd64"
[2026-08-28 09:26:10][UNIFIED]   blocker:     },
[2026-08-28 09:26:10][UNIFIED]   blocker:     "etw-ebpf-perf": {
[2026-08-28 09:26:10][UNIFIED]   blocker:       "id": "etw-ebpf-perf",
[2026-08-28 09:26:10][UNIFIED]   blocker:       "status": "pass",
[2026-08-28 09:26:10][UNIFIED]   blocker:       "updatedAt": "2026-08-28T06:23:51.342Z",
[2026-08-28 09:26:10][UNIFIED]   blocker:       "firstSeenAt": "2026-08-25T18:26:48.732Z",
[2026-08-28 09:26:10][UNIFIED]   blocker:       "attempts": 0,
[2026-08-28 09:26:10][UNIFIED]   blocker:       "reason": "Real Windows ETW/WPR capability evidence collected; eBPF/perf not falsely required on Windows"
[2026-08-28 09:26:10][UNIFIED]   blocker:     },
[2026-08-28 09:26:10][UNIFIED]   blocker:     "fresh-android-device": {
[2026-08-28 09:26:10][UNIFIED]   blocker:       "id": "fresh-android-device",
[2026-08-28 09:26:10][UNIFIED]   blocker:       "status": "waiting",
[2026-08-28 09:26:10][UNIFIED]   blocker:       "updatedAt": "2026-08-28T06:23:51.501Z",
[2026-08-28 09:26:10][UNIFIED]   blocker:       "firstSeenAt": "2026-08-25T18:26:48.908Z",
[2026-08-28 09:26:10][UNIFIED]   blocker:       "attempts": 0,
[2026-08-28 09:26:10][UNIFIED]   blocker:       "reason": "adb is not available or no physical Android evidence can be collected",
[2026-08-28 09:26:10][UNIFIED]   blocker:       "nextRunAt": "2026-08-28T06:38:51.501Z"
[2026-08-28 09:26:10][UNIFIED]   blocker:     },
[2026-08-28 09:26:10][UNIFIED]   blocker:     "fresh-ios-device": {
[2026-08-28 09:26:10][UNIFIED]   blocker:       "id": "fresh-ios-device",
[2026-08-28 09:26:10][UNIFIED]   blocker:       "status": "waiting",
[2026-08-28 09:26:10][UNIFIED]   blocker:       "updatedAt": "2026-08-28T06:23:51.662Z",
[2026-08-28 09:26:10][UNIFIED]   blocker:       "firstSeenAt": "2026-08-25T18:26:49.092Z",
[2026-08-28 09:26:10][UNIFIED]   blocker:       "attempts": 0,
[2026-08-28 09:26:10][UNIFIED]   blocker:       "reason": "No physical iOS probe available on win32; simulator/fake evidence is forbidden",
[2026-08-28 09:26:10][UNIFIED]   blocker:       "nextRunAt": "2026-08-28T06:38:51.662Z"
[2026-08-28 09:26:10][UNIFIED]   blocker:     },
[2026-08-28 09:26:10][UNIFIED]   blocker:     "remote-cas-peer": {
[2026-08-28 09:26:10][UNIFIED]   blocker:       "id": "remote-cas-peer",
[2026-08-28 09:26:10][UNIFIED]   blocker:       "status": "waiting",
[2026-08-28 09:26:10][UNIFIED]   blocker:       "updatedAt": "2026-08-28T06:23:51.663Z",
[2026-08-28 09:26:10][UNIFIED]   blocker:       "firstSeenAt": "2026-08-25T18:26:49.094Z",
[2026-08-28 09:26:10][UNIFIED]   blocker:       "attempts": 0,
[2026-08-28 09:26:10][UNIFIED]   blocker:       "reason": "WORLD_SERVER_REMOTE_CAS_URL/REMOTE_CAS_URL not configured; localhost is not accepted as remote evidence",
[2026-08-28 09:26:10][UNIFIED]   blocker:       "nextRunAt": "2026-08-28T06:38:51.663Z"
[2026-08-28 09:26:10][UNIFIED]   blocker:     },
[2026-08-28 09:26:10][UNIFIED]   blocker:     "fenced-migration": {
[2026-08-28 09:26:10][UNIFIED]   blocker:       "id": "fenced-migration",
[2026-08-28 09:26:10][UNIFIED]   blocker:       "status": "pass",
[2026-08-28 09:26:10][UNIFIED]   blocker:       "updatedAt": "2026-08-28T06:23:51.767Z",
[2026-08-28 09:26:10][UNIFIED]   blocker:       "firstSeenAt": "2026-08-25T18:26:49.096Z",
[2026-08-28 09:26:10][UNIFIED]   blocker:       "attempts": 2,
[2026-08-28 09:26:10][UNIFIED]   blocker:       "reason": "C:\\Program Files\\nodejs\\node.exe C:\\Users\\user\\Desktop\\World_server\\scripts\\migration-fencing-verifier.cjs PASS",
[2026-08-28 09:26:10][UNIFIED]   blocker:       "attempted": true,
[2026-08-28 09:26:10][UNIFIED]   blocker:       "outputTail": "{\n  \"schemaVersion\": \"7.5.0\",\n  \"generatedAt\": \"2026-08-26T00:52:32.557Z\",\n  \"pass\": false,\n  \"selftest\": {\n    \"pass\": false,\n    \"ok\": {\n      \"pass\": false,\n      \"errors\": [\n        \"wrong-migration-strategy\"\n      ],\n      \"currentFencingToken\": 8,\n      \"callerFencingToken\": 8\n    },\n    \"stale\": {\n      \"pass\": false,\n      \"errors\": [\n        \"wrong-migration-strategy\"\n      ],\n      \"currentFencingToken\": 8,\n      \"callerFencingToken\": 7\n    },\n    \"early\": {\n      \"pass\": false,\n      \"errors\": [\n        \"wrong-migration-strategy\"\n      ],\n      \"currentFencingToken\": 8,\n      \"callerFencingToken\": 8\n    }\n  },\n  \"liveConfigured\": false,\n  \"liveVerified\": false,\n  \"live\": {\n    \"pass\": false,\n    \"errors\": [\n      \"no-live-migration-plan\"\n    ]\n  }\n}"
[2026-08-28 09:26:10][UNIFIED]   blocker:     },
[2026-08-28 09:26:10][UNIFIED]   blocker:     "local-gates": {
[2026-08-28 09:26:10][UNIFIED]   blocker:       "id": "local-gates",
[2026-08-28 09:26:10][UNIFIED]   blocker:       "status": "requires_ai",
[2026-08-28 09:26:10][UNIFIED]   blocker:       "updatedAt": "2026-08-28T06:26:09.529Z",
[2026-08-28 09:26:10][UNIFIED]   blocker:       "firstSeenAt": "2026-08-25T18:26:49.102Z",
[2026-08-28 09:26:10][UNIFIED]   blocker:       "attempts": 0,
[2026-08-28 09:26:10][UNIFIED]   blocker:       "reason": "2/6 gates PASS"
[2026-08-28 09:26:10][UNIFIED]   blocker:     },
[2026-08-28 09:26:10][UNIFIED]   blocker:     "vercel-deployment": {
[2026-08-28 09:26:10][UNIFIED]   blocker:       "id": "vercel-deployment",
[2026-08-28 09:26:10][UNIFIED]   blocker:       "status": "requires_ai",
[2026-08-28 09:26:10][UNIFIED]   blocker:       "updatedAt": "2026-08-28T06:26:10.107Z",
[2026-08-28 09:26:10][UNIFIED]   blocker:       "firstSeenAt": "2026-08-25T18:26:49.867Z",
[2026-08-28 09:26:10][UNIFIED]   blocker:       "attempts": 5,
[2026-08-28 09:26:10][UNIFIED]   blocker:       "reason": "Vercel state=failure: Deployment has failed тАФ run this Vercel CLI command: npx vercel inspect dpl_J8MDqH4XgDFasbP9MzdVmpqjDN5n --logs",
[2026-08-28 09:26:10][UNIFIED]   blocker:       "targetUrl": "https://vercel.com/improve-world/improve-world-home/J8MDqH4XgDFasbP9MzdVmpqjDN5n",
[2026-08-28 09:26:10][UNIFIED]   blocker:       "attempted": true,
[2026-08-28 09:26:10][UNIFIED]   blocker:       "deploymentId": "dpl_J8MDqH4XgDFasbP9MzdVmpqjDN5n",
[2026-08-28 09:26:10][UNIFIED]   blocker:       "outputTail": "",
[2026-08-28 09:26:10][UNIFIED]   blocker:       "nextRunAt": null
[2026-08-28 09:26:10][UNIFIED]   blocker:     },
[2026-08-28 09:26:10][UNIFIED]   blocker:     "8h-long-soak": {
[2026-08-28 09:26:10][UNIFIED]   blocker:       "id": "8h-long-soak",
[2026-08-28 09:26:10][UNIFIED]   blocker:       "status": "waiting",
[2026-08-28 09:26:10][UNIFIED]   blocker:       "updatedAt": "2026-08-28T06:26:10.113Z",
[2026-08-28 09:26:10][UNIFIED]   blocker:       "firstSeenAt": "2026-08-25T18:26:49.872Z",
[2026-08-28 09:26:10][UNIFIED]   blocker:       "attempts": 2,
[2026-08-28 09:26:10][UNIFIED]   blocker:       "reason": "Long-soak will start only after deterministic local prerequisites are green",
[2026-08-28 09:26:10][UNIFIED]   blocker:       "nextRunAt": "2026-08-28T06:41:10.113Z",
[2026-08-28 09:26:10][UNIFIED]   blocker:       "attempted": true
[2026-08-28 09:26:10][UNIFIED]   blocker:     }
[2026-08-28 09:26:10][UNIFIED]   blocker:   }
[2026-08-28 09:26:10][UNIFIED]   blocker: }
[2026-08-28 09:26:10][UNIFIED] Step 3: verification
[2026-08-28 09:26:10][UNIFIED]   verify: [CONTROL_PLANE] PASS toolchain-security
[2026-08-28 09:26:10][UNIFIED]   verify: [CONTROL_PLANE] PASS toolchain-health
[2026-08-28 09:26:10][UNIFIED]   verify: [CONTROL_PLANE] PASS telemetry
[2026-08-28 09:26:12][UNIFIED]   verify: [CONTROL_PLANE] FAIL snapshot:     at Module._load (node:internal/modules/cjs/loader:1355:12)
[2026-08-28 09:26:12][UNIFIED]   verify: [CONTROL_PLANE] PASS native-ast-dataflow
[2026-08-28 09:26:12][UNIFIED]   verify: [CONTROL_PLANE] PASS semantic-graph
[2026-08-28 09:26:13][UNIFIED]   verify: [CONTROL_PLANE] PASS change-impact
[2026-08-28 09:26:13][UNIFIED]   verify: [CONTROL_PLANE] PASS assets
[2026-08-28 09:26:13][UNIFIED]   verify: [CONTROL_PLANE] PASS project-directives
[2026-08-28 09:26:13][UNIFIED]   verify: [CONTROL_PLANE] PASS asset-ingestion-plan
[2026-08-28 09:26:13][UNIFIED]   verify: [CONTROL_PLANE] PASS technology-lock
[2026-08-28 09:26:14][UNIFIED]   verify: [CONTROL_PLANE] PASS graphics-ratchet
[2026-08-28 09:26:14][UNIFIED]   verify: [CONTROL_PLANE] PASS audio-variation
[2026-08-28 09:26:14][UNIFIED]   verify: [CONTROL_PLANE] PASS gameplay-spatial-contract
[2026-08-28 09:26:14][UNIFIED]   verify: [CONTROL_PLANE] PASS desktop-ai-report-contract
[2026-08-28 09:26:14][UNIFIED]   verify: [CONTROL_PLANE] PASS queue
[2026-08-28 09:26:15][UNIFIED]   verify: [CONTROL_PLANE] PASS config-contract
[2026-08-28 09:26:15][UNIFIED]   verify: [CONTROL_PLANE] PASS feature-flags
[2026-08-28 09:26:15][UNIFIED]   verify: [CONTROL_PLANE] PASS wit-component-contract
[2026-08-28 09:26:15][UNIFIED]   verify: [CONTROL_PLANE] PASS adapter-sandbox
[2026-08-28 09:26:15][UNIFIED]   verify: [CONTROL_PLANE] PASS secure-update
[2026-08-28 09:26:16][UNIFIED]   verify: [CONTROL_PLANE] FAIL reproducible-build: Node.js v24.15.0
[2026-08-28 09:26:16][UNIFIED]   verify: [CONTROL_PLANE] PASS model-check
[2026-08-28 09:26:17][UNIFIED]   verify: [CONTROL_PLANE] PASS cas-peer-discovery
[2026-08-28 09:26:17][UNIFIED]   verify: [CONTROL_PLANE] PASS distributed-cas
[2026-08-28 09:26:18][UNIFIED]   verify: [CONTROL_PLANE] PASS device-lab
[2026-08-28 09:26:18][UNIFIED]   verify: [CONTROL_PLANE] PASS device-executor
[2026-08-28 09:26:18][UNIFIED]   verify: [CONTROL_PLANE] PASS wit-bindings
[2026-08-28 09:26:18][UNIFIED]   verify: [CONTROL_PLANE] PASS rekor-monitor
[2026-08-28 09:26:19][UNIFIED]   verify: [CONTROL_PLANE] PASS technology-consensus
[2026-08-28 09:26:19][UNIFIED]   verify: [CONTROL_PLANE] PASS sbom
[2026-08-28 09:26:24][UNIFIED]   verify: [CONTROL_PLANE] PASS legacy-evidence-factory
[2026-08-28 09:26:24][UNIFIED]   verify: [CONTROL_PLANE] PASS slo-error-budget
[2026-08-28 09:26:24][UNIFIED]   verify: [CONTROL_PLANE] PASS db-migration-coordinator
[2026-08-28 09:26:24][UNIFIED]   verify: [CONTROL_PLANE] PASS asset-delta
[2026-08-28 09:26:24][UNIFIED]   verify: [CONTROL_PLANE] FAIL integration-gate: [SYSTEM_INTEGRATION_V7] 99% FAIL 126/127 canonical-mesh
[2026-08-28 09:26:27][UNIFIED]   verify: [CONTROL_PLANE] PASS disaster-recovery-verify
[2026-08-28 09:26:27][UNIFIED]   verify: [CONTROL_PLANE] PASS provenance
[2026-08-28 09:26:27][UNIFIED]   verify: [CONTROL_PLANE] PASS supply-chain-signing
[2026-08-28 09:26:28][UNIFIED]   verify: [CONTROL_PLANE] FAIL policy: warning: in the working copy of 'state/multi-ai-peer-review.json', LF will be replaced by CRLF the next time Git touches it
[2026-08-28 09:26:28][UNIFIED]   verify: [CONTROL_PLANE] PASS chaos-safety
[2026-08-28 09:26:28][UNIFIED]   verify: [CONTROL_PLANE] PASS orchestrator-monitor-lifecycle
[2026-08-28 09:26:28][UNIFIED]   verify: [CONTROL_PLANE] PASS orchestrator-patch-safety
[2026-08-28 09:26:29][UNIFIED]   verify: [CONTROL_PLANE] PASS orchestrator-minimal-repro
[2026-08-28 09:26:29][UNIFIED]   verify: [CONTROL_PLANE] PASS orchestrator-invariant-model
[2026-08-28 09:26:29][UNIFIED]   verify: [CONTROL_PLANE] PASS orchestrator-supervisor-negative
[2026-08-28 09:26:29][UNIFIED]   verify: [CONTROL_PLANE] PASS orchestrator-supervisor
[2026-08-28 09:26:29][UNIFIED]   verify: [CONTROL_PLANE] PASS capability-scheduler
[2026-08-28 09:26:29][UNIFIED]   verify: [CONTROL_PLANE] PASS cas-redundancy
[2026-08-28 09:26:29][UNIFIED]   verify: [CONTROL_PLANE] PASS device-worker
[2026-08-28 09:26:30][UNIFIED]   verify: [CONTROL_PLANE] PASS record-replay
[2026-08-28 09:26:30][UNIFIED]   verify: [CONTROL_PLANE] PASS dependency-security
[2026-08-28 09:26:30][UNIFIED]   verify: [CONTROL_PLANE] PASS transactional-deploy
[2026-08-28 09:26:30][UNIFIED]   verify: [CONTROL_PLANE] PASS enhancement-orchestrator
[2026-08-28 09:26:30][UNIFIED]   verify: [CONTROL_PLANE] PASS leader-lease-health
[2026-08-28 09:26:30][UNIFIED]   verify: [CONTROL_PLANE] PASS leader-lease-selftest
[2026-08-28 09:26:30][UNIFIED]   verify: [CONTROL_PLANE] PASS production-safety-health
[2026-08-28 09:26:30][UNIFIED]   verify: [CONTROL_PLANE] PASS production-safety-selftest
[2026-08-28 09:26:30][UNIFIED]   verify: [CONTROL_PLANE] PASS soak-chaos
[2026-08-28 09:26:31][UNIFIED]   verify: [CONTROL_PLANE] PASS crash-diagnostics
[2026-08-28 09:26:31][UNIFIED]   verify: [CONTROL_PLANE] PASS crash-diagnostics-selftest
[2026-08-28 09:26:31][UNIFIED]   verify: [CONTROL_PLANE] PASS causal-debugger
[2026-08-28 09:26:31][UNIFIED]   verify: [CONTROL_PLANE] PASS cas-replication-controller
[2026-08-28 09:26:31][UNIFIED]   verify: [CONTROL_PLANE] PASS physical-device-fleet
[2026-08-28 09:26:31][UNIFIED]   verify: [CONTROL_PLANE] PASS production-slo-autopilot
[2026-08-28 09:26:32][UNIFIED]   verify: [CONTROL_PLANE] PASS migration-fencing-runtime
[2026-08-28 09:26:32][UNIFIED]   verify: [CONTROL_PLANE] PASS long-soak-smoke
[2026-08-28 09:26:33][UNIFIED]   verify: [CONTROL_PLANE] PASS native-causal-collector
[2026-08-28 09:26:36][UNIFIED]   verify: [CONTROL_PLANE] FAIL selftest: [DISTRIBUTED_CAS] PASS peers=0/0
[2026-08-28 09:26:37][UNIFIED]   verify: [CONTROL_PLANE] FAIL honest-100-functions: [HONEST_100] FAIL certified=74/76 discovered=146
[2026-08-28 09:26:37][UNIFIED]   verify: [CONTROL_PLANE] PASS function-contract-coverage
[2026-08-28 09:26:38][UNIFIED]   verify: [CONTROL_PLANE] FAIL monotonic-100-guard: [MONOTONIC_100] BLOCK previous=68 current=74 addedCaps=0
[2026-08-28 09:26:38][UNIFIED]   verify: [CONTROL_PLANE] FAIL orchestrator-continuity: [ORCHESTRATOR_CONTINUITY] FAIL 5/8
[2026-08-28 09:26:38][UNIFIED]   verify: [CONTROL_PLANE] FAIL release-promotion: [RELEASE_PROMOTION] BLOCK decision=BLOCK
[2026-08-28 09:26:39][UNIFIED]   verify: [CONTROL_PLANE] FAIL readiness: [READINESS_V75] structural=87% operational=79% evidence=89% native=8%
[2026-08-28 09:26:39][UNIFIED]   verify: [CONTROL_PLANE] FAIL 65/75 trace=62b8600c9cfc8cfc6a4e4cc57dc61b5a
[2026-08-28 09:26:39][UNIFIED] === UNIFIED TICK END ===
[2026-08-28 09:26:39][UNIFIED] state nextRunAt=2026-08-28T06:38:51.501Z blockers pass= requires_ai= waiting= mergeSafe=False
[2026-08-28 09:26:39][UNIFIED] LOCK released
